Resolved 132 packages in 1ms
Downloading pydantic-core (1.9MiB)
Downloading wandb (18.7MiB)
 Downloaded pydantic-core
 Downloaded wandb
Prepared 17 packages in 569ms
Uninstalled 18 packages in 160ms
Installed 17 packages in 227ms
 - certifi==2026.5.20
 + certifi==2025.8.3
 - charset-normalizer==3.4.7
 + charset-normalizer==3.4.3
 - click==8.4.1
 + click==8.2.1
 - gitpython==3.1.50
 + gitpython==3.1.45
 - hf-transfer==0.1.9
 - idna==3.18
 + idna==3.10
 - packaging==26.2
 + packaging==25.0
 - platformdirs==4.10.0
 + platformdirs==4.4.0
 - protobuf==7.35.0
 + protobuf==6.32.0
 - pydantic==2.13.4
 + pydantic==2.11.7
 - pydantic-core==2.46.4
 + pydantic-core==2.33.2
 - pyyaml==6.0.3
 + pyyaml==6.0.2
 - requests==2.34.2
 + requests==2.32.5
 - sentry-sdk==2.62.0
 + sentry-sdk==2.35.2
 - smmap==5.0.3
 + smmap==5.0.2
 - typing-inspection==0.4.2
 + typing-inspection==0.4.1
 - urllib3==2.7.0
 + urllib3==2.5.0
 - wandb==0.27.2
 + wandb==0.21.3
Reset report and wrote header to /root/.cache/nanochat/report/header.md
Downloading 9 shards using 4 workers...
Target directory: /root/.cache/nanochat/base_data_climbmix

Skipping /root/.cache/nanochat/base_data_climbmix/shard_00000.parquet (already exists)
Downloading shard_00004.parquet...
Skipping /root/.cache/nanochat/base_data_climbmix/shard_00001.parquet (already exists)
Downloading shard_00003.parquet...
Downloading shard_00002.parquet...
Downloading shard_00005.parquet...
Successfully downloaded shard_00003.parquet
Downloading shard_00006.parquet...
Successfully downloaded shard_00002.parquet
Downloading shard_00007.parquet...
Successfully downloaded shard_00005.parquet
Skipping /root/.cache/nanochat/base_data_climbmix/shard_06542.parquet (already exists)
Successfully downloaded shard_00004.parquet
Successfully downloaded shard_00006.parquet
Successfully downloaded shard_00007.parquet
Done! Downloaded: 9/9 shards to /root/.cache/nanochat/base_data_climbmix
Tokenizer already present at /root/.cache/nanochat/tokenizer — skipping tok_train
(set FORCE_TOKENIZER=1 to retrain).
Waiting for climbmix download...
Downloading 61 shards using 4 workers...
Target directory: /root/.cache/nanochat/base_data_climbmix

Skipping /root/.cache/nanochat/base_data_climbmix/shard_00000.parquet (already exists)Skipping /root/.cache/nanochat/base_data_climbmix/shard_00004.parquet (already exists)

Skipping /root/.cache/nanochat/base_data_climbmix/shard_00005.parquet (already exists)
Skipping /root/.cache/nanochat/base_data_climbmix/shard_00001.parquet (already exists)
Skipping /root/.cache/nanochat/base_data_climbmix/shard_00006.parquet (already exists)
Skipping /root/.cache/nanochat/base_data_climbmix/shard_00002.parquet (already exists)Skipping /root/.cache/nanochat/base_data_climbmix/shard_00007.parquet (already exists)

Downloading shard_00008.parquet...
Skipping /root/.cache/nanochat/base_data_climbmix/shard_00003.parquet (already exists)Downloading shard_00012.parquet...

Downloading shard_00016.parquet...
Downloading shard_00020.parquet...
All 31 shards already present in /root/.cache/nanochat/reasoning_data/finemath; nothing to do (use --force to rebuild).
Successfully downloaded shard_00016.parquet
Downloading shard_00017.parquet...
Successfully downloaded shard_00012.parquet
Downloading shard_00013.parquet...
Successfully downloaded shard_00008.parquet
Downloading shard_00009.parquet...
Successfully downloaded shard_00020.parquet
Downloading shard_00021.parquet...
Successfully downloaded shard_00013.parquet
Successfully downloaded shard_00009.parquet
Downloading shard_00014.parquet...
Downloading shard_00010.parquet...
Successfully downloaded shard_00017.parquet
Downloading shard_00018.parquet...
Successfully downloaded shard_00021.parquet
Downloading shard_00022.parquet...
Successfully downloaded shard_00014.parquet
Downloading shard_00015.parquet...
Successfully downloaded shard_00010.parquet
Downloading shard_00011.parquet...
Successfully downloaded shard_00018.parquet
Downloading shard_00019.parquet...
Successfully downloaded shard_00022.parquet
Downloading shard_00023.parquet...
Successfully downloaded shard_00015.parquet
Downloading shard_00024.parquet...
Successfully downloaded shard_00019.parquet
Downloading shard_00028.parquet...
Successfully downloaded shard_00011.parquet
Downloading shard_00032.parquet...
Successfully downloaded shard_00032.parquet
Downloading shard_00033.parquet...
Successfully downloaded shard_00024.parquet
Downloading shard_00025.parquet...
Successfully downloaded shard_00028.parquet
Downloading shard_00029.parquet...
Successfully downloaded shard_00033.parquet
Downloading shard_00034.parquet...
Successfully downloaded shard_00029.parquet
Downloading shard_00030.parquet...
Successfully downloaded shard_00025.parquet
Downloading shard_00026.parquet...
Successfully downloaded shard_00034.parquet
Downloading shard_00035.parquet...
Successfully downloaded shard_00026.parquet
Downloading shard_00027.parquet...
Successfully downloaded shard_00035.parquet
Downloading shard_00036.parquet...
Successfully downloaded shard_00027.parquet
Downloading shard_00040.parquet...
Successfully downloaded shard_00030.parquet
Downloading shard_00031.parquet...
Successfully downloaded shard_00040.parquet
Downloading shard_00041.parquet...
Successfully downloaded shard_00036.parquet
Downloading shard_00037.parquet...
Successfully downloaded shard_00031.parquet
Successfully downloaded shard_00041.parquet
Downloading shard_00044.parquet...
Downloading shard_00042.parquet...
Successfully downloaded shard_00037.parquet
Downloading shard_00038.parquet...
Successfully downloaded shard_00042.parquet
Downloading shard_00043.parquet...
Successfully downloaded shard_00044.parquet
Downloading shard_00045.parquet...
Successfully downloaded shard_00038.parquet
Downloading shard_00039.parquet...
Successfully downloaded shard_00043.parquet
Downloading shard_00048.parquet...
Successfully downloaded shard_00045.parquet
Downloading shard_00046.parquet...
Successfully downloaded shard_00039.parquet
Downloading shard_00052.parquet...
Successfully downloaded shard_00048.parquet
Downloading shard_00049.parquet...
Successfully downloaded shard_00052.parquet
Downloading shard_00053.parquet...
Successfully downloaded shard_00049.parquet
Downloading shard_00050.parquet...
Successfully downloaded shard_00046.parquet
Downloading shard_00047.parquet...
Successfully downloaded shard_00050.parquet
Downloading shard_00051.parquet...
Successfully downloaded shard_00053.parquet
Downloading shard_00054.parquet...
Successfully downloaded shard_00047.parquet
Downloading shard_00056.parquet...
Successfully downloaded shard_00054.parquet
Downloading shard_00055.parquet...
Successfully downloaded shard_00051.parquet
Skipping /root/.cache/nanochat/base_data_climbmix/shard_06542.parquet (already exists)
Successfully downloaded shard_00055.parquet
Successfully downloaded shard_00056.parquet
Downloading shard_00057.parquet...
Successfully downloaded shard_00057.parquet
Downloading shard_00058.parquet...
Successfully downloaded shard_00058.parquet
Downloading shard_00059.parquet...
Successfully downloaded shard_00059.parquet
Attempt 1/5 failed for shard_00023.parquet: HTTPSConnectionPool(host='us.aws.cdn.hf.co', port=443): Read timed out. (read timeout=30)
Waiting 2 seconds before retry...
Successfully downloaded shard_00023.parquet
Done! Downloaded: 61/61 shards to /root/.cache/nanochat/base_data_climbmix
Waiting for FineMath prep...

                                                       █████                █████
                                                      ░░███                ░░███
     ████████    ██████   ████████    ██████   ██████  ░███████    ██████  ███████
    ░░███░░███  ░░░░░███ ░░███░░███  ███░░███ ███░░███ ░███░░███  ░░░░░███░░░███░
     ░███ ░███   ███████  ░███ ░███ ░███ ░███░███ ░░░  ░███ ░███   ███████  ░███
     ░███ ░███  ███░░███  ░███ ░███ ░███ ░███░███  ███ ░███ ░███  ███░░███  ░███ ███
     ████ █████░░████████ ████ █████░░██████ ░░██████  ████ █████░░███████  ░░█████
    ░░░░ ░░░░░  ░░░░░░░░ ░░░░ ░░░░░  ░░░░░░   ░░░░░░  ░░░░ ░░░░░  ░░░░░░░░   ░░░░░
    
Autodetected device type: cuda
2026-06-09 01:44:45,772 - nanochat.common - [32m[1mINFO[0m - Distributed world size: 1
GPU: NVIDIA H100 80GB HBM3 | Peak FLOPS (BF16): 9.89e+14
COMPUTE_DTYPE: torch.bfloat16 (auto-detected: CUDA SM 90 (bf16 supported))
wandb: Currently logged in as: vrundberget (vrundberget-statistics-norway) to https://api.wandb.ai. Use `wandb login --relogin` to force relogin
wandb: creating run
wandb: Tracking run with wandb version 0.21.3
wandb: Run data is saved locally in /workspace/clarinet/wandb/run-20260609_014446-p1fae2r2
wandb: Run `wandb offline` to turn off syncing.
wandb: Syncing run clarinet-iv-iv
wandb: ⭐️ View project at https://wandb.ai/vrundberget-statistics-norway/nanochat
wandb: 🚀 View run at https://wandb.ai/vrundberget-statistics-norway/nanochat/runs/p1fae2r2
✓ Using Flash Attention 3 (Hopper GPU detected), efficient, new and awesome.
Vocab size: 32,768
Model config:
{
  "sequence_len": 2048,
  "vocab_size": 32768,
  "n_layer": 18,
  "n_head": 9,
  "n_kv_head": 9,
  "n_embd": 1152,
  "window_pattern": "SSSL"
}
✓ FP8 training enabled (tensorwise scaling) - converted 109/119 linear layers, skipped 10 (too small)
Parameter counts:
wte                     : 37,748,736
value_embeds            : 339,738,624
lm_head                 : 37,748,736
transformer_matrices    : 286,655,436
scalars                 : 62
total                   : 701,891,594
Estimated FLOPs per token: 2.179995e+09
Auto-computed optimal batch size: 1,048,576 tokens
Scaling LRs by 1.4142 for batch size 1,048,576 (reference: 524,288)
Scaling weight decay from 0.280000 to 0.134393 for depth 18
Scaling the LR for the AdamW parameters ∝1/√(1152/768) = 0.816497
Calculated number of iterations from target data:param ratio: 2,475
Total number of training tokens: 2,595,225,600
Tokens : Scaling params ratio: 8.00
Total training FLOPs estimate: 5.657580e+18
Tokens / micro-batch / rank: 16 x 2048 = 32,768
Tokens / micro-batch: 32,768
Total batch size 1,048,576 => gradient accumulation steps: 32
Step 00000 | Validation bpb: 3.170664
step 00000/02475 (0.00%) | loss: 10.397802 | lrm: 0.03 | dt: 42354.45ms | tok/sec: 24,757 | bf16_mfu: 5.46 | epoch: 1 pq: 0 rg: 2 | total time: 0.00m
step 00001/02475 (0.04%) | loss: 10.374310 | lrm: 0.05 | dt: 4628.21ms | tok/sec: 226,562 | bf16_mfu: 49.94 | epoch: 1 pq: 0 rg: 4 | total time: 0.00m
step 00002/02475 (0.08%) | loss: 10.331415 | lrm: 0.07 | dt: 4602.57ms | tok/sec: 227,823 | bf16_mfu: 50.22 | epoch: 1 pq: 0 rg: 6 | total time: 0.00m
step 00003/02475 (0.12%) | loss: 10.269812 | lrm: 0.10 | dt: 4616.52ms | tok/sec: 227,135 | bf16_mfu: 50.07 | epoch: 1 pq: 0 rg: 8 | total time: 0.00m
step 00004/02475 (0.16%) | loss: 10.177532 | lrm: 0.12 | dt: 4634.75ms | tok/sec: 226,242 | bf16_mfu: 49.87 | epoch: 1 pq: 0 rg: 11 | total time: 0.00m
step 00005/02475 (0.20%) | loss: 10.030487 | lrm: 0.15 | dt: 4650.55ms | tok/sec: 225,473 | bf16_mfu: 49.70 | epoch: 1 pq: 0 rg: 13 | total time: 0.00m
step 00006/02475 (0.24%) | loss: 9.808885 | lrm: 0.17 | dt: 4846.78ms | tok/sec: 216,345 | bf16_mfu: 47.69 | epoch: 1 pq: 0 rg: 15 | total time: 0.00m
step 00007/02475 (0.28%) | loss: 9.500598 | lrm: 0.20 | dt: 4611.32ms | tok/sec: 227,391 | bf16_mfu: 50.12 | epoch: 1 pq: 0 rg: 17 | total time: 0.00m
step 00008/02475 (0.32%) | loss: 9.183997 | lrm: 0.23 | dt: 4625.84ms | tok/sec: 226,677 | bf16_mfu: 49.97 | epoch: 1 pq: 0 rg: 19 | total time: 0.00m
step 00009/02475 (0.36%) | loss: 8.875787 | lrm: 0.25 | dt: 4622.93ms | tok/sec: 226,820 | bf16_mfu: 50.00 | epoch: 1 pq: 0 rg: 21 | total time: 0.00m
step 00010/02475 (0.40%) | loss: 8.584980 | lrm: 0.28 | dt: 4637.39ms | tok/sec: 226,113 | bf16_mfu: 49.84 | epoch: 1 pq: 0 rg: 23 | total time: 0.00m
step 00011/02475 (0.44%) | loss: 8.323332 | lrm: 0.30 | dt: 4643.94ms | tok/sec: 225,794 | bf16_mfu: 49.77 | epoch: 1 pq: 0 rg: 25 | total time: 0.08m | eta: 190.7m
step 00012/02475 (0.48%) | loss: 8.096602 | lrm: 0.33 | dt: 4656.85ms | tok/sec: 225,168 | bf16_mfu: 49.63 | epoch: 1 pq: 0 rg: 28 | total time: 0.16m | eta: 190.9m
step 00013/02475 (0.53%) | loss: 7.888705 | lrm: 0.35 | dt: 4762.31ms | tok/sec: 220,182 | bf16_mfu: 48.53 | epoch: 1 pq: 0 rg: 30 | total time: 0.23m | eta: 192.4m
step 00014/02475 (0.57%) | loss: 7.704077 | lrm: 0.38 | dt: 4634.49ms | tok/sec: 226,255 | bf16_mfu: 49.87 | epoch: 1 pq: 0 rg: 32 | total time: 0.31m | eta: 191.7m
step 00015/02475 (0.61%) | loss: 7.522909 | lrm: 0.40 | dt: 4629.48ms | tok/sec: 226,499 | bf16_mfu: 49.93 | epoch: 1 pq: 0 rg: 34 | total time: 0.39m | eta: 191.3m
step 00016/02475 (0.65%) | loss: 7.370670 | lrm: 0.42 | dt: 4632.70ms | tok/sec: 226,342 | bf16_mfu: 49.89 | epoch: 1 pq: 0 rg: 36 | total time: 0.47m | eta: 191.0m
step 00017/02475 (0.69%) | loss: 7.222782 | lrm: 0.45 | dt: 4623.36ms | tok/sec: 226,799 | bf16_mfu: 49.99 | epoch: 1 pq: 0 rg: 38 | total time: 0.54m | eta: 190.7m
step 00018/02475 (0.73%) | loss: 7.089467 | lrm: 0.47 | dt: 4626.31ms | tok/sec: 226,654 | bf16_mfu: 49.96 | epoch: 1 pq: 0 rg: 40 | total time: 0.62m | eta: 190.5m
step 00019/02475 (0.77%) | loss: 6.953549 | lrm: 0.50 | dt: 4648.24ms | tok/sec: 225,585 | bf16_mfu: 49.72 | epoch: 1 pq: 0 rg: 42 | total time: 0.70m | eta: 190.4m
step 00020/02475 (0.81%) | loss: 6.849814 | lrm: 0.53 | dt: 4614.67ms | tok/sec: 227,226 | bf16_mfu: 50.09 | epoch: 1 pq: 0 rg: 43 | total time: 0.77m | eta: 190.1m
step 00021/02475 (0.85%) | loss: 6.759709 | lrm: 0.55 | dt: 4632.38ms | tok/sec: 226,357 | bf16_mfu: 49.89 | epoch: 1 pq: 0 rg: 45 | total time: 0.85m | eta: 190.0m
step 00022/02475 (0.89%) | loss: 6.672364 | lrm: 0.57 | dt: 4628.03ms | tok/sec: 226,570 | bf16_mfu: 49.94 | epoch: 1 pq: 0 rg: 47 | total time: 0.93m | eta: 189.9m
step 00023/02475 (0.93%) | loss: 6.587893 | lrm: 0.60 | dt: 4643.63ms | tok/sec: 225,809 | bf16_mfu: 49.77 | epoch: 1 pq: 0 rg: 49 | total time: 1.01m | eta: 189.8m
step 00024/02475 (0.97%) | loss: 6.504353 | lrm: 0.62 | dt: 4624.76ms | tok/sec: 226,730 | bf16_mfu: 49.98 | epoch: 1 pq: 0 rg: 51 | total time: 1.08m | eta: 189.7m
step 00025/02475 (1.01%) | loss: 6.428891 | lrm: 0.65 | dt: 4623.87ms | tok/sec: 226,774 | bf16_mfu: 49.99 | epoch: 1 pq: 0 rg: 53 | total time: 1.16m | eta: 189.5m
step 00026/02475 (1.05%) | loss: 6.357369 | lrm: 0.68 | dt: 4654.75ms | tok/sec: 225,270 | bf16_mfu: 49.66 | epoch: 1 pq: 0 rg: 55 | total time: 1.24m | eta: 189.5m
step 00027/02475 (1.09%) | loss: 6.313030 | lrm: 0.70 | dt: 4622.88ms | tok/sec: 226,823 | bf16_mfu: 50.00 | epoch: 1 pq: 0 rg: 57 | total time: 1.32m | eta: 189.4m
step 00028/02475 (1.13%) | loss: 6.251598 | lrm: 0.72 | dt: 4639.20ms | tok/sec: 226,025 | bf16_mfu: 49.82 | epoch: 1 pq: 0 rg: 59 | total time: 1.39m | eta: 189.3m
step 00029/02475 (1.17%) | loss: 6.194878 | lrm: 0.75 | dt: 4640.72ms | tok/sec: 225,951 | bf16_mfu: 49.81 | epoch: 1 pq: 0 rg: 61 | total time: 1.47m | eta: 189.2m
step 00030/02475 (1.21%) | loss: 6.152777 | lrm: 0.78 | dt: 4631.64ms | tok/sec: 226,393 | bf16_mfu: 49.90 | epoch: 1 pq: 0 rg: 63 | total time: 1.55m | eta: 189.1m
step 00031/02475 (1.25%) | loss: 6.102459 | lrm: 0.80 | dt: 4636.06ms | tok/sec: 226,178 | bf16_mfu: 49.86 | epoch: 1 pq: 0 rg: 65 | total time: 1.62m | eta: 189.0m
step 00032/02475 (1.29%) | loss: 6.060708 | lrm: 0.82 | dt: 4748.14ms | tok/sec: 220,839 | bf16_mfu: 48.68 | epoch: 1 pq: 0 rg: 67 | total time: 1.70m | eta: 189.1m
step 00033/02475 (1.33%) | loss: 6.019518 | lrm: 0.85 | dt: 4652.89ms | tok/sec: 225,360 | bf16_mfu: 49.67 | epoch: 1 pq: 0 rg: 69 | total time: 1.78m | eta: 189.1m
step 00034/02475 (1.37%) | loss: 5.983964 | lrm: 0.88 | dt: 4634.76ms | tok/sec: 226,241 | bf16_mfu: 49.87 | epoch: 1 pq: 0 rg: 71 | total time: 1.86m | eta: 189.0m
step 00035/02475 (1.41%) | loss: 5.946917 | lrm: 0.90 | dt: 4628.09ms | tok/sec: 226,567 | bf16_mfu: 49.94 | epoch: 1 pq: 0 rg: 72 | total time: 1.94m | eta: 188.9m
step 00036/02475 (1.45%) | loss: 5.912296 | lrm: 0.93 | dt: 4628.80ms | tok/sec: 226,533 | bf16_mfu: 49.93 | epoch: 1 pq: 0 rg: 74 | total time: 2.01m | eta: 188.8m
step 00037/02475 (1.49%) | loss: 5.879828 | lrm: 0.95 | dt: 4650.70ms | tok/sec: 225,466 | bf16_mfu: 49.70 | epoch: 1 pq: 0 rg: 76 | total time: 2.09m | eta: 188.7m
step 00038/02475 (1.54%) | loss: 5.856834 | lrm: 0.97 | dt: 4650.61ms | tok/sec: 225,470 | bf16_mfu: 49.70 | epoch: 1 pq: 0 rg: 78 | total time: 2.17m | eta: 188.6m
step 00039/02475 (1.58%) | loss: 5.838773 | lrm: 1.00 | dt: 4647.48ms | tok/sec: 225,622 | bf16_mfu: 49.73 | epoch: 1 pq: 0 rg: 80 | total time: 2.24m | eta: 188.6m
step 00040/02475 (1.62%) | loss: 5.821919 | lrm: 1.00 | dt: 4643.93ms | tok/sec: 225,794 | bf16_mfu: 49.77 | epoch: 1 pq: 0 rg: 82 | total time: 2.32m | eta: 188.5m
step 00041/02475 (1.66%) | loss: 5.811676 | lrm: 1.00 | dt: 4671.40ms | tok/sec: 224,467 | bf16_mfu: 49.48 | epoch: 1 pq: 1 rg: 0 | total time: 2.40m | eta: 188.4m
step 00042/02475 (1.70%) | loss: 5.808732 | lrm: 1.00 | dt: 4695.80ms | tok/sec: 223,300 | bf16_mfu: 49.22 | epoch: 1 pq: 1 rg: 1 | total time: 2.48m | eta: 188.4m
step 00043/02475 (1.74%) | loss: 5.751400 | lrm: 1.00 | dt: 4661.60ms | tok/sec: 224,938 | bf16_mfu: 49.58 | epoch: 1 pq: 1 rg: 2 | total time: 2.56m | eta: 188.4m
step 00044/02475 (1.78%) | loss: 5.707226 | lrm: 1.00 | dt: 4707.28ms | tok/sec: 222,756 | bf16_mfu: 49.10 | epoch: 1 pq: 1 rg: 3 | total time: 2.63m | eta: 188.4m
step 00045/02475 (1.82%) | loss: 5.627352 | lrm: 1.00 | dt: 4675.33ms | tok/sec: 224,278 | bf16_mfu: 49.44 | epoch: 1 pq: 1 rg: 4 | total time: 2.71m | eta: 188.3m
step 00046/02475 (1.86%) | loss: 5.584303 | lrm: 1.00 | dt: 4823.19ms | tok/sec: 217,402 | bf16_mfu: 47.92 | epoch: 1 pq: 1 rg: 5 | total time: 2.79m | eta: 188.4m
step 00047/02475 (1.90%) | loss: 5.512050 | lrm: 1.00 | dt: 4693.56ms | tok/sec: 223,407 | bf16_mfu: 49.24 | epoch: 1 pq: 1 rg: 6 | total time: 2.87m | eta: 188.4m
step 00048/02475 (1.94%) | loss: 5.435717 | lrm: 1.00 | dt: 4641.67ms | tok/sec: 225,904 | bf16_mfu: 49.79 | epoch: 1 pq: 1 rg: 7 | total time: 2.95m | eta: 188.3m
step 00049/02475 (1.98%) | loss: 5.371618 | lrm: 1.00 | dt: 4685.83ms | tok/sec: 223,776 | bf16_mfu: 49.33 | epoch: 1 pq: 1 rg: 9 | total time: 3.03m | eta: 188.3m
step 00050/02475 (2.02%) | loss: 5.315425 | lrm: 1.00 | dt: 4717.91ms | tok/sec: 222,254 | bf16_mfu: 48.99 | epoch: 1 pq: 1 rg: 10 | total time: 3.11m | eta: 188.2m
step 00051/02475 (2.06%) | loss: 5.253303 | lrm: 1.00 | dt: 4662.50ms | tok/sec: 224,895 | bf16_mfu: 49.57 | epoch: 1 pq: 1 rg: 11 | total time: 3.18m | eta: 188.2m
step 00052/02475 (2.10%) | loss: 5.188085 | lrm: 1.00 | dt: 4648.91ms | tok/sec: 225,553 | bf16_mfu: 49.72 | epoch: 1 pq: 1 rg: 12 | total time: 3.26m | eta: 188.1m
step 00053/02475 (2.14%) | loss: 5.110659 | lrm: 1.00 | dt: 4673.78ms | tok/sec: 224,352 | bf16_mfu: 49.45 | epoch: 1 pq: 1 rg: 13 | total time: 3.34m | eta: 188.0m
step 00054/02475 (2.18%) | loss: 5.063238 | lrm: 1.00 | dt: 4678.68ms | tok/sec: 224,117 | bf16_mfu: 49.40 | epoch: 1 pq: 1 rg: 14 | total time: 3.42m | eta: 188.0m
step 00055/02475 (2.22%) | loss: 4.990596 | lrm: 1.00 | dt: 4801.28ms | tok/sec: 218,395 | bf16_mfu: 48.14 | epoch: 1 pq: 1 rg: 15 | total time: 3.50m | eta: 188.0m
step 00056/02475 (2.26%) | loss: 4.904254 | lrm: 1.00 | dt: 4664.60ms | tok/sec: 224,794 | bf16_mfu: 49.55 | epoch: 1 pq: 1 rg: 16 | total time: 3.57m | eta: 187.9m
step 00057/02475 (2.30%) | loss: 4.815560 | lrm: 1.00 | dt: 4695.38ms | tok/sec: 223,320 | bf16_mfu: 49.23 | epoch: 1 pq: 1 rg: 17 | total time: 3.65m | eta: 187.9m
step 00058/02475 (2.34%) | loss: 4.753907 | lrm: 1.00 | dt: 4956.92ms | tok/sec: 211,537 | bf16_mfu: 46.63 | epoch: 1 pq: 1 rg: 18 | total time: 3.73m | eta: 188.1m
step 00059/02475 (2.38%) | loss: 4.703491 | lrm: 1.00 | dt: 4792.71ms | tok/sec: 218,785 | bf16_mfu: 48.23 | epoch: 1 pq: 1 rg: 20 | total time: 3.81m | eta: 188.1m
step 00060/02475 (2.42%) | loss: 4.678104 | lrm: 1.00 | dt: 4717.89ms | tok/sec: 222,255 | bf16_mfu: 48.99 | epoch: 1 pq: 1 rg: 21 | total time: 3.89m | eta: 188.0m
step 00061/02475 (2.46%) | loss: 4.631833 | lrm: 1.00 | dt: 4724.78ms | tok/sec: 221,931 | bf16_mfu: 48.92 | epoch: 1 pq: 1 rg: 22 | total time: 3.97m | eta: 188.0m
step 00062/02475 (2.51%) | loss: 4.592830 | lrm: 1.00 | dt: 4863.47ms | tok/sec: 215,602 | bf16_mfu: 47.52 | epoch: 1 pq: 1 rg: 23 | total time: 4.05m | eta: 188.1m
step 00063/02475 (2.55%) | loss: 4.559818 | lrm: 1.00 | dt: 4749.79ms | tok/sec: 220,762 | bf16_mfu: 48.66 | epoch: 1 pq: 1 rg: 24 | total time: 4.13m | eta: 188.1m
step 00064/02475 (2.59%) | loss: 4.498251 | lrm: 1.00 | dt: 4709.98ms | tok/sec: 222,628 | bf16_mfu: 49.07 | epoch: 1 pq: 1 rg: 25 | total time: 4.21m | eta: 188.0m
step 00065/02475 (2.63%) | loss: 4.420048 | lrm: 1.00 | dt: 4689.09ms | tok/sec: 223,620 | bf16_mfu: 49.29 | epoch: 1 pq: 1 rg: 26 | total time: 4.29m | eta: 187.9m
step 00066/02475 (2.67%) | loss: 4.362845 | lrm: 1.00 | dt: 4689.41ms | tok/sec: 223,605 | bf16_mfu: 49.29 | epoch: 1 pq: 1 rg: 27 | total time: 4.37m | eta: 187.9m
step 00067/02475 (2.71%) | loss: 4.316489 | lrm: 1.00 | dt: 4698.54ms | tok/sec: 223,170 | bf16_mfu: 49.19 | epoch: 1 pq: 1 rg: 28 | total time: 4.45m | eta: 187.8m
step 00068/02475 (2.75%) | loss: 4.283372 | lrm: 1.00 | dt: 4692.02ms | tok/sec: 223,480 | bf16_mfu: 49.26 | epoch: 1 pq: 1 rg: 29 | total time: 4.52m | eta: 187.7m
step 00069/02475 (2.79%) | loss: 4.231510 | lrm: 1.00 | dt: 4640.62ms | tok/sec: 225,956 | bf16_mfu: 49.81 | epoch: 1 pq: 1 rg: 30 | total time: 4.60m | eta: 187.6m
step 00070/02475 (2.83%) | loss: 4.229347 | lrm: 1.00 | dt: 4726.36ms | tok/sec: 221,857 | bf16_mfu: 48.90 | epoch: 1 pq: 1 rg: 32 | total time: 4.68m | eta: 187.6m
step 00071/02475 (2.87%) | loss: 4.187060 | lrm: 1.00 | dt: 4720.39ms | tok/sec: 222,137 | bf16_mfu: 48.96 | epoch: 1 pq: 1 rg: 33 | total time: 4.76m | eta: 187.5m
step 00072/02475 (2.91%) | loss: 4.142407 | lrm: 1.00 | dt: 4757.84ms | tok/sec: 220,389 | bf16_mfu: 48.58 | epoch: 1 pq: 1 rg: 34 | total time: 4.84m | eta: 187.5m
step 00073/02475 (2.95%) | loss: 4.107912 | lrm: 1.00 | dt: 4713.79ms | tok/sec: 222,448 | bf16_mfu: 49.03 | epoch: 1 pq: 1 rg: 35 | total time: 4.92m | eta: 187.4m
step 00074/02475 (2.99%) | loss: 4.077816 | lrm: 1.00 | dt: 4697.01ms | tok/sec: 223,243 | bf16_mfu: 49.21 | epoch: 1 pq: 1 rg: 36 | total time: 4.99m | eta: 187.4m
step 00075/02475 (3.03%) | loss: 4.036196 | lrm: 1.00 | dt: 4751.99ms | tok/sec: 220,660 | bf16_mfu: 48.64 | epoch: 1 pq: 1 rg: 37 | total time: 5.07m | eta: 187.3m
step 00076/02475 (3.07%) | loss: 4.013499 | lrm: 1.00 | dt: 4713.33ms | tok/sec: 222,470 | bf16_mfu: 49.04 | epoch: 1 pq: 1 rg: 38 | total time: 5.15m | eta: 187.3m
step 00077/02475 (3.11%) | loss: 3.946322 | lrm: 1.00 | dt: 4719.81ms | tok/sec: 222,165 | bf16_mfu: 48.97 | epoch: 1 pq: 1 rg: 39 | total time: 5.23m | eta: 187.2m
step 00078/02475 (3.15%) | loss: 3.896271 | lrm: 1.00 | dt: 4766.45ms | tok/sec: 219,990 | bf16_mfu: 48.49 | epoch: 1 pq: 1 rg: 40 | total time: 5.31m | eta: 187.2m
step 00079/02475 (3.19%) | loss: 3.861867 | lrm: 1.00 | dt: 4742.35ms | tok/sec: 221,109 | bf16_mfu: 48.74 | epoch: 1 pq: 1 rg: 41 | total time: 5.39m | eta: 187.1m
step 00080/02475 (3.23%) | loss: 3.841172 | lrm: 1.00 | dt: 4841.56ms | tok/sec: 216,577 | bf16_mfu: 47.74 | epoch: 1 pq: 1 rg: 42 | total time: 5.47m | eta: 187.2m
step 00081/02475 (3.27%) | loss: 3.790484 | lrm: 1.00 | dt: 4692.72ms | tok/sec: 223,447 | bf16_mfu: 49.25 | epoch: 1 pq: 1 rg: 44 | total time: 5.55m | eta: 187.1m
step 00082/02475 (3.31%) | loss: 3.774413 | lrm: 1.00 | dt: 4738.69ms | tok/sec: 221,279 | bf16_mfu: 48.78 | epoch: 1 pq: 1 rg: 45 | total time: 5.63m | eta: 187.0m
step 00083/02475 (3.35%) | loss: 3.733619 | lrm: 1.00 | dt: 4785.29ms | tok/sec: 219,124 | bf16_mfu: 48.30 | epoch: 1 pq: 1 rg: 46 | total time: 5.71m | eta: 187.0m
step 00084/02475 (3.39%) | loss: 3.712254 | lrm: 1.00 | dt: 4778.80ms | tok/sec: 219,422 | bf16_mfu: 48.37 | epoch: 1 pq: 1 rg: 47 | total time: 5.79m | eta: 187.0m
step 00085/02475 (3.43%) | loss: 3.714786 | lrm: 1.00 | dt: 4710.25ms | tok/sec: 222,615 | bf16_mfu: 49.07 | epoch: 1 pq: 1 rg: 48 | total time: 5.87m | eta: 186.9m
step 00086/02475 (3.47%) | loss: 3.683034 | lrm: 1.00 | dt: 4784.74ms | tok/sec: 219,150 | bf16_mfu: 48.31 | epoch: 1 pq: 1 rg: 49 | total time: 5.95m | eta: 186.9m
step 00087/02475 (3.52%) | loss: 3.617404 | lrm: 1.00 | dt: 4723.02ms | tok/sec: 222,013 | bf16_mfu: 48.94 | epoch: 1 pq: 1 rg: 50 | total time: 6.02m | eta: 186.8m
step 00088/02475 (3.56%) | loss: 3.566573 | lrm: 1.00 | dt: 4847.85ms | tok/sec: 216,297 | bf16_mfu: 47.68 | epoch: 1 pq: 1 rg: 51 | total time: 6.10m | eta: 186.8m
step 00089/02475 (3.60%) | loss: 3.551141 | lrm: 1.00 | dt: 4749.59ms | tok/sec: 220,772 | bf16_mfu: 48.66 | epoch: 1 pq: 1 rg: 52 | total time: 6.18m | eta: 186.8m
step 00090/02475 (3.64%) | loss: 3.516499 | lrm: 1.00 | dt: 4724.17ms | tok/sec: 221,960 | bf16_mfu: 48.93 | epoch: 1 pq: 1 rg: 54 | total time: 6.26m | eta: 186.7m
step 00091/02475 (3.68%) | loss: 3.483809 | lrm: 1.00 | dt: 4712.72ms | tok/sec: 222,498 | bf16_mfu: 49.04 | epoch: 1 pq: 1 rg: 55 | total time: 6.34m | eta: 186.6m
step 00092/02475 (3.72%) | loss: 3.479809 | lrm: 1.00 | dt: 4746.91ms | tok/sec: 220,896 | bf16_mfu: 48.69 | epoch: 1 pq: 1 rg: 56 | total time: 6.42m | eta: 186.6m
step 00093/02475 (3.76%) | loss: 3.432571 | lrm: 1.00 | dt: 4717.44ms | tok/sec: 222,276 | bf16_mfu: 49.00 | epoch: 1 pq: 1 rg: 57 | total time: 6.50m | eta: 186.5m
step 00094/02475 (3.80%) | loss: 3.418305 | lrm: 1.00 | dt: 4669.94ms | tok/sec: 224,537 | bf16_mfu: 49.49 | epoch: 1 pq: 1 rg: 58 | total time: 6.58m | eta: 186.4m
step 00095/02475 (3.84%) | loss: 3.395736 | lrm: 1.00 | dt: 4671.72ms | tok/sec: 224,451 | bf16_mfu: 49.47 | epoch: 1 pq: 1 rg: 59 | total time: 6.65m | eta: 186.3m
step 00096/02475 (3.88%) | loss: 3.336297 | lrm: 1.00 | dt: 4746.53ms | tok/sec: 220,914 | bf16_mfu: 48.69 | epoch: 1 pq: 1 rg: 60 | total time: 6.73m | eta: 186.3m
step 00097/02475 (3.92%) | loss: 3.320947 | lrm: 1.00 | dt: 4676.01ms | tok/sec: 224,245 | bf16_mfu: 49.43 | epoch: 1 pq: 1 rg: 61 | total time: 6.81m | eta: 186.2m
step 00098/02475 (3.96%) | loss: 3.321070 | lrm: 1.00 | dt: 4677.97ms | tok/sec: 224,151 | bf16_mfu: 49.41 | epoch: 1 pq: 1 rg: 62 | total time: 6.89m | eta: 186.1m
step 00099/02475 (4.00%) | loss: 3.281877 | lrm: 1.00 | dt: 4715.17ms | tok/sec: 222,383 | bf16_mfu: 49.02 | epoch: 1 pq: 1 rg: 63 | total time: 6.97m | eta: 186.0m
step 00100/02475 (4.04%) | loss: 3.237949 | lrm: 1.00 | dt: 4693.22ms | tok/sec: 223,423 | bf16_mfu: 49.25 | epoch: 1 pq: 1 rg: 64 | total time: 7.05m | eta: 185.9m
step 00101/02475 (4.08%) | loss: 3.234621 | lrm: 1.00 | dt: 4716.38ms | tok/sec: 222,326 | bf16_mfu: 49.01 | epoch: 1 pq: 1 rg: 66 | total time: 7.12m | eta: 185.9m
step 00102/02475 (4.12%) | loss: 3.216816 | lrm: 1.00 | dt: 4702.39ms | tok/sec: 222,987 | bf16_mfu: 49.15 | epoch: 1 pq: 1 rg: 67 | total time: 7.20m | eta: 185.8m
step 00103/02475 (4.16%) | loss: 3.223148 | lrm: 1.00 | dt: 4780.69ms | tok/sec: 219,335 | bf16_mfu: 48.35 | epoch: 1 pq: 1 rg: 68 | total time: 7.28m | eta: 185.8m
step 00104/02475 (4.20%) | loss: 3.196120 | lrm: 1.00 | dt: 4772.62ms | tok/sec: 219,706 | bf16_mfu: 48.43 | epoch: 1 pq: 1 rg: 69 | total time: 7.36m | eta: 185.7m
step 00105/02475 (4.24%) | loss: 3.179029 | lrm: 1.00 | dt: 4676.00ms | tok/sec: 224,246 | bf16_mfu: 49.43 | epoch: 1 pq: 1 rg: 70 | total time: 7.44m | eta: 185.6m
step 00106/02475 (4.28%) | loss: 3.186976 | lrm: 1.00 | dt: 4789.45ms | tok/sec: 218,934 | bf16_mfu: 48.26 | epoch: 1 pq: 1 rg: 71 | total time: 7.52m | eta: 185.6m
step 00107/02475 (4.32%) | loss: 3.188669 | lrm: 1.00 | dt: 4788.25ms | tok/sec: 218,989 | bf16_mfu: 48.27 | epoch: 1 pq: 1 rg: 72 | total time: 7.60m | eta: 185.5m
step 00108/02475 (4.36%) | loss: 3.172661 | lrm: 1.00 | dt: 4700.68ms | tok/sec: 223,068 | bf16_mfu: 49.17 | epoch: 1 pq: 1 rg: 73 | total time: 7.68m | eta: 185.5m
step 00109/02475 (4.40%) | loss: 3.179039 | lrm: 1.00 | dt: 4677.46ms | tok/sec: 224,176 | bf16_mfu: 49.41 | epoch: 1 pq: 1 rg: 74 | total time: 7.76m | eta: 185.4m
step 00110/02475 (4.44%) | loss: 3.160138 | lrm: 1.00 | dt: 4795.69ms | tok/sec: 218,649 | bf16_mfu: 48.20 | epoch: 1 pq: 1 rg: 75 | total time: 7.84m | eta: 185.3m
step 00111/02475 (4.48%) | loss: 3.170688 | lrm: 1.00 | dt: 4699.76ms | tok/sec: 223,112 | bf16_mfu: 49.18 | epoch: 1 pq: 1 rg: 76 | total time: 7.91m | eta: 185.2m
step 00112/02475 (4.53%) | loss: 3.136569 | lrm: 1.00 | dt: 4760.45ms | tok/sec: 220,268 | bf16_mfu: 48.55 | epoch: 1 pq: 1 rg: 78 | total time: 7.99m | eta: 185.2m
step 00113/02475 (4.57%) | loss: 3.097758 | lrm: 1.00 | dt: 4698.55ms | tok/sec: 223,170 | bf16_mfu: 49.19 | epoch: 1 pq: 1 rg: 79 | total time: 8.07m | eta: 185.1m
step 00114/02475 (4.61%) | loss: 3.060261 | lrm: 1.00 | dt: 4674.76ms | tok/sec: 224,305 | bf16_mfu: 49.44 | epoch: 1 pq: 1 rg: 80 | total time: 8.15m | eta: 185.0m
step 00115/02475 (4.65%) | loss: 3.039664 | lrm: 1.00 | dt: 4792.58ms | tok/sec: 218,791 | bf16_mfu: 48.23 | epoch: 1 pq: 1 rg: 81 | total time: 8.23m | eta: 185.0m
step 00116/02475 (4.69%) | loss: 3.035638 | lrm: 1.00 | dt: 4711.42ms | tok/sec: 222,560 | bf16_mfu: 49.06 | epoch: 1 pq: 1 rg: 82 | total time: 8.31m | eta: 184.9m
step 00117/02475 (4.73%) | loss: 2.968114 | lrm: 1.00 | dt: 4688.17ms | tok/sec: 223,664 | bf16_mfu: 49.30 | epoch: 1 pq: 1 rg: 83 | total time: 8.39m | eta: 184.8m
step 00118/02475 (4.77%) | loss: 2.949801 | lrm: 1.00 | dt: 4696.90ms | tok/sec: 223,248 | bf16_mfu: 49.21 | epoch: 1 pq: 1 rg: 84 | total time: 8.46m | eta: 184.7m
step 00119/02475 (4.81%) | loss: 2.930055 | lrm: 1.00 | dt: 4731.13ms | tok/sec: 221,633 | bf16_mfu: 48.85 | epoch: 1 pq: 1 rg: 85 | total time: 8.54m | eta: 184.7m
step 00120/02475 (4.85%) | loss: 2.913777 | lrm: 1.00 | dt: 4737.27ms | tok/sec: 221,346 | bf16_mfu: 48.79 | epoch: 1 pq: 1 rg: 86 | total time: 8.62m | eta: 184.6m
step 00121/02475 (4.89%) | loss: 2.862153 | lrm: 1.00 | dt: 4714.04ms | tok/sec: 222,436 | bf16_mfu: 49.03 | epoch: 1 pq: 1 rg: 87 | total time: 8.70m | eta: 184.5m
step 00122/02475 (4.93%) | loss: 2.840797 | lrm: 1.00 | dt: 4846.59ms | tok/sec: 216,353 | bf16_mfu: 47.69 | epoch: 1 pq: 1 rg: 89 | total time: 8.78m | eta: 184.5m
step 00123/02475 (4.97%) | loss: 2.824168 | lrm: 1.00 | dt: 4700.01ms | tok/sec: 223,101 | bf16_mfu: 49.18 | epoch: 1 pq: 1 rg: 90 | total time: 8.86m | eta: 184.4m
step 00124/02475 (5.01%) | loss: 2.781890 | lrm: 1.00 | dt: 4707.30ms | tok/sec: 222,755 | bf16_mfu: 49.10 | epoch: 1 pq: 1 rg: 91 | total time: 8.94m | eta: 184.3m
step 00125/02475 (5.05%) | loss: 2.770095 | lrm: 1.00 | dt: 4703.78ms | tok/sec: 222,922 | bf16_mfu: 49.14 | epoch: 1 pq: 1 rg: 92 | total time: 9.02m | eta: 184.3m
step 00126/02475 (5.09%) | loss: 2.790348 | lrm: 1.00 | dt: 4826.29ms | tok/sec: 217,263 | bf16_mfu: 47.89 | epoch: 1 pq: 1 rg: 93 | total time: 9.10m | eta: 184.2m
step 00127/02475 (5.13%) | loss: 2.756946 | lrm: 1.00 | dt: 4738.16ms | tok/sec: 221,304 | bf16_mfu: 48.78 | epoch: 1 pq: 1 rg: 94 | total time: 9.18m | eta: 184.2m
step 00128/02475 (5.17%) | loss: 2.773564 | lrm: 1.00 | dt: 4895.17ms | tok/sec: 214,206 | bf16_mfu: 47.22 | epoch: 1 pq: 1 rg: 95 | total time: 9.26m | eta: 184.1m
step 00129/02475 (5.21%) | loss: 2.784558 | lrm: 1.00 | dt: 4749.41ms | tok/sec: 220,780 | bf16_mfu: 48.67 | epoch: 1 pq: 1 rg: 96 | total time: 9.34m | eta: 184.1m
step 00130/02475 (5.25%) | loss: 2.780662 | lrm: 1.00 | dt: 4823.87ms | tok/sec: 217,372 | bf16_mfu: 47.91 | epoch: 1 pq: 1 rg: 97 | total time: 9.42m | eta: 184.0m
step 00131/02475 (5.29%) | loss: 2.770524 | lrm: 1.00 | dt: 4769.59ms | tok/sec: 219,846 | bf16_mfu: 48.46 | epoch: 1 pq: 1 rg: 99 | total time: 9.50m | eta: 184.0m
step 00132/02475 (5.33%) | loss: 2.760715 | lrm: 1.00 | dt: 4756.36ms | tok/sec: 220,457 | bf16_mfu: 48.59 | epoch: 1 pq: 1 rg: 100 | total time: 9.58m | eta: 183.9m
step 00133/02475 (5.37%) | loss: 2.738682 | lrm: 1.00 | dt: 4712.19ms | tok/sec: 222,524 | bf16_mfu: 49.05 | epoch: 1 pq: 1 rg: 101 | total time: 9.66m | eta: 183.8m
step 00134/02475 (5.41%) | loss: 2.698617 | lrm: 1.00 | dt: 4750.91ms | tok/sec: 220,710 | bf16_mfu: 48.65 | epoch: 1 pq: 2 rg: 0 | total time: 9.73m | eta: 183.8m
step 00135/02475 (5.45%) | loss: 2.683329 | lrm: 1.00 | dt: 4715.79ms | tok/sec: 222,354 | bf16_mfu: 49.01 | epoch: 1 pq: 2 rg: 1 | total time: 9.81m | eta: 183.7m
step 00136/02475 (5.49%) | loss: 2.651016 | lrm: 1.00 | dt: 4722.01ms | tok/sec: 222,061 | bf16_mfu: 48.95 | epoch: 1 pq: 2 rg: 2 | total time: 9.89m | eta: 183.6m
step 00137/02475 (5.54%) | loss: 2.649958 | lrm: 1.00 | dt: 4810.22ms | tok/sec: 217,989 | bf16_mfu: 48.05 | epoch: 1 pq: 2 rg: 3 | total time: 9.97m | eta: 183.6m
step 00138/02475 (5.58%) | loss: 2.626109 | lrm: 1.00 | dt: 4695.40ms | tok/sec: 223,319 | bf16_mfu: 49.23 | epoch: 1 pq: 2 rg: 4 | total time: 10.05m | eta: 183.5m
step 00139/02475 (5.62%) | loss: 2.630351 | lrm: 1.00 | dt: 4727.27ms | tok/sec: 221,814 | bf16_mfu: 48.89 | epoch: 1 pq: 2 rg: 5 | total time: 10.13m | eta: 183.4m
step 00140/02475 (5.66%) | loss: 2.627847 | lrm: 1.00 | dt: 4698.74ms | tok/sec: 223,160 | bf16_mfu: 49.19 | epoch: 1 pq: 2 rg: 6 | total time: 10.21m | eta: 183.3m
step 00141/02475 (5.70%) | loss: 2.636736 | lrm: 1.00 | dt: 4706.31ms | tok/sec: 222,802 | bf16_mfu: 49.11 | epoch: 1 pq: 2 rg: 7 | total time: 10.29m | eta: 183.3m
step 00142/02475 (5.74%) | loss: 2.635646 | lrm: 1.00 | dt: 4755.57ms | tok/sec: 220,494 | bf16_mfu: 48.60 | epoch: 1 pq: 2 rg: 8 | total time: 10.36m | eta: 183.2m
step 00143/02475 (5.78%) | loss: 2.650628 | lrm: 1.00 | dt: 4680.64ms | tok/sec: 224,023 | bf16_mfu: 49.38 | epoch: 1 pq: 2 rg: 9 | total time: 10.44m | eta: 183.1m
step 00144/02475 (5.82%) | loss: 2.620308 | lrm: 1.00 | dt: 4735.81ms | tok/sec: 221,414 | bf16_mfu: 48.81 | epoch: 1 pq: 2 rg: 11 | total time: 10.52m | eta: 183.0m
step 00145/02475 (5.86%) | loss: 2.642662 | lrm: 1.00 | dt: 4691.99ms | tok/sec: 223,482 | bf16_mfu: 49.26 | epoch: 1 pq: 2 rg: 12 | total time: 10.60m | eta: 182.9m
step 00146/02475 (5.90%) | loss: 2.604011 | lrm: 1.00 | dt: 4705.96ms | tok/sec: 222,818 | bf16_mfu: 49.11 | epoch: 1 pq: 2 rg: 13 | total time: 10.68m | eta: 182.9m
step 00147/02475 (5.94%) | loss: 2.594183 | lrm: 1.00 | dt: 4787.61ms | tok/sec: 219,018 | bf16_mfu: 48.28 | epoch: 1 pq: 2 rg: 14 | total time: 10.76m | eta: 182.8m
step 00148/02475 (5.98%) | loss: 2.565550 | lrm: 1.00 | dt: 4718.66ms | tok/sec: 222,218 | bf16_mfu: 48.98 | epoch: 1 pq: 2 rg: 15 | total time: 10.84m | eta: 182.7m
step 00149/02475 (6.02%) | loss: 2.539306 | lrm: 1.00 | dt: 4750.07ms | tok/sec: 220,749 | bf16_mfu: 48.66 | epoch: 1 pq: 2 rg: 16 | total time: 10.92m | eta: 182.7m
step 00150/02475 (6.06%) | loss: 2.516993 | lrm: 1.00 | dt: 4702.32ms | tok/sec: 222,991 | bf16_mfu: 49.15 | epoch: 1 pq: 2 rg: 17 | total time: 10.99m | eta: 182.6m
step 00151/02475 (6.10%) | loss: 2.541041 | lrm: 1.00 | dt: 4806.60ms | tok/sec: 218,153 | bf16_mfu: 48.09 | epoch: 1 pq: 2 rg: 18 | total time: 11.07m | eta: 182.5m
step 00152/02475 (6.14%) | loss: 2.541955 | lrm: 1.00 | dt: 4695.20ms | tok/sec: 223,329 | bf16_mfu: 49.23 | epoch: 1 pq: 2 rg: 19 | total time: 11.15m | eta: 182.4m
step 00153/02475 (6.18%) | loss: 2.539243 | lrm: 1.00 | dt: 4675.45ms | tok/sec: 224,272 | bf16_mfu: 49.44 | epoch: 1 pq: 2 rg: 20 | total time: 11.23m | eta: 182.4m
step 00154/02475 (6.22%) | loss: 2.541780 | lrm: 1.00 | dt: 4850.59ms | tok/sec: 216,174 | bf16_mfu: 47.65 | epoch: 1 pq: 2 rg: 22 | total time: 11.31m | eta: 182.3m
step 00155/02475 (6.26%) | loss: 2.482290 | lrm: 1.00 | dt: 4705.56ms | tok/sec: 222,837 | bf16_mfu: 49.12 | epoch: 1 pq: 2 rg: 23 | total time: 11.39m | eta: 182.2m
step 00156/02475 (6.30%) | loss: 2.471709 | lrm: 1.00 | dt: 4714.61ms | tok/sec: 222,409 | bf16_mfu: 49.02 | epoch: 1 pq: 2 rg: 24 | total time: 11.47m | eta: 182.2m
step 00157/02475 (6.34%) | loss: 2.487224 | lrm: 1.00 | dt: 4755.06ms | tok/sec: 220,518 | bf16_mfu: 48.61 | epoch: 1 pq: 2 rg: 25 | total time: 11.55m | eta: 182.1m
step 00158/02475 (6.38%) | loss: 2.482868 | lrm: 1.00 | dt: 4652.67ms | tok/sec: 225,370 | bf16_mfu: 49.68 | epoch: 1 pq: 2 rg: 26 | total time: 11.63m | eta: 182.0m
step 00159/02475 (6.42%) | loss: 2.462869 | lrm: 1.00 | dt: 4732.52ms | tok/sec: 221,568 | bf16_mfu: 48.84 | epoch: 1 pq: 2 rg: 27 | total time: 11.70m | eta: 181.9m
step 00160/02475 (6.46%) | loss: 2.462078 | lrm: 1.00 | dt: 4782.34ms | tok/sec: 219,260 | bf16_mfu: 48.33 | epoch: 1 pq: 2 rg: 28 | total time: 11.78m | eta: 181.9m
step 00161/02475 (6.51%) | loss: 2.448159 | lrm: 1.00 | dt: 4677.73ms | tok/sec: 224,163 | bf16_mfu: 49.41 | epoch: 1 pq: 2 rg: 29 | total time: 11.86m | eta: 181.8m
step 00162/02475 (6.55%) | loss: 2.443834 | lrm: 1.00 | dt: 4700.88ms | tok/sec: 223,059 | bf16_mfu: 49.17 | epoch: 1 pq: 2 rg: 30 | total time: 11.94m | eta: 181.7m
step 00163/02475 (6.59%) | loss: 2.390272 | lrm: 1.00 | dt: 4686.29ms | tok/sec: 223,753 | bf16_mfu: 49.32 | epoch: 1 pq: 2 rg: 31 | total time: 12.02m | eta: 181.6m
step 00164/02475 (6.63%) | loss: 2.395741 | lrm: 1.00 | dt: 4680.05ms | tok/sec: 224,052 | bf16_mfu: 49.39 | epoch: 1 pq: 2 rg: 32 | total time: 12.10m | eta: 181.5m
step 00165/02475 (6.67%) | loss: 2.377631 | lrm: 1.00 | dt: 4725.07ms | tok/sec: 221,917 | bf16_mfu: 48.92 | epoch: 1 pq: 2 rg: 34 | total time: 12.18m | eta: 181.4m
step 00166/02475 (6.71%) | loss: 2.371025 | lrm: 1.00 | dt: 4791.65ms | tok/sec: 218,833 | bf16_mfu: 48.24 | epoch: 1 pq: 2 rg: 35 | total time: 12.25m | eta: 181.4m
step 00167/02475 (6.75%) | loss: 2.333461 | lrm: 1.00 | dt: 4775.26ms | tok/sec: 219,585 | bf16_mfu: 48.40 | epoch: 1 pq: 2 rg: 36 | total time: 12.33m | eta: 181.3m
step 00168/02475 (6.79%) | loss: 2.300632 | lrm: 1.00 | dt: 4805.09ms | tok/sec: 218,222 | bf16_mfu: 48.10 | epoch: 1 pq: 2 rg: 37 | total time: 12.41m | eta: 181.3m
step 00169/02475 (6.83%) | loss: 2.329841 | lrm: 1.00 | dt: 4747.44ms | tok/sec: 220,871 | bf16_mfu: 48.69 | epoch: 1 pq: 2 rg: 38 | total time: 12.49m | eta: 181.2m
step 00170/02475 (6.87%) | loss: 2.338339 | lrm: 1.00 | dt: 4875.55ms | tok/sec: 215,068 | bf16_mfu: 47.41 | epoch: 1 pq: 2 rg: 39 | total time: 12.57m | eta: 181.2m
step 00171/02475 (6.91%) | loss: 2.368634 | lrm: 1.00 | dt: 4733.49ms | tok/sec: 221,522 | bf16_mfu: 48.83 | epoch: 1 pq: 2 rg: 40 | total time: 12.65m | eta: 181.1m
step 00172/02475 (6.95%) | loss: 2.347245 | lrm: 1.00 | dt: 4802.29ms | tok/sec: 218,349 | bf16_mfu: 48.13 | epoch: 1 pq: 2 rg: 41 | total time: 12.73m | eta: 181.0m
step 00173/02475 (6.99%) | loss: 2.358974 | lrm: 1.00 | dt: 4802.98ms | tok/sec: 218,317 | bf16_mfu: 48.12 | epoch: 1 pq: 2 rg: 42 | total time: 12.81m | eta: 181.0m
step 00174/02475 (7.03%) | loss: 2.348215 | lrm: 1.00 | dt: 4740.36ms | tok/sec: 221,201 | bf16_mfu: 48.76 | epoch: 1 pq: 2 rg: 43 | total time: 12.89m | eta: 180.9m
step 00175/02475 (7.07%) | loss: 2.356688 | lrm: 1.00 | dt: 4734.20ms | tok/sec: 221,489 | bf16_mfu: 48.82 | epoch: 1 pq: 2 rg: 44 | total time: 12.97m | eta: 180.8m
step 00176/02475 (7.11%) | loss: 2.347722 | lrm: 1.00 | dt: 4752.24ms | tok/sec: 220,648 | bf16_mfu: 48.64 | epoch: 1 pq: 2 rg: 45 | total time: 13.05m | eta: 180.7m
step 00177/02475 (7.15%) | loss: 2.327906 | lrm: 1.00 | dt: 4748.16ms | tok/sec: 220,838 | bf16_mfu: 48.68 | epoch: 1 pq: 2 rg: 47 | total time: 13.13m | eta: 180.7m
step 00178/02475 (7.19%) | loss: 2.337107 | lrm: 1.00 | dt: 4793.19ms | tok/sec: 218,763 | bf16_mfu: 48.22 | epoch: 1 pq: 2 rg: 48 | total time: 13.21m | eta: 180.6m
step 00179/02475 (7.23%) | loss: 2.342364 | lrm: 1.00 | dt: 5039.81ms | tok/sec: 208,058 | bf16_mfu: 45.86 | epoch: 1 pq: 2 rg: 49 | total time: 13.29m | eta: 180.6m
step 00180/02475 (7.27%) | loss: 2.325004 | lrm: 1.00 | dt: 4961.16ms | tok/sec: 211,356 | bf16_mfu: 46.59 | epoch: 1 pq: 2 rg: 50 | total time: 13.38m | eta: 180.6m
step 00181/02475 (7.31%) | loss: 2.305390 | lrm: 1.00 | dt: 4697.82ms | tok/sec: 223,204 | bf16_mfu: 49.20 | epoch: 1 pq: 2 rg: 51 | total time: 13.46m | eta: 180.5m
step 00182/02475 (7.35%) | loss: 2.303317 | lrm: 1.00 | dt: 4879.84ms | tok/sec: 214,879 | bf16_mfu: 47.36 | epoch: 1 pq: 2 rg: 52 | total time: 13.54m | eta: 180.5m
step 00183/02475 (7.39%) | loss: 2.301558 | lrm: 1.00 | dt: 4724.47ms | tok/sec: 221,945 | bf16_mfu: 48.92 | epoch: 1 pq: 2 rg: 53 | total time: 13.62m | eta: 180.4m
step 00184/02475 (7.43%) | loss: 2.304908 | lrm: 1.00 | dt: 4820.48ms | tok/sec: 217,525 | bf16_mfu: 47.95 | epoch: 1 pq: 2 rg: 54 | total time: 13.70m | eta: 180.3m
step 00185/02475 (7.47%) | loss: 2.291960 | lrm: 1.00 | dt: 4720.62ms | tok/sec: 222,126 | bf16_mfu: 48.96 | epoch: 1 pq: 2 rg: 55 | total time: 13.77m | eta: 180.2m
step 00186/02475 (7.52%) | loss: 2.311310 | lrm: 1.00 | dt: 4712.18ms | tok/sec: 222,524 | bf16_mfu: 49.05 | epoch: 1 pq: 2 rg: 56 | total time: 13.85m | eta: 180.2m
step 00187/02475 (7.56%) | loss: 2.303613 | lrm: 1.00 | dt: 4766.58ms | tok/sec: 219,984 | bf16_mfu: 48.49 | epoch: 1 pq: 2 rg: 58 | total time: 13.93m | eta: 180.1m
step 00188/02475 (7.60%) | loss: 2.298180 | lrm: 1.00 | dt: 4767.06ms | tok/sec: 219,962 | bf16_mfu: 48.49 | epoch: 1 pq: 2 rg: 59 | total time: 14.01m | eta: 180.0m
step 00189/02475 (7.64%) | loss: 2.290457 | lrm: 1.00 | dt: 4897.26ms | tok/sec: 214,114 | bf16_mfu: 47.20 | epoch: 1 pq: 2 rg: 60 | total time: 14.09m | eta: 180.0m
step 00190/02475 (7.68%) | loss: 2.297160 | lrm: 1.00 | dt: 4744.37ms | tok/sec: 221,014 | bf16_mfu: 48.72 | epoch: 1 pq: 2 rg: 61 | total time: 14.17m | eta: 179.9m
step 00191/02475 (7.72%) | loss: 2.293857 | lrm: 1.00 | dt: 4844.62ms | tok/sec: 216,441 | bf16_mfu: 47.71 | epoch: 1 pq: 2 rg: 62 | total time: 14.25m | eta: 179.9m
step 00192/02475 (7.76%) | loss: 2.269467 | lrm: 1.00 | dt: 4738.79ms | tok/sec: 221,275 | bf16_mfu: 48.77 | epoch: 1 pq: 2 rg: 63 | total time: 14.33m | eta: 179.8m
step 00193/02475 (7.80%) | loss: 2.232390 | lrm: 1.00 | dt: 5009.64ms | tok/sec: 209,311 | bf16_mfu: 46.14 | epoch: 1 pq: 2 rg: 64 | total time: 14.42m | eta: 179.8m
step 00194/02475 (7.84%) | loss: 2.235321 | lrm: 1.00 | dt: 4695.20ms | tok/sec: 223,329 | bf16_mfu: 49.23 | epoch: 1 pq: 2 rg: 65 | total time: 14.49m | eta: 179.7m
step 00195/02475 (7.88%) | loss: 2.245556 | lrm: 1.00 | dt: 4721.02ms | tok/sec: 222,107 | bf16_mfu: 48.96 | epoch: 1 pq: 2 rg: 66 | total time: 14.57m | eta: 179.6m
step 00196/02475 (7.92%) | loss: 2.265828 | lrm: 1.00 | dt: 4758.35ms | tok/sec: 220,365 | bf16_mfu: 48.57 | epoch: 1 pq: 2 rg: 67 | total time: 14.65m | eta: 179.5m
step 00197/02475 (7.96%) | loss: 2.264525 | lrm: 1.00 | dt: 4867.20ms | tok/sec: 215,437 | bf16_mfu: 47.49 | epoch: 1 pq: 2 rg: 69 | total time: 14.73m | eta: 179.5m
step 00198/02475 (8.00%) | loss: 2.268563 | lrm: 1.00 | dt: 4845.51ms | tok/sec: 216,401 | bf16_mfu: 47.70 | epoch: 1 pq: 2 rg: 70 | total time: 14.81m | eta: 179.4m
step 00199/02475 (8.04%) | loss: 2.276454 | lrm: 1.00 | dt: 4740.33ms | tok/sec: 221,202 | bf16_mfu: 48.76 | epoch: 1 pq: 2 rg: 71 | total time: 14.89m | eta: 179.3m
step 00200/02475 (8.08%) | loss: 2.239144 | lrm: 1.00 | dt: 4671.92ms | tok/sec: 224,442 | bf16_mfu: 49.47 | epoch: 1 pq: 2 rg: 72 | total time: 14.97m | eta: 179.3m
step 00201/02475 (8.12%) | loss: 2.205450 | lrm: 1.00 | dt: 4674.99ms | tok/sec: 224,294 | bf16_mfu: 49.44 | epoch: 1 pq: 2 rg: 73 | total time: 15.05m | eta: 179.2m
step 00202/02475 (8.16%) | loss: 2.209971 | lrm: 1.00 | dt: 4693.17ms | tok/sec: 223,425 | bf16_mfu: 49.25 | epoch: 1 pq: 2 rg: 74 | total time: 15.13m | eta: 179.1m
step 00203/02475 (8.20%) | loss: 2.213523 | lrm: 1.00 | dt: 4693.56ms | tok/sec: 223,407 | bf16_mfu: 49.24 | epoch: 1 pq: 2 rg: 75 | total time: 15.20m | eta: 179.0m
step 00204/02475 (8.24%) | loss: 2.203222 | lrm: 1.00 | dt: 4712.66ms | tok/sec: 222,502 | bf16_mfu: 49.04 | epoch: 1 pq: 2 rg: 76 | total time: 15.28m | eta: 178.9m
step 00205/02475 (8.28%) | loss: 2.206842 | lrm: 1.00 | dt: 4927.35ms | tok/sec: 212,807 | bf16_mfu: 46.91 | epoch: 1 pq: 2 rg: 77 | total time: 15.37m | eta: 178.9m
step 00206/02475 (8.32%) | loss: 2.204707 | lrm: 1.00 | dt: 4679.11ms | tok/sec: 224,097 | bf16_mfu: 49.40 | epoch: 1 pq: 2 rg: 78 | total time: 15.44m | eta: 178.8m
step 00207/02475 (8.36%) | loss: 2.239938 | lrm: 1.00 | dt: 4701.29ms | tok/sec: 223,040 | bf16_mfu: 49.16 | epoch: 1 pq: 2 rg: 79 | total time: 15.52m | eta: 178.7m
step 00208/02475 (8.40%) | loss: 2.240508 | lrm: 1.00 | dt: 4754.46ms | tok/sec: 220,545 | bf16_mfu: 48.61 | epoch: 1 pq: 2 rg: 81 | total time: 15.60m | eta: 178.6m
step 00209/02475 (8.44%) | loss: 2.220763 | lrm: 1.00 | dt: 4898.47ms | tok/sec: 214,061 | bf16_mfu: 47.18 | epoch: 1 pq: 2 rg: 82 | total time: 15.68m | eta: 178.6m
step 00210/02475 (8.48%) | loss: 2.228545 | lrm: 1.00 | dt: 4689.40ms | tok/sec: 223,605 | bf16_mfu: 49.29 | epoch: 1 pq: 2 rg: 83 | total time: 15.76m | eta: 178.5m
step 00211/02475 (8.53%) | loss: 2.214957 | lrm: 1.00 | dt: 4691.86ms | tok/sec: 223,488 | bf16_mfu: 49.26 | epoch: 1 pq: 2 rg: 84 | total time: 15.84m | eta: 178.4m
step 00212/02475 (8.57%) | loss: 2.205930 | lrm: 1.00 | dt: 4643.87ms | tok/sec: 225,798 | bf16_mfu: 49.77 | epoch: 1 pq: 2 rg: 85 | total time: 15.92m | eta: 178.3m
step 00213/02475 (8.61%) | loss: 2.163306 | lrm: 1.00 | dt: 4645.70ms | tok/sec: 225,708 | bf16_mfu: 49.75 | epoch: 1 pq: 2 rg: 86 | total time: 15.99m | eta: 178.2m
step 00214/02475 (8.65%) | loss: 2.175561 | lrm: 1.00 | dt: 4744.43ms | tok/sec: 221,012 | bf16_mfu: 48.72 | epoch: 1 pq: 2 rg: 87 | total time: 16.07m | eta: 178.1m
step 00215/02475 (8.69%) | loss: 2.160786 | lrm: 1.00 | dt: 4841.81ms | tok/sec: 216,566 | bf16_mfu: 47.74 | epoch: 1 pq: 2 rg: 88 | total time: 16.15m | eta: 178.1m
step 00216/02475 (8.73%) | loss: 2.173758 | lrm: 1.00 | dt: 4701.00ms | tok/sec: 223,053 | bf16_mfu: 49.17 | epoch: 1 pq: 2 rg: 89 | total time: 16.23m | eta: 178.0m
step 00217/02475 (8.77%) | loss: 2.135668 | lrm: 1.00 | dt: 4987.28ms | tok/sec: 210,249 | bf16_mfu: 46.34 | epoch: 1 pq: 2 rg: 90 | total time: 16.32m | eta: 178.0m
step 00218/02475 (8.81%) | loss: 2.159608 | lrm: 1.00 | dt: 4693.20ms | tok/sec: 223,424 | bf16_mfu: 49.25 | epoch: 1 pq: 2 rg: 91 | total time: 16.39m | eta: 177.9m
step 00219/02475 (8.85%) | loss: 2.173241 | lrm: 1.00 | dt: 4723.13ms | tok/sec: 222,008 | bf16_mfu: 48.94 | epoch: 1 pq: 2 rg: 93 | total time: 16.47m | eta: 177.8m
step 00220/02475 (8.89%) | loss: 2.140234 | lrm: 1.00 | dt: 4746.88ms | tok/sec: 220,897 | bf16_mfu: 48.69 | epoch: 1 pq: 2 rg: 94 | total time: 16.55m | eta: 177.7m
step 00221/02475 (8.93%) | loss: 2.120814 | lrm: 1.00 | dt: 4719.65ms | tok/sec: 222,172 | bf16_mfu: 48.97 | epoch: 1 pq: 2 rg: 95 | total time: 16.63m | eta: 177.6m
step 00222/02475 (8.97%) | loss: 2.115053 | lrm: 1.00 | dt: 4873.74ms | tok/sec: 215,148 | bf16_mfu: 47.42 | epoch: 1 pq: 2 rg: 96 | total time: 16.71m | eta: 177.6m
step 00223/02475 (9.01%) | loss: 2.145934 | lrm: 1.00 | dt: 4675.12ms | tok/sec: 224,288 | bf16_mfu: 49.44 | epoch: 1 pq: 2 rg: 97 | total time: 16.79m | eta: 177.5m
step 00224/02475 (9.05%) | loss: 2.149402 | lrm: 1.00 | dt: 4983.96ms | tok/sec: 210,390 | bf16_mfu: 46.38 | epoch: 1 pq: 2 rg: 98 | total time: 16.87m | eta: 177.5m
step 00225/02475 (9.09%) | loss: 2.127419 | lrm: 1.00 | dt: 4747.46ms | tok/sec: 220,871 | bf16_mfu: 48.69 | epoch: 1 pq: 2 rg: 99 | total time: 16.95m | eta: 177.4m
step 00226/02475 (9.13%) | loss: 2.112198 | lrm: 1.00 | dt: 4678.30ms | tok/sec: 224,136 | bf16_mfu: 49.41 | epoch: 1 pq: 2 rg: 100 | total time: 17.03m | eta: 177.3m
step 00227/02475 (9.17%) | loss: 2.132154 | lrm: 1.00 | dt: 4664.09ms | tok/sec: 224,818 | bf16_mfu: 49.56 | epoch: 1 pq: 2 rg: 101 | total time: 17.11m | eta: 177.2m
step 00228/02475 (9.21%) | loss: 2.369894 | lrm: 1.00 | dt: 4646.60ms | tok/sec: 225,665 | bf16_mfu: 49.74 | epoch: 1 pq: 3 rg: 1 | total time: 17.18m | eta: 177.1m
step 00229/02475 (9.25%) | loss: 2.587151 | lrm: 1.00 | dt: 4622.01ms | tok/sec: 226,865 | bf16_mfu: 50.01 | epoch: 1 pq: 3 rg: 3 | total time: 17.26m | eta: 177.0m
step 00230/02475 (9.29%) | loss: 2.777654 | lrm: 1.00 | dt: 4646.18ms | tok/sec: 225,685 | bf16_mfu: 49.75 | epoch: 1 pq: 3 rg: 5 | total time: 17.34m | eta: 176.9m
step 00231/02475 (9.33%) | loss: 2.932934 | lrm: 1.00 | dt: 4627.45ms | tok/sec: 226,599 | bf16_mfu: 49.95 | epoch: 1 pq: 3 rg: 7 | total time: 17.42m | eta: 176.8m
step 00232/02475 (9.37%) | loss: 3.067011 | lrm: 1.00 | dt: 4631.67ms | tok/sec: 226,392 | bf16_mfu: 49.90 | epoch: 1 pq: 3 rg: 8 | total time: 17.49m | eta: 176.7m
step 00233/02475 (9.41%) | loss: 3.165088 | lrm: 1.00 | dt: 4640.38ms | tok/sec: 225,967 | bf16_mfu: 49.81 | epoch: 1 pq: 3 rg: 10 | total time: 17.57m | eta: 176.7m
step 00234/02475 (9.45%) | loss: 3.277733 | lrm: 1.00 | dt: 4742.51ms | tok/sec: 221,101 | bf16_mfu: 48.74 | epoch: 1 pq: 3 rg: 12 | total time: 17.65m | eta: 176.6m
step 00235/02475 (9.49%) | loss: 3.354119 | lrm: 1.00 | dt: 4648.57ms | tok/sec: 225,569 | bf16_mfu: 49.72 | epoch: 1 pq: 3 rg: 14 | total time: 17.73m | eta: 176.5m
step 00236/02475 (9.54%) | loss: 3.418193 | lrm: 1.00 | dt: 4632.65ms | tok/sec: 226,344 | bf16_mfu: 49.89 | epoch: 1 pq: 3 rg: 16 | total time: 17.80m | eta: 176.4m
step 00237/02475 (9.58%) | loss: 3.473749 | lrm: 1.00 | dt: 4751.30ms | tok/sec: 220,692 | bf16_mfu: 48.65 | epoch: 1 pq: 3 rg: 18 | total time: 17.88m | eta: 176.3m
step 00238/02475 (9.62%) | loss: 3.516385 | lrm: 1.00 | dt: 4682.84ms | tok/sec: 223,919 | bf16_mfu: 49.36 | epoch: 1 pq: 3 rg: 20 | total time: 17.96m | eta: 176.2m
step 00239/02475 (9.66%) | loss: 3.560177 | lrm: 1.00 | dt: 4628.34ms | tok/sec: 226,555 | bf16_mfu: 49.94 | epoch: 1 pq: 3 rg: 22 | total time: 18.04m | eta: 176.1m
step 00240/02475 (9.70%) | loss: 3.593906 | lrm: 1.00 | dt: 4624.56ms | tok/sec: 226,740 | bf16_mfu: 49.98 | epoch: 1 pq: 3 rg: 24 | total time: 18.12m | eta: 176.0m
step 00241/02475 (9.74%) | loss: 3.614871 | lrm: 1.00 | dt: 4624.84ms | tok/sec: 226,727 | bf16_mfu: 49.98 | epoch: 1 pq: 3 rg: 26 | total time: 18.19m | eta: 175.9m
step 00242/02475 (9.78%) | loss: 3.641628 | lrm: 1.00 | dt: 4621.81ms | tok/sec: 226,875 | bf16_mfu: 50.01 | epoch: 1 pq: 3 rg: 28 | total time: 18.27m | eta: 175.8m
step 00243/02475 (9.82%) | loss: 3.656022 | lrm: 1.00 | dt: 4749.17ms | tok/sec: 220,791 | bf16_mfu: 48.67 | epoch: 1 pq: 3 rg: 30 | total time: 18.35m | eta: 175.8m
step 00244/02475 (9.86%) | loss: 3.683505 | lrm: 1.00 | dt: 4619.71ms | tok/sec: 226,978 | bf16_mfu: 50.03 | epoch: 1 pq: 3 rg: 32 | total time: 18.43m | eta: 175.7m
step 00245/02475 (9.90%) | loss: 3.684848 | lrm: 1.00 | dt: 4630.39ms | tok/sec: 226,455 | bf16_mfu: 49.92 | epoch: 1 pq: 3 rg: 34 | total time: 18.50m | eta: 175.6m
step 00246/02475 (9.94%) | loss: 3.691362 | lrm: 1.00 | dt: 4640.94ms | tok/sec: 225,940 | bf16_mfu: 49.80 | epoch: 1 pq: 3 rg: 36 | total time: 18.58m | eta: 175.5m
step 00247/02475 (9.98%) | loss: 3.687122 | lrm: 1.00 | dt: 4631.32ms | tok/sec: 226,409 | bf16_mfu: 49.91 | epoch: 1 pq: 3 rg: 38 | total time: 18.66m | eta: 175.4m
step 00248/02475 (10.02%) | loss: 3.671048 | lrm: 1.00 | dt: 4626.65ms | tok/sec: 226,638 | bf16_mfu: 49.96 | epoch: 1 pq: 3 rg: 39 | total time: 18.73m | eta: 175.3m
step 00249/02475 (10.06%) | loss: 3.672296 | lrm: 1.00 | dt: 4668.72ms | tok/sec: 224,595 | bf16_mfu: 49.51 | epoch: 1 pq: 3 rg: 41 | total time: 18.81m | eta: 175.2m
Step 00250 | Validation bpb: 1.131969
step 00250/02475 (10.10%) | loss: 3.672517 | lrm: 1.00 | dt: 4648.16ms | tok/sec: 225,589 | bf16_mfu: 49.73 | epoch: 1 pq: 3 rg: 43 | total time: 18.89m | eta: 175.1m
step 00251/02475 (10.14%) | loss: 3.678797 | lrm: 1.00 | dt: 4621.61ms | tok/sec: 226,885 | bf16_mfu: 50.01 | epoch: 1 pq: 3 rg: 45 | total time: 18.97m | eta: 175.0m
step 00252/02475 (10.18%) | loss: 3.681820 | lrm: 1.00 | dt: 4705.84ms | tok/sec: 222,824 | bf16_mfu: 49.12 | epoch: 1 pq: 3 rg: 47 | total time: 19.05m | eta: 175.0m
step 00253/02475 (10.22%) | loss: 3.690788 | lrm: 1.00 | dt: 4628.99ms | tok/sec: 226,523 | bf16_mfu: 49.93 | epoch: 1 pq: 3 rg: 49 | total time: 19.12m | eta: 174.9m
step 00254/02475 (10.26%) | loss: 3.686124 | lrm: 1.00 | dt: 4644.97ms | tok/sec: 225,744 | bf16_mfu: 49.76 | epoch: 1 pq: 3 rg: 51 | total time: 19.20m | eta: 174.8m
step 00255/02475 (10.30%) | loss: 3.692196 | lrm: 1.00 | dt: 4628.09ms | tok/sec: 226,567 | bf16_mfu: 49.94 | epoch: 1 pq: 3 rg: 53 | total time: 19.28m | eta: 174.7m
step 00256/02475 (10.34%) | loss: 3.685779 | lrm: 1.00 | dt: 4618.99ms | tok/sec: 227,014 | bf16_mfu: 50.04 | epoch: 1 pq: 3 rg: 55 | total time: 19.35m | eta: 174.6m
step 00257/02475 (10.38%) | loss: 3.662044 | lrm: 1.00 | dt: 4618.10ms | tok/sec: 227,057 | bf16_mfu: 50.05 | epoch: 1 pq: 3 rg: 57 | total time: 19.43m | eta: 174.5m
step 00258/02475 (10.42%) | loss: 3.649401 | lrm: 1.00 | dt: 4784.97ms | tok/sec: 219,139 | bf16_mfu: 48.30 | epoch: 1 pq: 3 rg: 59 | total time: 19.51m | eta: 174.4m
step 00259/02475 (10.46%) | loss: 3.639023 | lrm: 1.00 | dt: 4636.19ms | tok/sec: 226,172 | bf16_mfu: 49.85 | epoch: 1 pq: 3 rg: 61 | total time: 19.59m | eta: 174.3m
step 00260/02475 (10.51%) | loss: 3.629498 | lrm: 1.00 | dt: 4631.74ms | tok/sec: 226,389 | bf16_mfu: 49.90 | epoch: 1 pq: 3 rg: 63 | total time: 19.67m | eta: 174.2m
step 00261/02475 (10.55%) | loss: 3.637486 | lrm: 1.00 | dt: 4621.93ms | tok/sec: 226,869 | bf16_mfu: 50.01 | epoch: 1 pq: 3 rg: 65 | total time: 19.74m | eta: 174.1m
step 00262/02475 (10.59%) | loss: 3.654040 | lrm: 1.00 | dt: 4660.83ms | tok/sec: 224,976 | bf16_mfu: 49.59 | epoch: 1 pq: 3 rg: 67 | total time: 19.82m | eta: 174.1m
step 00263/02475 (10.63%) | loss: 3.638341 | lrm: 1.00 | dt: 4638.10ms | tok/sec: 226,078 | bf16_mfu: 49.83 | epoch: 1 pq: 3 rg: 69 | total time: 19.90m | eta: 174.0m
step 00264/02475 (10.67%) | loss: 3.610993 | lrm: 1.00 | dt: 4617.03ms | tok/sec: 227,110 | bf16_mfu: 50.06 | epoch: 1 pq: 3 rg: 70 | total time: 19.97m | eta: 173.9m
step 00265/02475 (10.71%) | loss: 3.607108 | lrm: 1.00 | dt: 4853.28ms | tok/sec: 216,055 | bf16_mfu: 47.62 | epoch: 1 pq: 3 rg: 72 | total time: 20.06m | eta: 173.8m
step 00266/02475 (10.75%) | loss: 3.604881 | lrm: 1.00 | dt: 4610.30ms | tok/sec: 227,442 | bf16_mfu: 50.13 | epoch: 1 pq: 3 rg: 74 | total time: 20.13m | eta: 173.7m
step 00267/02475 (10.79%) | loss: 3.606299 | lrm: 1.00 | dt: 4681.99ms | tok/sec: 223,959 | bf16_mfu: 49.37 | epoch: 1 pq: 3 rg: 76 | total time: 20.21m | eta: 173.6m
step 00268/02475 (10.83%) | loss: 3.605553 | lrm: 1.00 | dt: 4611.74ms | tok/sec: 227,370 | bf16_mfu: 50.12 | epoch: 1 pq: 3 rg: 78 | total time: 20.29m | eta: 173.5m
step 00269/02475 (10.87%) | loss: 3.594781 | lrm: 1.00 | dt: 4626.25ms | tok/sec: 226,657 | bf16_mfu: 49.96 | epoch: 1 pq: 3 rg: 80 | total time: 20.36m | eta: 173.4m
step 00270/02475 (10.91%) | loss: 3.587842 | lrm: 1.00 | dt: 4631.81ms | tok/sec: 226,385 | bf16_mfu: 49.90 | epoch: 1 pq: 3 rg: 82 | total time: 20.44m | eta: 173.4m
step 00271/02475 (10.95%) | loss: 3.582129 | lrm: 1.00 | dt: 4725.90ms | tok/sec: 221,878 | bf16_mfu: 48.91 | epoch: 1 pq: 4 rg: 0 | total time: 20.52m | eta: 173.3m
step 00272/02475 (10.99%) | loss: 3.595451 | lrm: 1.00 | dt: 4688.49ms | tok/sec: 223,648 | bf16_mfu: 49.30 | epoch: 1 pq: 4 rg: 2 | total time: 20.60m | eta: 173.2m
step 00273/02475 (11.03%) | loss: 3.573442 | lrm: 1.00 | dt: 4632.22ms | tok/sec: 226,365 | bf16_mfu: 49.90 | epoch: 1 pq: 4 rg: 4 | total time: 20.68m | eta: 173.1m
step 00274/02475 (11.07%) | loss: 3.562832 | lrm: 1.00 | dt: 4644.87ms | tok/sec: 225,749 | bf16_mfu: 49.76 | epoch: 1 pq: 4 rg: 6 | total time: 20.75m | eta: 173.0m
step 00275/02475 (11.11%) | loss: 3.558768 | lrm: 1.00 | dt: 4667.76ms | tok/sec: 224,642 | bf16_mfu: 49.52 | epoch: 1 pq: 4 rg: 8 | total time: 20.83m | eta: 172.9m
step 00276/02475 (11.15%) | loss: 3.537583 | lrm: 1.00 | dt: 4659.97ms | tok/sec: 225,017 | bf16_mfu: 49.60 | epoch: 1 pq: 4 rg: 10 | total time: 20.91m | eta: 172.8m
step 00277/02475 (11.19%) | loss: 3.517229 | lrm: 1.00 | dt: 4641.12ms | tok/sec: 225,931 | bf16_mfu: 49.80 | epoch: 1 pq: 4 rg: 12 | total time: 20.99m | eta: 172.8m
step 00278/02475 (11.23%) | loss: 3.522458 | lrm: 1.00 | dt: 4696.20ms | tok/sec: 223,281 | bf16_mfu: 49.22 | epoch: 1 pq: 4 rg: 14 | total time: 21.06m | eta: 172.7m
step 00279/02475 (11.27%) | loss: 3.518011 | lrm: 1.00 | dt: 4665.78ms | tok/sec: 224,737 | bf16_mfu: 49.54 | epoch: 1 pq: 4 rg: 16 | total time: 21.14m | eta: 172.6m
step 00280/02475 (11.31%) | loss: 3.498860 | lrm: 1.00 | dt: 4661.85ms | tok/sec: 224,926 | bf16_mfu: 49.58 | epoch: 1 pq: 4 rg: 18 | total time: 21.22m | eta: 172.5m
step 00281/02475 (11.35%) | loss: 3.487912 | lrm: 1.00 | dt: 4756.57ms | tok/sec: 220,447 | bf16_mfu: 48.59 | epoch: 1 pq: 4 rg: 20 | total time: 21.30m | eta: 172.4m
step 00282/02475 (11.39%) | loss: 3.481993 | lrm: 1.00 | dt: 4692.72ms | tok/sec: 223,447 | bf16_mfu: 49.25 | epoch: 1 pq: 4 rg: 21 | total time: 21.38m | eta: 172.4m
step 00283/02475 (11.43%) | loss: 3.484062 | lrm: 1.00 | dt: 4689.16ms | tok/sec: 223,617 | bf16_mfu: 49.29 | epoch: 1 pq: 4 rg: 23 | total time: 21.45m | eta: 172.3m
step 00284/02475 (11.47%) | loss: 3.447879 | lrm: 1.00 | dt: 4911.84ms | tok/sec: 213,479 | bf16_mfu: 47.06 | epoch: 1 pq: 4 rg: 25 | total time: 21.54m | eta: 172.2m
step 00285/02475 (11.52%) | loss: 3.455491 | lrm: 1.00 | dt: 4640.79ms | tok/sec: 225,947 | bf16_mfu: 49.80 | epoch: 1 pq: 4 rg: 27 | total time: 21.61m | eta: 172.1m
step 00286/02475 (11.56%) | loss: 3.448119 | lrm: 1.00 | dt: 4672.13ms | tok/sec: 224,432 | bf16_mfu: 49.47 | epoch: 1 pq: 4 rg: 29 | total time: 21.69m | eta: 172.0m
step 00287/02475 (11.60%) | loss: 3.447346 | lrm: 1.00 | dt: 4655.76ms | tok/sec: 225,221 | bf16_mfu: 49.64 | epoch: 1 pq: 4 rg: 31 | total time: 21.77m | eta: 172.0m
step 00288/02475 (11.64%) | loss: 3.437700 | lrm: 1.00 | dt: 4655.71ms | tok/sec: 225,223 | bf16_mfu: 49.64 | epoch: 1 pq: 4 rg: 33 | total time: 21.85m | eta: 171.9m
step 00289/02475 (11.68%) | loss: 3.433747 | lrm: 1.00 | dt: 4662.22ms | tok/sec: 224,909 | bf16_mfu: 49.58 | epoch: 1 pq: 4 rg: 35 | total time: 21.92m | eta: 171.8m
step 00290/02475 (11.72%) | loss: 3.437079 | lrm: 1.00 | dt: 4780.40ms | tok/sec: 219,349 | bf16_mfu: 48.35 | epoch: 1 pq: 4 rg: 37 | total time: 22.00m | eta: 171.7m
step 00291/02475 (11.76%) | loss: 3.417592 | lrm: 1.00 | dt: 4670.12ms | tok/sec: 224,528 | bf16_mfu: 49.49 | epoch: 1 pq: 4 rg: 39 | total time: 22.08m | eta: 171.6m
step 00292/02475 (11.80%) | loss: 3.406624 | lrm: 1.00 | dt: 4715.59ms | tok/sec: 222,363 | bf16_mfu: 49.01 | epoch: 1 pq: 4 rg: 41 | total time: 22.16m | eta: 171.6m
step 00293/02475 (11.84%) | loss: 3.414450 | lrm: 1.00 | dt: 4664.19ms | tok/sec: 224,814 | bf16_mfu: 49.55 | epoch: 1 pq: 4 rg: 43 | total time: 22.24m | eta: 171.5m
step 00294/02475 (11.88%) | loss: 3.422987 | lrm: 1.00 | dt: 4645.90ms | tok/sec: 225,699 | bf16_mfu: 49.75 | epoch: 1 pq: 4 rg: 45 | total time: 22.32m | eta: 171.4m
step 00295/02475 (11.92%) | loss: 3.412197 | lrm: 1.00 | dt: 4647.78ms | tok/sec: 225,607 | bf16_mfu: 49.73 | epoch: 1 pq: 4 rg: 47 | total time: 22.39m | eta: 171.3m
step 00296/02475 (11.96%) | loss: 3.416382 | lrm: 1.00 | dt: 4666.15ms | tok/sec: 224,719 | bf16_mfu: 49.53 | epoch: 1 pq: 4 rg: 48 | total time: 22.47m | eta: 171.2m
step 00297/02475 (12.00%) | loss: 3.400463 | lrm: 1.00 | dt: 4834.56ms | tok/sec: 216,891 | bf16_mfu: 47.81 | epoch: 1 pq: 4 rg: 50 | total time: 22.55m | eta: 171.1m
step 00298/02475 (12.04%) | loss: 3.418186 | lrm: 1.00 | dt: 4653.39ms | tok/sec: 225,336 | bf16_mfu: 49.67 | epoch: 1 pq: 4 rg: 52 | total time: 22.63m | eta: 171.1m
step 00299/02475 (12.08%) | loss: 3.412835 | lrm: 1.00 | dt: 4664.15ms | tok/sec: 224,816 | bf16_mfu: 49.55 | epoch: 1 pq: 4 rg: 54 | total time: 22.71m | eta: 171.0m
step 00300/02475 (12.12%) | loss: 3.396576 | lrm: 1.00 | dt: 4645.16ms | tok/sec: 225,735 | bf16_mfu: 49.76 | epoch: 1 pq: 4 rg: 56 | total time: 22.78m | eta: 170.9m
step 00301/02475 (12.16%) | loss: 3.380811 | lrm: 1.00 | dt: 4655.73ms | tok/sec: 225,222 | bf16_mfu: 49.64 | epoch: 1 pq: 4 rg: 58 | total time: 22.86m | eta: 170.8m
step 00302/02475 (12.20%) | loss: 3.387220 | lrm: 1.00 | dt: 4683.66ms | tok/sec: 223,879 | bf16_mfu: 49.35 | epoch: 1 pq: 4 rg: 60 | total time: 22.94m | eta: 170.7m
step 00303/02475 (12.24%) | loss: 3.378718 | lrm: 1.00 | dt: 4654.75ms | tok/sec: 225,270 | bf16_mfu: 49.65 | epoch: 1 pq: 4 rg: 62 | total time: 23.02m | eta: 170.6m
step 00304/02475 (12.28%) | loss: 3.389102 | lrm: 1.00 | dt: 4637.53ms | tok/sec: 226,106 | bf16_mfu: 49.84 | epoch: 1 pq: 4 rg: 64 | total time: 23.10m | eta: 170.5m
step 00305/02475 (12.32%) | loss: 3.383226 | lrm: 1.00 | dt: 4675.06ms | tok/sec: 224,291 | bf16_mfu: 49.44 | epoch: 1 pq: 4 rg: 66 | total time: 23.17m | eta: 170.5m
step 00306/02475 (12.36%) | loss: 3.385007 | lrm: 1.00 | dt: 4641.59ms | tok/sec: 225,908 | bf16_mfu: 49.80 | epoch: 1 pq: 4 rg: 68 | total time: 23.25m | eta: 170.4m
step 00307/02475 (12.40%) | loss: 3.380339 | lrm: 1.00 | dt: 4639.69ms | tok/sec: 226,001 | bf16_mfu: 49.82 | epoch: 1 pq: 4 rg: 70 | total time: 23.33m | eta: 170.3m
step 00308/02475 (12.44%) | loss: 3.378085 | lrm: 1.00 | dt: 4649.13ms | tok/sec: 225,542 | bf16_mfu: 49.71 | epoch: 1 pq: 4 rg: 72 | total time: 23.41m | eta: 170.2m
step 00309/02475 (12.48%) | loss: 3.376347 | lrm: 1.00 | dt: 4646.20ms | tok/sec: 225,684 | bf16_mfu: 49.75 | epoch: 1 pq: 4 rg: 74 | total time: 23.48m | eta: 170.1m
step 00310/02475 (12.53%) | loss: 3.374340 | lrm: 1.00 | dt: 4696.01ms | tok/sec: 223,290 | bf16_mfu: 49.22 | epoch: 1 pq: 4 rg: 76 | total time: 23.56m | eta: 170.0m
step 00311/02475 (12.57%) | loss: 3.387910 | lrm: 1.00 | dt: 4647.42ms | tok/sec: 225,625 | bf16_mfu: 49.73 | epoch: 1 pq: 4 rg: 77 | total time: 23.64m | eta: 169.9m
step 00312/02475 (12.61%) | loss: 3.388771 | lrm: 1.00 | dt: 4639.17ms | tok/sec: 226,026 | bf16_mfu: 49.82 | epoch: 1 pq: 4 rg: 79 | total time: 23.72m | eta: 169.9m
step 00313/02475 (12.65%) | loss: 3.385186 | lrm: 1.00 | dt: 4657.17ms | tok/sec: 225,152 | bf16_mfu: 49.63 | epoch: 1 pq: 4 rg: 81 | total time: 23.79m | eta: 169.8m
step 00314/02475 (12.69%) | loss: 3.310360 | lrm: 1.00 | dt: 4685.36ms | tok/sec: 223,798 | bf16_mfu: 49.33 | epoch: 1 pq: 5 rg: 0 | total time: 23.87m | eta: 169.7m
step 00315/02475 (12.73%) | loss: 3.229252 | lrm: 1.00 | dt: 4738.98ms | tok/sec: 221,265 | bf16_mfu: 48.77 | epoch: 1 pq: 5 rg: 1 | total time: 23.95m | eta: 169.6m
step 00316/02475 (12.77%) | loss: 3.149237 | lrm: 1.00 | dt: 4809.86ms | tok/sec: 218,005 | bf16_mfu: 48.05 | epoch: 1 pq: 5 rg: 2 | total time: 24.03m | eta: 169.5m
step 00317/02475 (12.81%) | loss: 3.064391 | lrm: 1.00 | dt: 4809.39ms | tok/sec: 218,026 | bf16_mfu: 48.06 | epoch: 1 pq: 5 rg: 3 | total time: 24.11m | eta: 169.5m
step 00318/02475 (12.85%) | loss: 3.007334 | lrm: 1.00 | dt: 4688.28ms | tok/sec: 223,659 | bf16_mfu: 49.30 | epoch: 1 pq: 5 rg: 4 | total time: 24.19m | eta: 169.4m
step 00319/02475 (12.89%) | loss: 2.955446 | lrm: 1.00 | dt: 4675.09ms | tok/sec: 224,289 | bf16_mfu: 49.44 | epoch: 1 pq: 5 rg: 5 | total time: 24.27m | eta: 169.3m
step 00320/02475 (12.93%) | loss: 2.880596 | lrm: 1.00 | dt: 4709.11ms | tok/sec: 222,669 | bf16_mfu: 49.08 | epoch: 1 pq: 5 rg: 6 | total time: 24.35m | eta: 169.2m
step 00321/02475 (12.97%) | loss: 2.820712 | lrm: 1.00 | dt: 4736.86ms | tok/sec: 221,365 | bf16_mfu: 48.79 | epoch: 1 pq: 5 rg: 8 | total time: 24.42m | eta: 169.2m
step 00322/02475 (13.01%) | loss: 2.757222 | lrm: 1.00 | dt: 4755.95ms | tok/sec: 220,476 | bf16_mfu: 48.60 | epoch: 1 pq: 5 rg: 9 | total time: 24.50m | eta: 169.1m
step 00323/02475 (13.05%) | loss: 2.707307 | lrm: 1.00 | dt: 4708.33ms | tok/sec: 222,706 | bf16_mfu: 49.09 | epoch: 1 pq: 5 rg: 10 | total time: 24.58m | eta: 169.0m
step 00324/02475 (13.09%) | loss: 2.659438 | lrm: 1.00 | dt: 4935.14ms | tok/sec: 212,471 | bf16_mfu: 46.83 | epoch: 1 pq: 5 rg: 11 | total time: 24.66m | eta: 169.0m
step 00325/02475 (13.13%) | loss: 2.603262 | lrm: 1.00 | dt: 4676.58ms | tok/sec: 224,218 | bf16_mfu: 49.42 | epoch: 1 pq: 5 rg: 12 | total time: 24.74m | eta: 168.9m
step 00326/02475 (13.17%) | loss: 2.554110 | lrm: 1.00 | dt: 4796.40ms | tok/sec: 218,617 | bf16_mfu: 48.19 | epoch: 1 pq: 5 rg: 13 | total time: 24.82m | eta: 168.8m
step 00327/02475 (13.21%) | loss: 2.461882 | lrm: 1.00 | dt: 4733.32ms | tok/sec: 221,530 | bf16_mfu: 48.83 | epoch: 1 pq: 5 rg: 14 | total time: 24.90m | eta: 168.7m
step 00328/02475 (13.25%) | loss: 2.448928 | lrm: 1.00 | dt: 4760.28ms | tok/sec: 220,276 | bf16_mfu: 48.55 | epoch: 1 pq: 5 rg: 15 | total time: 24.98m | eta: 168.7m
step 00329/02475 (13.29%) | loss: 2.398862 | lrm: 1.00 | dt: 4881.68ms | tok/sec: 214,798 | bf16_mfu: 47.35 | epoch: 1 pq: 5 rg: 16 | total time: 25.06m | eta: 168.6m
step 00330/02475 (13.33%) | loss: 2.323546 | lrm: 1.00 | dt: 4829.08ms | tok/sec: 217,137 | bf16_mfu: 47.86 | epoch: 1 pq: 5 rg: 17 | total time: 25.14m | eta: 168.5m
step 00331/02475 (13.37%) | loss: 2.299970 | lrm: 1.00 | dt: 4705.79ms | tok/sec: 222,826 | bf16_mfu: 49.12 | epoch: 1 pq: 5 rg: 18 | total time: 25.22m | eta: 168.5m
step 00332/02475 (13.41%) | loss: 2.318154 | lrm: 1.00 | dt: 4717.47ms | tok/sec: 222,275 | bf16_mfu: 48.99 | epoch: 1 pq: 5 rg: 20 | total time: 25.30m | eta: 168.4m
step 00333/02475 (13.45%) | loss: 2.302365 | lrm: 1.00 | dt: 4660.02ms | tok/sec: 225,015 | bf16_mfu: 49.60 | epoch: 1 pq: 5 rg: 21 | total time: 25.38m | eta: 168.3m
step 00334/02475 (13.49%) | loss: 2.306722 | lrm: 1.00 | dt: 4655.42ms | tok/sec: 225,237 | bf16_mfu: 49.65 | epoch: 1 pq: 5 rg: 22 | total time: 25.45m | eta: 168.2m
step 00335/02475 (13.54%) | loss: 2.306794 | lrm: 1.00 | dt: 4967.32ms | tok/sec: 211,094 | bf16_mfu: 46.53 | epoch: 1 pq: 5 rg: 23 | total time: 25.54m | eta: 168.2m
step 00336/02475 (13.58%) | loss: 2.299861 | lrm: 1.00 | dt: 4655.14ms | tok/sec: 225,251 | bf16_mfu: 49.65 | epoch: 1 pq: 5 rg: 24 | total time: 25.61m | eta: 168.1m
step 00337/02475 (13.62%) | loss: 2.285617 | lrm: 1.00 | dt: 4674.45ms | tok/sec: 224,320 | bf16_mfu: 49.45 | epoch: 1 pq: 5 rg: 25 | total time: 25.69m | eta: 168.0m
step 00338/02475 (13.66%) | loss: 2.244267 | lrm: 1.00 | dt: 4682.71ms | tok/sec: 223,925 | bf16_mfu: 49.36 | epoch: 1 pq: 5 rg: 26 | total time: 25.77m | eta: 167.9m
step 00339/02475 (13.70%) | loss: 2.232926 | lrm: 1.00 | dt: 4683.14ms | tok/sec: 223,904 | bf16_mfu: 49.35 | epoch: 1 pq: 5 rg: 27 | total time: 25.85m | eta: 167.8m
step 00340/02475 (13.74%) | loss: 2.238581 | lrm: 1.00 | dt: 4814.73ms | tok/sec: 217,784 | bf16_mfu: 48.01 | epoch: 1 pq: 5 rg: 28 | total time: 25.93m | eta: 167.8m
step 00341/02475 (13.78%) | loss: 2.199853 | lrm: 1.00 | dt: 4735.21ms | tok/sec: 221,442 | bf16_mfu: 48.81 | epoch: 1 pq: 5 rg: 29 | total time: 26.01m | eta: 167.7m
step 00342/02475 (13.82%) | loss: 2.183526 | lrm: 1.00 | dt: 4929.54ms | tok/sec: 212,712 | bf16_mfu: 46.89 | epoch: 1 pq: 5 rg: 31 | total time: 26.09m | eta: 167.6m
step 00343/02475 (13.86%) | loss: 2.173826 | lrm: 1.00 | dt: 4678.61ms | tok/sec: 224,121 | bf16_mfu: 49.40 | epoch: 1 pq: 5 rg: 32 | total time: 26.17m | eta: 167.5m
step 00344/02475 (13.90%) | loss: 2.149068 | lrm: 1.00 | dt: 4816.25ms | tok/sec: 217,716 | bf16_mfu: 47.99 | epoch: 1 pq: 5 rg: 33 | total time: 26.25m | eta: 167.5m
step 00345/02475 (13.94%) | loss: 2.159972 | lrm: 1.00 | dt: 4687.97ms | tok/sec: 223,673 | bf16_mfu: 49.30 | epoch: 1 pq: 5 rg: 34 | total time: 26.33m | eta: 167.4m
step 00346/02475 (13.98%) | loss: 2.169236 | lrm: 1.00 | dt: 4932.47ms | tok/sec: 212,586 | bf16_mfu: 46.86 | epoch: 1 pq: 5 rg: 35 | total time: 26.41m | eta: 167.3m
step 00347/02475 (14.02%) | loss: 2.150934 | lrm: 1.00 | dt: 4737.98ms | tok/sec: 221,312 | bf16_mfu: 48.78 | epoch: 1 pq: 5 rg: 36 | total time: 26.49m | eta: 167.3m
step 00348/02475 (14.06%) | loss: 2.169452 | lrm: 1.00 | dt: 4669.74ms | tok/sec: 224,547 | bf16_mfu: 49.50 | epoch: 1 pq: 5 rg: 37 | total time: 26.57m | eta: 167.2m
step 00349/02475 (14.10%) | loss: 2.147059 | lrm: 1.00 | dt: 4688.99ms | tok/sec: 223,625 | bf16_mfu: 49.29 | epoch: 1 pq: 5 rg: 38 | total time: 26.64m | eta: 167.1m
step 00350/02475 (14.14%) | loss: 2.154516 | lrm: 1.00 | dt: 4668.55ms | tok/sec: 224,604 | bf16_mfu: 49.51 | epoch: 1 pq: 5 rg: 39 | total time: 26.72m | eta: 167.0m
step 00351/02475 (14.18%) | loss: 2.171463 | lrm: 1.00 | dt: 4721.75ms | tok/sec: 222,073 | bf16_mfu: 48.95 | epoch: 1 pq: 5 rg: 40 | total time: 26.80m | eta: 166.9m
step 00352/02475 (14.22%) | loss: 2.170228 | lrm: 1.00 | dt: 4718.90ms | tok/sec: 222,207 | bf16_mfu: 48.98 | epoch: 1 pq: 5 rg: 42 | total time: 26.88m | eta: 166.9m
step 00353/02475 (14.26%) | loss: 2.165480 | lrm: 1.00 | dt: 4683.67ms | tok/sec: 223,878 | bf16_mfu: 49.35 | epoch: 1 pq: 5 rg: 43 | total time: 26.96m | eta: 166.8m
step 00354/02475 (14.30%) | loss: 2.130513 | lrm: 1.00 | dt: 4716.85ms | tok/sec: 222,304 | bf16_mfu: 49.00 | epoch: 1 pq: 5 rg: 44 | total time: 27.04m | eta: 166.7m
step 00355/02475 (14.34%) | loss: 2.078422 | lrm: 1.00 | dt: 4669.93ms | tok/sec: 224,537 | bf16_mfu: 49.49 | epoch: 1 pq: 5 rg: 45 | total time: 27.11m | eta: 166.6m
step 00356/02475 (14.38%) | loss: 2.057144 | lrm: 1.00 | dt: 4657.40ms | tok/sec: 225,142 | bf16_mfu: 49.63 | epoch: 1 pq: 5 rg: 46 | total time: 27.19m | eta: 166.5m
step 00357/02475 (14.42%) | loss: 2.046026 | lrm: 1.00 | dt: 4756.16ms | tok/sec: 220,466 | bf16_mfu: 48.60 | epoch: 1 pq: 5 rg: 47 | total time: 27.27m | eta: 166.5m
step 00358/02475 (14.46%) | loss: 2.043043 | lrm: 1.00 | dt: 4682.67ms | tok/sec: 223,926 | bf16_mfu: 49.36 | epoch: 1 pq: 5 rg: 48 | total time: 27.35m | eta: 166.4m
step 00359/02475 (14.51%) | loss: 2.025909 | lrm: 1.00 | dt: 4663.12ms | tok/sec: 224,865 | bf16_mfu: 49.57 | epoch: 1 pq: 5 rg: 49 | total time: 27.43m | eta: 166.3m
step 00360/02475 (14.55%) | loss: 1.963664 | lrm: 1.00 | dt: 4866.08ms | tok/sec: 215,486 | bf16_mfu: 47.50 | epoch: 1 pq: 5 rg: 50 | total time: 27.51m | eta: 166.2m
step 00361/02475 (14.59%) | loss: 1.958124 | lrm: 1.00 | dt: 4722.15ms | tok/sec: 222,054 | bf16_mfu: 48.95 | epoch: 1 pq: 5 rg: 51 | total time: 27.59m | eta: 166.1m
step 00362/02475 (14.63%) | loss: 1.942475 | lrm: 1.00 | dt: 4664.83ms | tok/sec: 224,783 | bf16_mfu: 49.55 | epoch: 1 pq: 5 rg: 52 | total time: 27.66m | eta: 166.1m
step 00363/02475 (14.67%) | loss: 1.919033 | lrm: 1.00 | dt: 4687.17ms | tok/sec: 223,711 | bf16_mfu: 49.31 | epoch: 1 pq: 5 rg: 54 | total time: 27.74m | eta: 166.0m
step 00364/02475 (14.71%) | loss: 1.921360 | lrm: 1.00 | dt: 4653.14ms | tok/sec: 225,348 | bf16_mfu: 49.67 | epoch: 1 pq: 5 rg: 55 | total time: 27.82m | eta: 165.9m
step 00365/02475 (14.75%) | loss: 1.924997 | lrm: 1.00 | dt: 4829.28ms | tok/sec: 217,128 | bf16_mfu: 47.86 | epoch: 1 pq: 5 rg: 56 | total time: 27.90m | eta: 165.8m
step 00366/02475 (14.79%) | loss: 1.957150 | lrm: 1.00 | dt: 4639.12ms | tok/sec: 226,028 | bf16_mfu: 49.82 | epoch: 1 pq: 5 rg: 57 | total time: 27.98m | eta: 165.7m
step 00367/02475 (14.83%) | loss: 1.952437 | lrm: 1.00 | dt: 4737.80ms | tok/sec: 221,321 | bf16_mfu: 48.78 | epoch: 1 pq: 5 rg: 58 | total time: 28.06m | eta: 165.7m
step 00368/02475 (14.87%) | loss: 1.959570 | lrm: 1.00 | dt: 4817.11ms | tok/sec: 217,677 | bf16_mfu: 47.98 | epoch: 1 pq: 5 rg: 59 | total time: 28.14m | eta: 165.6m
step 00369/02475 (14.91%) | loss: 1.965320 | lrm: 1.00 | dt: 4650.64ms | tok/sec: 225,469 | bf16_mfu: 49.70 | epoch: 1 pq: 5 rg: 60 | total time: 28.21m | eta: 165.5m
step 00370/02475 (14.95%) | loss: 1.994280 | lrm: 1.00 | dt: 4657.17ms | tok/sec: 225,153 | bf16_mfu: 49.63 | epoch: 1 pq: 5 rg: 61 | total time: 28.29m | eta: 165.4m
step 00371/02475 (14.99%) | loss: 1.997847 | lrm: 1.00 | dt: 4685.16ms | tok/sec: 223,808 | bf16_mfu: 49.33 | epoch: 1 pq: 5 rg: 62 | total time: 28.37m | eta: 165.3m
step 00372/02475 (15.03%) | loss: 2.021573 | lrm: 1.00 | dt: 4719.53ms | tok/sec: 222,177 | bf16_mfu: 48.97 | epoch: 1 pq: 5 rg: 63 | total time: 28.45m | eta: 165.3m
step 00373/02475 (15.07%) | loss: 2.016648 | lrm: 1.00 | dt: 4738.48ms | tok/sec: 221,289 | bf16_mfu: 48.78 | epoch: 1 pq: 5 rg: 64 | total time: 28.53m | eta: 165.2m
step 00374/02475 (15.11%) | loss: 2.023106 | lrm: 1.00 | dt: 4910.25ms | tok/sec: 213,548 | bf16_mfu: 47.07 | epoch: 1 pq: 5 rg: 66 | total time: 28.61m | eta: 165.1m
step 00375/02475 (15.15%) | loss: 2.022124 | lrm: 1.00 | dt: 4663.96ms | tok/sec: 224,825 | bf16_mfu: 49.56 | epoch: 1 pq: 5 rg: 67 | total time: 28.69m | eta: 165.0m
step 00376/02475 (15.19%) | loss: 2.029607 | lrm: 1.00 | dt: 5089.15ms | tok/sec: 206,041 | bf16_mfu: 45.42 | epoch: 1 pq: 5 rg: 68 | total time: 28.77m | eta: 165.0m
step 00377/02475 (15.23%) | loss: 2.038620 | lrm: 1.00 | dt: 4702.81ms | tok/sec: 222,967 | bf16_mfu: 49.15 | epoch: 1 pq: 5 rg: 69 | total time: 28.85m | eta: 164.9m
step 00378/02475 (15.27%) | loss: 2.024013 | lrm: 1.00 | dt: 4769.92ms | tok/sec: 219,830 | bf16_mfu: 48.46 | epoch: 1 pq: 5 rg: 70 | total time: 28.93m | eta: 164.9m
step 00379/02475 (15.31%) | loss: 1.965003 | lrm: 1.00 | dt: 4663.60ms | tok/sec: 224,842 | bf16_mfu: 49.56 | epoch: 1 pq: 5 rg: 71 | total time: 29.01m | eta: 164.8m
step 00380/02475 (15.35%) | loss: 1.966564 | lrm: 1.00 | dt: 4776.72ms | tok/sec: 219,518 | bf16_mfu: 48.39 | epoch: 1 pq: 5 rg: 72 | total time: 29.09m | eta: 164.7m
step 00381/02475 (15.39%) | loss: 1.964861 | lrm: 1.00 | dt: 4705.77ms | tok/sec: 222,827 | bf16_mfu: 49.12 | epoch: 1 pq: 5 rg: 73 | total time: 29.17m | eta: 164.6m
step 00382/02475 (15.43%) | loss: 1.959284 | lrm: 1.00 | dt: 4709.59ms | tok/sec: 222,646 | bf16_mfu: 49.08 | epoch: 1 pq: 5 rg: 74 | total time: 29.24m | eta: 164.5m
step 00383/02475 (15.47%) | loss: 1.976217 | lrm: 1.00 | dt: 4737.63ms | tok/sec: 221,329 | bf16_mfu: 48.79 | epoch: 1 pq: 5 rg: 75 | total time: 29.32m | eta: 164.5m
step 00384/02475 (15.52%) | loss: 1.968747 | lrm: 1.00 | dt: 4716.91ms | tok/sec: 222,301 | bf16_mfu: 49.00 | epoch: 1 pq: 5 rg: 76 | total time: 29.40m | eta: 164.4m
step 00385/02475 (15.56%) | loss: 1.945129 | lrm: 1.00 | dt: 4796.72ms | tok/sec: 218,602 | bf16_mfu: 48.19 | epoch: 1 pq: 5 rg: 78 | total time: 29.48m | eta: 164.3m
step 00386/02475 (15.60%) | loss: 1.925394 | lrm: 1.00 | dt: 4701.99ms | tok/sec: 223,006 | bf16_mfu: 49.16 | epoch: 1 pq: 5 rg: 79 | total time: 29.56m | eta: 164.2m
step 00387/02475 (15.64%) | loss: 1.904133 | lrm: 1.00 | dt: 4904.15ms | tok/sec: 213,813 | bf16_mfu: 47.13 | epoch: 1 pq: 5 rg: 80 | total time: 29.64m | eta: 164.2m
step 00388/02475 (15.68%) | loss: 1.946010 | lrm: 1.00 | dt: 4766.25ms | tok/sec: 219,999 | bf16_mfu: 48.49 | epoch: 1 pq: 5 rg: 81 | total time: 29.72m | eta: 164.1m
step 00389/02475 (15.72%) | loss: 1.942599 | lrm: 1.00 | dt: 4892.23ms | tok/sec: 214,335 | bf16_mfu: 47.24 | epoch: 1 pq: 5 rg: 82 | total time: 29.80m | eta: 164.0m
step 00390/02475 (15.76%) | loss: 1.979814 | lrm: 1.00 | dt: 4720.49ms | tok/sec: 222,132 | bf16_mfu: 48.96 | epoch: 1 pq: 5 rg: 83 | total time: 29.88m | eta: 164.0m
step 00391/02475 (15.80%) | loss: 2.022861 | lrm: 1.00 | dt: 4693.63ms | tok/sec: 223,404 | bf16_mfu: 49.24 | epoch: 1 pq: 5 rg: 84 | total time: 29.96m | eta: 163.9m
step 00392/02475 (15.84%) | loss: 2.003304 | lrm: 1.00 | dt: 4763.08ms | tok/sec: 220,146 | bf16_mfu: 48.53 | epoch: 1 pq: 5 rg: 85 | total time: 30.04m | eta: 163.8m
step 00393/02475 (15.88%) | loss: 1.967656 | lrm: 1.00 | dt: 4811.60ms | tok/sec: 217,926 | bf16_mfu: 48.04 | epoch: 1 pq: 5 rg: 86 | total time: 30.12m | eta: 163.7m
step 00394/02475 (15.92%) | loss: 1.996215 | lrm: 1.00 | dt: 4769.53ms | tok/sec: 219,849 | bf16_mfu: 48.46 | epoch: 1 pq: 5 rg: 87 | total time: 30.20m | eta: 163.7m
step 00395/02475 (15.96%) | loss: 1.974904 | lrm: 1.00 | dt: 4943.94ms | tok/sec: 212,093 | bf16_mfu: 46.75 | epoch: 1 pq: 5 rg: 89 | total time: 30.28m | eta: 163.6m
step 00396/02475 (16.00%) | loss: 1.986867 | lrm: 1.00 | dt: 4730.09ms | tok/sec: 221,682 | bf16_mfu: 48.86 | epoch: 1 pq: 5 rg: 90 | total time: 30.36m | eta: 163.5m
step 00397/02475 (16.04%) | loss: 1.967525 | lrm: 1.00 | dt: 4736.52ms | tok/sec: 221,381 | bf16_mfu: 48.80 | epoch: 1 pq: 5 rg: 91 | total time: 30.44m | eta: 163.4m
step 00398/02475 (16.08%) | loss: 1.948242 | lrm: 1.00 | dt: 4747.21ms | tok/sec: 220,882 | bf16_mfu: 48.69 | epoch: 1 pq: 5 rg: 92 | total time: 30.52m | eta: 163.4m
step 00399/02475 (16.12%) | loss: 1.959836 | lrm: 1.00 | dt: 4758.81ms | tok/sec: 220,344 | bf16_mfu: 48.57 | epoch: 1 pq: 5 rg: 93 | total time: 30.60m | eta: 163.3m
step 00400/02475 (16.16%) | loss: 1.940604 | lrm: 1.00 | dt: 4708.34ms | tok/sec: 222,705 | bf16_mfu: 49.09 | epoch: 1 pq: 5 rg: 94 | total time: 30.68m | eta: 163.2m
step 00401/02475 (16.20%) | loss: 1.915156 | lrm: 1.00 | dt: 4891.71ms | tok/sec: 214,357 | bf16_mfu: 47.25 | epoch: 1 pq: 5 rg: 95 | total time: 30.76m | eta: 163.1m
step 00402/02475 (16.24%) | loss: 1.924832 | lrm: 1.00 | dt: 4811.06ms | tok/sec: 217,951 | bf16_mfu: 48.04 | epoch: 1 pq: 5 rg: 96 | total time: 30.84m | eta: 163.1m
step 00403/02475 (16.28%) | loss: 1.955639 | lrm: 1.00 | dt: 4701.18ms | tok/sec: 223,045 | bf16_mfu: 49.16 | epoch: 1 pq: 5 rg: 97 | total time: 30.92m | eta: 163.0m
step 00404/02475 (16.32%) | loss: 1.963892 | lrm: 1.00 | dt: 4775.51ms | tok/sec: 219,573 | bf16_mfu: 48.40 | epoch: 1 pq: 5 rg: 98 | total time: 31.00m | eta: 162.9m
step 00405/02475 (16.36%) | loss: 1.967181 | lrm: 1.00 | dt: 4663.50ms | tok/sec: 224,847 | bf16_mfu: 49.56 | epoch: 1 pq: 5 rg: 99 | total time: 31.07m | eta: 162.8m
step 00406/02475 (16.40%) | loss: 2.001340 | lrm: 1.00 | dt: 4745.68ms | tok/sec: 220,953 | bf16_mfu: 48.70 | epoch: 1 pq: 5 rg: 101 | total time: 31.15m | eta: 162.8m
step 00407/02475 (16.44%) | loss: 2.002531 | lrm: 1.00 | dt: 4672.36ms | tok/sec: 224,421 | bf16_mfu: 49.47 | epoch: 1 pq: 5 rg: 102 | total time: 31.23m | eta: 162.7m
step 00408/02475 (16.48%) | loss: 1.999966 | lrm: 1.00 | dt: 4772.03ms | tok/sec: 219,733 | bf16_mfu: 48.43 | epoch: 1 pq: 6 rg: 1 | total time: 31.31m | eta: 162.6m
step 00409/02475 (16.53%) | loss: 1.978530 | lrm: 1.00 | dt: 4733.32ms | tok/sec: 221,530 | bf16_mfu: 48.83 | epoch: 1 pq: 6 rg: 2 | total time: 31.39m | eta: 162.5m
step 00410/02475 (16.57%) | loss: 1.976744 | lrm: 1.00 | dt: 4746.72ms | tok/sec: 220,905 | bf16_mfu: 48.69 | epoch: 1 pq: 6 rg: 3 | total time: 31.47m | eta: 162.5m
step 00411/02475 (16.61%) | loss: 2.000501 | lrm: 1.00 | dt: 4713.48ms | tok/sec: 222,463 | bf16_mfu: 49.04 | epoch: 1 pq: 6 rg: 4 | total time: 31.55m | eta: 162.4m
step 00412/02475 (16.65%) | loss: 2.011237 | lrm: 1.00 | dt: 4697.47ms | tok/sec: 223,221 | bf16_mfu: 49.20 | epoch: 1 pq: 6 rg: 5 | total time: 31.62m | eta: 162.3m
step 00413/02475 (16.69%) | loss: 2.008773 | lrm: 1.00 | dt: 4695.13ms | tok/sec: 223,332 | bf16_mfu: 49.23 | epoch: 1 pq: 6 rg: 6 | total time: 31.70m | eta: 162.2m
step 00414/02475 (16.73%) | loss: 2.002705 | lrm: 1.00 | dt: 4711.42ms | tok/sec: 222,560 | bf16_mfu: 49.06 | epoch: 1 pq: 6 rg: 7 | total time: 31.78m | eta: 162.1m
step 00415/02475 (16.77%) | loss: 2.035492 | lrm: 1.00 | dt: 4720.87ms | tok/sec: 222,115 | bf16_mfu: 48.96 | epoch: 1 pq: 6 rg: 8 | total time: 31.86m | eta: 162.1m
step 00416/02475 (16.81%) | loss: 1.998759 | lrm: 1.00 | dt: 4739.71ms | tok/sec: 221,231 | bf16_mfu: 48.76 | epoch: 1 pq: 6 rg: 9 | total time: 31.94m | eta: 162.0m
step 00417/02475 (16.85%) | loss: 1.999774 | lrm: 1.00 | dt: 4686.90ms | tok/sec: 223,724 | bf16_mfu: 49.31 | epoch: 1 pq: 6 rg: 10 | total time: 32.02m | eta: 161.9m
step 00418/02475 (16.89%) | loss: 1.986482 | lrm: 1.00 | dt: 4666.37ms | tok/sec: 224,709 | bf16_mfu: 49.53 | epoch: 1 pq: 6 rg: 11 | total time: 32.09m | eta: 161.8m
step 00419/02475 (16.93%) | loss: 1.974554 | lrm: 1.00 | dt: 4814.33ms | tok/sec: 217,803 | bf16_mfu: 48.01 | epoch: 1 pq: 6 rg: 13 | total time: 32.17m | eta: 161.7m
step 00420/02475 (16.97%) | loss: 1.922485 | lrm: 1.00 | dt: 4665.77ms | tok/sec: 224,737 | bf16_mfu: 49.54 | epoch: 1 pq: 6 rg: 14 | total time: 32.25m | eta: 161.7m
step 00421/02475 (17.01%) | loss: 1.949117 | lrm: 1.00 | dt: 4739.51ms | tok/sec: 221,241 | bf16_mfu: 48.77 | epoch: 1 pq: 6 rg: 15 | total time: 32.33m | eta: 161.6m
step 00422/02475 (17.05%) | loss: 1.954245 | lrm: 1.00 | dt: 4709.49ms | tok/sec: 222,651 | bf16_mfu: 49.08 | epoch: 1 pq: 6 rg: 16 | total time: 32.41m | eta: 161.5m
step 00423/02475 (17.09%) | loss: 1.936907 | lrm: 1.00 | dt: 4708.47ms | tok/sec: 222,699 | bf16_mfu: 49.09 | epoch: 1 pq: 6 rg: 17 | total time: 32.49m | eta: 161.4m
step 00424/02475 (17.13%) | loss: 1.914940 | lrm: 1.00 | dt: 4645.45ms | tok/sec: 225,720 | bf16_mfu: 49.75 | epoch: 1 pq: 6 rg: 18 | total time: 32.57m | eta: 161.3m
step 00425/02475 (17.17%) | loss: 1.929112 | lrm: 1.00 | dt: 4718.91ms | tok/sec: 222,207 | bf16_mfu: 48.98 | epoch: 1 pq: 6 rg: 19 | total time: 32.64m | eta: 161.3m
step 00426/02475 (17.21%) | loss: 1.938474 | lrm: 1.00 | dt: 4812.03ms | tok/sec: 217,907 | bf16_mfu: 48.03 | epoch: 1 pq: 6 rg: 20 | total time: 32.72m | eta: 161.2m
step 00427/02475 (17.25%) | loss: 1.961323 | lrm: 1.00 | dt: 4665.53ms | tok/sec: 224,749 | bf16_mfu: 49.54 | epoch: 1 pq: 6 rg: 21 | total time: 32.80m | eta: 161.1m
step 00428/02475 (17.29%) | loss: 1.955281 | lrm: 1.00 | dt: 4748.09ms | tok/sec: 220,841 | bf16_mfu: 48.68 | epoch: 1 pq: 6 rg: 22 | total time: 32.88m | eta: 161.0m
step 00429/02475 (17.33%) | loss: 1.932045 | lrm: 1.00 | dt: 4715.64ms | tok/sec: 222,361 | bf16_mfu: 49.01 | epoch: 1 pq: 6 rg: 24 | total time: 32.96m | eta: 160.9m
step 00430/02475 (17.37%) | loss: 1.939020 | lrm: 1.00 | dt: 4671.20ms | tok/sec: 224,476 | bf16_mfu: 49.48 | epoch: 1 pq: 6 rg: 25 | total time: 33.04m | eta: 160.9m
step 00431/02475 (17.41%) | loss: 1.935766 | lrm: 1.00 | dt: 4714.54ms | tok/sec: 222,413 | bf16_mfu: 49.03 | epoch: 1 pq: 6 rg: 26 | total time: 33.12m | eta: 160.8m
step 00432/02475 (17.45%) | loss: 1.935873 | lrm: 1.00 | dt: 4650.27ms | tok/sec: 225,487 | bf16_mfu: 49.70 | epoch: 1 pq: 6 rg: 27 | total time: 33.19m | eta: 160.7m
step 00433/02475 (17.49%) | loss: 1.911525 | lrm: 1.00 | dt: 4668.44ms | tok/sec: 224,609 | bf16_mfu: 49.51 | epoch: 1 pq: 6 rg: 28 | total time: 33.27m | eta: 160.6m
step 00434/02475 (17.54%) | loss: 1.927253 | lrm: 1.00 | dt: 4667.58ms | tok/sec: 224,650 | bf16_mfu: 49.52 | epoch: 1 pq: 6 rg: 29 | total time: 33.35m | eta: 160.5m
step 00435/02475 (17.58%) | loss: 1.934409 | lrm: 1.00 | dt: 4646.66ms | tok/sec: 225,662 | bf16_mfu: 49.74 | epoch: 1 pq: 6 rg: 30 | total time: 33.43m | eta: 160.5m
step 00436/02475 (17.62%) | loss: 1.937758 | lrm: 1.00 | dt: 4799.03ms | tok/sec: 218,497 | bf16_mfu: 48.16 | epoch: 1 pq: 6 rg: 31 | total time: 33.51m | eta: 160.4m
step 00437/02475 (17.66%) | loss: 1.914723 | lrm: 1.00 | dt: 4688.45ms | tok/sec: 223,651 | bf16_mfu: 49.30 | epoch: 1 pq: 6 rg: 32 | total time: 33.59m | eta: 160.3m
step 00438/02475 (17.70%) | loss: 1.913181 | lrm: 1.00 | dt: 4632.19ms | tok/sec: 226,367 | bf16_mfu: 49.90 | epoch: 1 pq: 6 rg: 33 | total time: 33.66m | eta: 160.2m
step 00439/02475 (17.74%) | loss: 1.917584 | lrm: 1.00 | dt: 4726.04ms | tok/sec: 221,871 | bf16_mfu: 48.91 | epoch: 1 pq: 6 rg: 35 | total time: 33.74m | eta: 160.1m
step 00440/02475 (17.78%) | loss: 1.934923 | lrm: 1.00 | dt: 4667.35ms | tok/sec: 224,662 | bf16_mfu: 49.52 | epoch: 1 pq: 6 rg: 36 | total time: 33.82m | eta: 160.1m
step 00441/02475 (17.82%) | loss: 1.939157 | lrm: 1.00 | dt: 4649.80ms | tok/sec: 225,510 | bf16_mfu: 49.71 | epoch: 1 pq: 6 rg: 37 | total time: 33.90m | eta: 160.0m
step 00442/02475 (17.86%) | loss: 1.956258 | lrm: 1.00 | dt: 4699.67ms | tok/sec: 223,116 | bf16_mfu: 49.18 | epoch: 1 pq: 6 rg: 38 | total time: 33.97m | eta: 159.9m
step 00443/02475 (17.90%) | loss: 1.968438 | lrm: 1.00 | dt: 4702.60ms | tok/sec: 222,977 | bf16_mfu: 49.15 | epoch: 1 pq: 6 rg: 39 | total time: 34.05m | eta: 159.8m
step 00444/02475 (17.94%) | loss: 1.949738 | lrm: 1.00 | dt: 4701.24ms | tok/sec: 223,042 | bf16_mfu: 49.16 | epoch: 1 pq: 6 rg: 40 | total time: 34.13m | eta: 159.7m
step 00445/02475 (17.98%) | loss: 1.956821 | lrm: 1.00 | dt: 4697.56ms | tok/sec: 223,217 | bf16_mfu: 49.20 | epoch: 1 pq: 6 rg: 41 | total time: 34.21m | eta: 159.6m
step 00446/02475 (18.02%) | loss: 1.963199 | lrm: 1.00 | dt: 4678.24ms | tok/sec: 224,138 | bf16_mfu: 49.41 | epoch: 1 pq: 6 rg: 42 | total time: 34.29m | eta: 159.6m
step 00447/02475 (18.06%) | loss: 1.970992 | lrm: 1.00 | dt: 4664.42ms | tok/sec: 224,802 | bf16_mfu: 49.55 | epoch: 1 pq: 6 rg: 43 | total time: 34.37m | eta: 159.5m
step 00448/02475 (18.10%) | loss: 1.963263 | lrm: 1.00 | dt: 4679.47ms | tok/sec: 224,080 | bf16_mfu: 49.39 | epoch: 1 pq: 6 rg: 44 | total time: 34.44m | eta: 159.4m
step 00449/02475 (18.14%) | loss: 1.962638 | lrm: 1.00 | dt: 4724.50ms | tok/sec: 221,944 | bf16_mfu: 48.92 | epoch: 1 pq: 6 rg: 45 | total time: 34.52m | eta: 159.3m
step 00450/02475 (18.18%) | loss: 1.965692 | lrm: 1.00 | dt: 4888.48ms | tok/sec: 214,499 | bf16_mfu: 47.28 | epoch: 1 pq: 6 rg: 47 | total time: 34.60m | eta: 159.3m
step 00451/02475 (18.22%) | loss: 1.952823 | lrm: 1.00 | dt: 4693.82ms | tok/sec: 223,395 | bf16_mfu: 49.24 | epoch: 1 pq: 6 rg: 48 | total time: 34.68m | eta: 159.2m
step 00452/02475 (18.26%) | loss: 1.957511 | lrm: 1.00 | dt: 4712.92ms | tok/sec: 222,489 | bf16_mfu: 49.04 | epoch: 1 pq: 6 rg: 49 | total time: 34.76m | eta: 159.1m
step 00453/02475 (18.30%) | loss: 1.950700 | lrm: 1.00 | dt: 4719.11ms | tok/sec: 222,197 | bf16_mfu: 48.98 | epoch: 1 pq: 6 rg: 50 | total time: 34.84m | eta: 159.0m
step 00454/02475 (18.34%) | loss: 1.978448 | lrm: 1.00 | dt: 4867.24ms | tok/sec: 215,435 | bf16_mfu: 47.49 | epoch: 1 pq: 6 rg: 51 | total time: 34.92m | eta: 159.0m
step 00455/02475 (18.38%) | loss: 1.955972 | lrm: 1.00 | dt: 4713.72ms | tok/sec: 222,451 | bf16_mfu: 49.03 | epoch: 1 pq: 6 rg: 52 | total time: 35.00m | eta: 158.9m
step 00456/02475 (18.42%) | loss: 1.943984 | lrm: 1.00 | dt: 4702.70ms | tok/sec: 222,973 | bf16_mfu: 49.15 | epoch: 1 pq: 6 rg: 53 | total time: 35.08m | eta: 158.8m
step 00457/02475 (18.46%) | loss: 1.945228 | lrm: 1.00 | dt: 4681.37ms | tok/sec: 223,989 | bf16_mfu: 49.37 | epoch: 1 pq: 6 rg: 54 | total time: 35.16m | eta: 158.7m
step 00458/02475 (18.51%) | loss: 1.931059 | lrm: 1.00 | dt: 4655.29ms | tok/sec: 225,243 | bf16_mfu: 49.65 | epoch: 1 pq: 6 rg: 55 | total time: 35.23m | eta: 158.6m
step 00459/02475 (18.55%) | loss: 1.969666 | lrm: 1.00 | dt: 4658.16ms | tok/sec: 225,105 | bf16_mfu: 49.62 | epoch: 1 pq: 6 rg: 56 | total time: 35.31m | eta: 158.5m
step 00460/02475 (18.59%) | loss: 1.966247 | lrm: 1.00 | dt: 4697.33ms | tok/sec: 223,227 | bf16_mfu: 49.20 | epoch: 1 pq: 6 rg: 58 | total time: 35.39m | eta: 158.5m
step 00461/02475 (18.63%) | loss: 1.940770 | lrm: 1.00 | dt: 4848.72ms | tok/sec: 216,258 | bf16_mfu: 47.67 | epoch: 1 pq: 6 rg: 59 | total time: 35.47m | eta: 158.4m
step 00462/02475 (18.67%) | loss: 1.941187 | lrm: 1.00 | dt: 4648.44ms | tok/sec: 225,575 | bf16_mfu: 49.72 | epoch: 1 pq: 6 rg: 60 | total time: 35.55m | eta: 158.3m
step 00463/02475 (18.71%) | loss: 1.944151 | lrm: 1.00 | dt: 4908.07ms | tok/sec: 213,643 | bf16_mfu: 47.09 | epoch: 1 pq: 6 rg: 61 | total time: 35.63m | eta: 158.2m
step 00464/02475 (18.75%) | loss: 1.936134 | lrm: 1.00 | dt: 4664.78ms | tok/sec: 224,785 | bf16_mfu: 49.55 | epoch: 1 pq: 6 rg: 62 | total time: 35.71m | eta: 158.2m
step 00465/02475 (18.79%) | loss: 1.933918 | lrm: 1.00 | dt: 4665.21ms | tok/sec: 224,765 | bf16_mfu: 49.54 | epoch: 1 pq: 6 rg: 63 | total time: 35.78m | eta: 158.1m
step 00466/02475 (18.83%) | loss: 1.938830 | lrm: 1.00 | dt: 4696.37ms | tok/sec: 223,273 | bf16_mfu: 49.21 | epoch: 1 pq: 6 rg: 64 | total time: 35.86m | eta: 158.0m
step 00467/02475 (18.87%) | loss: 1.936230 | lrm: 1.00 | dt: 4707.68ms | tok/sec: 222,737 | bf16_mfu: 49.10 | epoch: 1 pq: 6 rg: 65 | total time: 35.94m | eta: 157.9m
step 00468/02475 (18.91%) | loss: 1.915838 | lrm: 1.00 | dt: 4657.22ms | tok/sec: 225,150 | bf16_mfu: 49.63 | epoch: 1 pq: 6 rg: 66 | total time: 36.02m | eta: 157.8m
step 00469/02475 (18.95%) | loss: 1.909850 | lrm: 1.00 | dt: 4684.89ms | tok/sec: 223,821 | bf16_mfu: 49.34 | epoch: 1 pq: 6 rg: 67 | total time: 36.10m | eta: 157.8m
step 00470/02475 (18.99%) | loss: 1.873211 | lrm: 1.00 | dt: 4730.67ms | tok/sec: 221,654 | bf16_mfu: 48.86 | epoch: 1 pq: 6 rg: 68 | total time: 36.18m | eta: 157.7m
step 00471/02475 (19.03%) | loss: 1.876512 | lrm: 1.00 | dt: 4704.18ms | tok/sec: 222,902 | bf16_mfu: 49.13 | epoch: 1 pq: 6 rg: 69 | total time: 36.25m | eta: 157.6m
step 00472/02475 (19.07%) | loss: 1.891586 | lrm: 1.00 | dt: 4756.41ms | tok/sec: 220,455 | bf16_mfu: 48.59 | epoch: 1 pq: 6 rg: 71 | total time: 36.33m | eta: 157.5m
step 00473/02475 (19.11%) | loss: 1.919244 | lrm: 1.00 | dt: 4703.77ms | tok/sec: 222,922 | bf16_mfu: 49.14 | epoch: 1 pq: 6 rg: 72 | total time: 36.41m | eta: 157.4m
step 00474/02475 (19.15%) | loss: 1.906449 | lrm: 1.00 | dt: 4708.93ms | tok/sec: 222,678 | bf16_mfu: 49.08 | epoch: 1 pq: 6 rg: 73 | total time: 36.49m | eta: 157.4m
step 00475/02475 (19.19%) | loss: 1.922729 | lrm: 1.00 | dt: 4656.39ms | tok/sec: 225,190 | bf16_mfu: 49.64 | epoch: 1 pq: 6 rg: 74 | total time: 36.57m | eta: 157.3m
step 00476/02475 (19.23%) | loss: 1.943579 | lrm: 1.00 | dt: 4685.79ms | tok/sec: 223,777 | bf16_mfu: 49.33 | epoch: 1 pq: 6 rg: 75 | total time: 36.65m | eta: 157.2m
step 00477/02475 (19.27%) | loss: 1.933973 | lrm: 1.00 | dt: 4754.79ms | tok/sec: 220,530 | bf16_mfu: 48.61 | epoch: 1 pq: 6 rg: 76 | total time: 36.73m | eta: 157.1m
step 00478/02475 (19.31%) | loss: 1.912278 | lrm: 1.00 | dt: 4670.47ms | tok/sec: 224,511 | bf16_mfu: 49.49 | epoch: 1 pq: 6 rg: 77 | total time: 36.80m | eta: 157.0m
step 00479/02475 (19.35%) | loss: 1.920251 | lrm: 1.00 | dt: 4667.54ms | tok/sec: 224,652 | bf16_mfu: 49.52 | epoch: 1 pq: 6 rg: 78 | total time: 36.88m | eta: 157.0m
step 00480/02475 (19.39%) | loss: 1.922298 | lrm: 1.00 | dt: 4724.82ms | tok/sec: 221,929 | bf16_mfu: 48.92 | epoch: 1 pq: 6 rg: 79 | total time: 36.96m | eta: 156.9m
step 00481/02475 (19.43%) | loss: 1.941129 | lrm: 1.00 | dt: 4688.24ms | tok/sec: 223,660 | bf16_mfu: 49.30 | epoch: 1 pq: 6 rg: 80 | total time: 37.04m | eta: 156.8m
step 00482/02475 (19.47%) | loss: 1.916384 | lrm: 1.00 | dt: 4685.54ms | tok/sec: 223,789 | bf16_mfu: 49.33 | epoch: 1 pq: 6 rg: 82 | total time: 37.12m | eta: 156.7m
step 00483/02475 (19.52%) | loss: 1.943599 | lrm: 1.00 | dt: 4676.53ms | tok/sec: 224,221 | bf16_mfu: 49.42 | epoch: 1 pq: 6 rg: 83 | total time: 37.19m | eta: 156.6m
step 00484/02475 (19.56%) | loss: 1.929347 | lrm: 1.00 | dt: 4623.07ms | tok/sec: 226,813 | bf16_mfu: 50.00 | epoch: 1 pq: 6 rg: 84 | total time: 37.27m | eta: 156.6m
step 00485/02475 (19.60%) | loss: 1.918336 | lrm: 1.00 | dt: 4876.64ms | tok/sec: 215,020 | bf16_mfu: 47.40 | epoch: 1 pq: 6 rg: 85 | total time: 37.35m | eta: 156.5m
step 00486/02475 (19.64%) | loss: 1.914579 | lrm: 1.00 | dt: 4644.91ms | tok/sec: 225,747 | bf16_mfu: 49.76 | epoch: 1 pq: 6 rg: 86 | total time: 37.43m | eta: 156.4m
step 00487/02475 (19.68%) | loss: 1.929328 | lrm: 1.00 | dt: 4665.94ms | tok/sec: 224,729 | bf16_mfu: 49.54 | epoch: 1 pq: 6 rg: 87 | total time: 37.51m | eta: 156.3m
step 00488/02475 (19.72%) | loss: 1.950392 | lrm: 1.00 | dt: 4681.45ms | tok/sec: 223,985 | bf16_mfu: 49.37 | epoch: 1 pq: 6 rg: 88 | total time: 37.59m | eta: 156.2m
step 00489/02475 (19.76%) | loss: 1.939102 | lrm: 1.00 | dt: 4850.24ms | tok/sec: 216,190 | bf16_mfu: 47.65 | epoch: 1 pq: 6 rg: 89 | total time: 37.67m | eta: 156.2m
step 00490/02475 (19.80%) | loss: 1.956264 | lrm: 1.00 | dt: 4667.68ms | tok/sec: 224,646 | bf16_mfu: 49.52 | epoch: 1 pq: 6 rg: 90 | total time: 37.74m | eta: 156.1m
step 00491/02475 (19.84%) | loss: 1.964140 | lrm: 1.00 | dt: 4687.64ms | tok/sec: 223,689 | bf16_mfu: 49.31 | epoch: 1 pq: 6 rg: 91 | total time: 37.82m | eta: 156.0m
step 00492/02475 (19.88%) | loss: 1.958038 | lrm: 1.00 | dt: 4666.79ms | tok/sec: 224,688 | bf16_mfu: 49.53 | epoch: 1 pq: 6 rg: 93 | total time: 37.90m | eta: 155.9m
step 00493/02475 (19.92%) | loss: 1.947645 | lrm: 1.00 | dt: 4646.60ms | tok/sec: 225,665 | bf16_mfu: 49.74 | epoch: 1 pq: 6 rg: 94 | total time: 37.98m | eta: 155.8m
step 00494/02475 (19.96%) | loss: 1.929775 | lrm: 1.00 | dt: 4652.08ms | tok/sec: 225,399 | bf16_mfu: 49.68 | epoch: 1 pq: 6 rg: 95 | total time: 38.05m | eta: 155.8m
step 00495/02475 (20.00%) | loss: 1.936518 | lrm: 1.00 | dt: 4651.03ms | tok/sec: 225,450 | bf16_mfu: 49.69 | epoch: 1 pq: 6 rg: 96 | total time: 38.13m | eta: 155.7m
step 00496/02475 (20.04%) | loss: 1.926610 | lrm: 1.00 | dt: 4648.56ms | tok/sec: 225,570 | bf16_mfu: 49.72 | epoch: 1 pq: 6 rg: 97 | total time: 38.21m | eta: 155.6m
step 00497/02475 (20.08%) | loss: 1.909304 | lrm: 1.00 | dt: 4858.14ms | tok/sec: 215,839 | bf16_mfu: 47.58 | epoch: 1 pq: 6 rg: 98 | total time: 38.29m | eta: 155.5m
step 00498/02475 (20.12%) | loss: 1.907914 | lrm: 1.00 | dt: 4835.00ms | tok/sec: 216,872 | bf16_mfu: 47.80 | epoch: 1 pq: 6 rg: 99 | total time: 38.37m | eta: 155.5m
step 00499/02475 (20.16%) | loss: 1.898805 | lrm: 1.00 | dt: 4813.15ms | tok/sec: 217,856 | bf16_mfu: 48.02 | epoch: 1 pq: 6 rg: 100 | total time: 38.45m | eta: 155.4m
Step 00500 | Validation bpb: 1.143671
step 00500/02475 (20.20%) | loss: 1.894748 | lrm: 1.00 | dt: 4683.90ms | tok/sec: 223,867 | bf16_mfu: 49.35 | epoch: 1 pq: 6 rg: 101 | total time: 38.53m | eta: 155.3m
step 00501/02475 (20.24%) | loss: 2.089802 | lrm: 1.00 | dt: 4651.55ms | tok/sec: 225,424 | bf16_mfu: 49.69 | epoch: 1 pq: 7 rg: 1 | total time: 38.61m | eta: 155.2m
step 00502/02475 (20.28%) | loss: 2.246184 | lrm: 1.00 | dt: 4633.52ms | tok/sec: 226,302 | bf16_mfu: 49.88 | epoch: 1 pq: 7 rg: 3 | total time: 38.68m | eta: 155.1m
step 00503/02475 (20.32%) | loss: 2.403179 | lrm: 1.00 | dt: 4626.69ms | tok/sec: 226,636 | bf16_mfu: 49.96 | epoch: 1 pq: 7 rg: 5 | total time: 38.76m | eta: 155.0m
step 00504/02475 (20.36%) | loss: 2.527753 | lrm: 1.00 | dt: 4701.10ms | tok/sec: 223,049 | bf16_mfu: 49.17 | epoch: 1 pq: 7 rg: 7 | total time: 38.84m | eta: 155.0m
step 00505/02475 (20.40%) | loss: 2.639713 | lrm: 1.00 | dt: 4641.25ms | tok/sec: 225,925 | bf16_mfu: 49.80 | epoch: 1 pq: 7 rg: 9 | total time: 38.92m | eta: 154.9m
step 00506/02475 (20.44%) | loss: 2.728927 | lrm: 1.00 | dt: 4631.32ms | tok/sec: 226,409 | bf16_mfu: 49.91 | epoch: 1 pq: 7 rg: 10 | total time: 38.99m | eta: 154.8m
step 00507/02475 (20.48%) | loss: 2.803875 | lrm: 1.00 | dt: 4646.53ms | tok/sec: 225,668 | bf16_mfu: 49.74 | epoch: 1 pq: 7 rg: 12 | total time: 39.07m | eta: 154.7m
step 00508/02475 (20.53%) | loss: 2.883287 | lrm: 1.00 | dt: 4700.38ms | tok/sec: 223,083 | bf16_mfu: 49.17 | epoch: 1 pq: 7 rg: 14 | total time: 39.15m | eta: 154.6m
step 00509/02475 (20.57%) | loss: 2.943670 | lrm: 1.00 | dt: 4630.77ms | tok/sec: 226,436 | bf16_mfu: 49.91 | epoch: 1 pq: 7 rg: 16 | total time: 39.23m | eta: 154.6m
step 00510/02475 (20.61%) | loss: 2.999351 | lrm: 1.00 | dt: 4663.10ms | tok/sec: 224,866 | bf16_mfu: 49.57 | epoch: 1 pq: 7 rg: 18 | total time: 39.31m | eta: 154.5m
step 00511/02475 (20.65%) | loss: 3.034973 | lrm: 1.00 | dt: 4688.36ms | tok/sec: 223,655 | bf16_mfu: 49.30 | epoch: 1 pq: 7 rg: 20 | total time: 39.38m | eta: 154.4m
step 00512/02475 (20.69%) | loss: 3.068598 | lrm: 1.00 | dt: 4644.05ms | tok/sec: 225,789 | bf16_mfu: 49.77 | epoch: 1 pq: 7 rg: 22 | total time: 39.46m | eta: 154.3m
step 00513/02475 (20.73%) | loss: 3.108466 | lrm: 1.00 | dt: 4635.25ms | tok/sec: 226,217 | bf16_mfu: 49.86 | epoch: 1 pq: 7 rg: 24 | total time: 39.54m | eta: 154.2m
step 00514/02475 (20.77%) | loss: 3.149121 | lrm: 1.00 | dt: 4661.90ms | tok/sec: 224,924 | bf16_mfu: 49.58 | epoch: 1 pq: 7 rg: 26 | total time: 39.62m | eta: 154.1m
step 00515/02475 (20.81%) | loss: 3.189841 | lrm: 1.00 | dt: 4648.93ms | tok/sec: 225,552 | bf16_mfu: 49.72 | epoch: 1 pq: 7 rg: 28 | total time: 39.69m | eta: 154.1m
step 00516/02475 (20.85%) | loss: 3.202782 | lrm: 1.00 | dt: 4627.17ms | tok/sec: 226,612 | bf16_mfu: 49.95 | epoch: 1 pq: 7 rg: 30 | total time: 39.77m | eta: 154.0m
step 00517/02475 (20.89%) | loss: 3.225840 | lrm: 1.00 | dt: 4771.55ms | tok/sec: 219,755 | bf16_mfu: 48.44 | epoch: 1 pq: 7 rg: 32 | total time: 39.85m | eta: 153.9m
step 00518/02475 (20.93%) | loss: 3.244442 | lrm: 1.00 | dt: 4630.69ms | tok/sec: 226,440 | bf16_mfu: 49.91 | epoch: 1 pq: 7 rg: 34 | total time: 39.93m | eta: 153.8m
step 00519/02475 (20.97%) | loss: 3.280171 | lrm: 1.00 | dt: 4616.55ms | tok/sec: 227,134 | bf16_mfu: 50.07 | epoch: 1 pq: 7 rg: 36 | total time: 40.00m | eta: 153.7m
step 00520/02475 (21.01%) | loss: 3.290053 | lrm: 1.00 | dt: 4640.51ms | tok/sec: 225,961 | bf16_mfu: 49.81 | epoch: 1 pq: 7 rg: 38 | total time: 40.08m | eta: 153.6m
step 00521/02475 (21.05%) | loss: 3.300790 | lrm: 1.00 | dt: 4633.40ms | tok/sec: 226,307 | bf16_mfu: 49.88 | epoch: 1 pq: 7 rg: 39 | total time: 40.16m | eta: 153.6m
step 00522/02475 (21.09%) | loss: 3.316086 | lrm: 1.00 | dt: 4678.91ms | tok/sec: 224,106 | bf16_mfu: 49.40 | epoch: 1 pq: 7 rg: 41 | total time: 40.24m | eta: 153.5m
step 00523/02475 (21.13%) | loss: 3.337929 | lrm: 1.00 | dt: 4667.27ms | tok/sec: 224,665 | bf16_mfu: 49.52 | epoch: 1 pq: 7 rg: 43 | total time: 40.31m | eta: 153.4m
step 00524/02475 (21.17%) | loss: 3.337330 | lrm: 1.00 | dt: 4662.94ms | tok/sec: 224,874 | bf16_mfu: 49.57 | epoch: 1 pq: 7 rg: 45 | total time: 40.39m | eta: 153.3m
step 00525/02475 (21.21%) | loss: 3.331764 | lrm: 1.00 | dt: 4673.03ms | tok/sec: 224,388 | bf16_mfu: 49.46 | epoch: 1 pq: 7 rg: 47 | total time: 40.47m | eta: 153.2m
step 00526/02475 (21.25%) | loss: 3.345402 | lrm: 1.00 | dt: 4640.03ms | tok/sec: 225,984 | bf16_mfu: 49.81 | epoch: 1 pq: 7 rg: 49 | total time: 40.55m | eta: 153.2m
step 00527/02475 (21.29%) | loss: 3.343759 | lrm: 1.00 | dt: 4640.54ms | tok/sec: 225,959 | bf16_mfu: 49.81 | epoch: 1 pq: 7 rg: 51 | total time: 40.62m | eta: 153.1m
step 00528/02475 (21.33%) | loss: 3.336284 | lrm: 1.00 | dt: 4626.41ms | tok/sec: 226,650 | bf16_mfu: 49.96 | epoch: 1 pq: 7 rg: 53 | total time: 40.70m | eta: 153.0m
step 00529/02475 (21.37%) | loss: 3.328744 | lrm: 1.00 | dt: 4623.20ms | tok/sec: 226,807 | bf16_mfu: 49.99 | epoch: 1 pq: 7 rg: 55 | total time: 40.78m | eta: 152.9m
step 00530/02475 (21.41%) | loss: 3.321464 | lrm: 1.00 | dt: 4892.27ms | tok/sec: 214,333 | bf16_mfu: 47.24 | epoch: 1 pq: 7 rg: 57 | total time: 40.86m | eta: 152.8m
step 00531/02475 (21.45%) | loss: 3.329440 | lrm: 1.00 | dt: 4642.49ms | tok/sec: 225,865 | bf16_mfu: 49.79 | epoch: 1 pq: 7 rg: 59 | total time: 40.94m | eta: 152.7m
step 00532/02475 (21.49%) | loss: 3.335806 | lrm: 1.00 | dt: 4630.58ms | tok/sec: 226,446 | bf16_mfu: 49.91 | epoch: 1 pq: 7 rg: 61 | total time: 41.01m | eta: 152.7m
step 00533/02475 (21.54%) | loss: 3.335428 | lrm: 1.00 | dt: 4637.76ms | tok/sec: 226,095 | bf16_mfu: 49.84 | epoch: 1 pq: 7 rg: 63 | total time: 41.09m | eta: 152.6m
step 00534/02475 (21.58%) | loss: 3.323934 | lrm: 1.00 | dt: 4652.02ms | tok/sec: 225,402 | bf16_mfu: 49.68 | epoch: 1 pq: 7 rg: 65 | total time: 41.17m | eta: 152.5m
step 00535/02475 (21.62%) | loss: 3.331429 | lrm: 1.00 | dt: 4633.56ms | tok/sec: 226,300 | bf16_mfu: 49.88 | epoch: 1 pq: 7 rg: 66 | total time: 41.25m | eta: 152.4m
step 00536/02475 (21.66%) | loss: 3.335060 | lrm: 1.00 | dt: 4799.11ms | tok/sec: 218,493 | bf16_mfu: 48.16 | epoch: 1 pq: 7 rg: 68 | total time: 41.33m | eta: 152.3m
step 00537/02475 (21.70%) | loss: 3.329596 | lrm: 1.00 | dt: 4637.79ms | tok/sec: 226,094 | bf16_mfu: 49.84 | epoch: 1 pq: 7 rg: 70 | total time: 41.40m | eta: 152.3m
step 00538/02475 (21.74%) | loss: 3.322839 | lrm: 1.00 | dt: 4634.62ms | tok/sec: 226,248 | bf16_mfu: 49.87 | epoch: 1 pq: 7 rg: 72 | total time: 41.48m | eta: 152.2m
step 00539/02475 (21.78%) | loss: 3.308672 | lrm: 1.00 | dt: 4642.24ms | tok/sec: 225,877 | bf16_mfu: 49.79 | epoch: 1 pq: 7 rg: 74 | total time: 41.56m | eta: 152.1m
step 00540/02475 (21.82%) | loss: 3.309388 | lrm: 1.00 | dt: 4643.00ms | tok/sec: 225,840 | bf16_mfu: 49.78 | epoch: 1 pq: 7 rg: 76 | total time: 41.64m | eta: 152.0m
step 00541/02475 (21.86%) | loss: 3.291993 | lrm: 1.00 | dt: 4613.06ms | tok/sec: 227,305 | bf16_mfu: 50.10 | epoch: 1 pq: 7 rg: 78 | total time: 41.71m | eta: 151.9m
step 00542/02475 (21.90%) | loss: 3.294302 | lrm: 1.00 | dt: 4608.47ms | tok/sec: 227,532 | bf16_mfu: 50.15 | epoch: 1 pq: 7 rg: 80 | total time: 41.79m | eta: 151.8m
step 00543/02475 (21.94%) | loss: 3.284941 | lrm: 1.00 | dt: 4745.07ms | tok/sec: 220,982 | bf16_mfu: 48.71 | epoch: 1 pq: 8 rg: 0 | total time: 41.87m | eta: 151.8m
step 00544/02475 (21.98%) | loss: 3.286654 | lrm: 1.00 | dt: 4625.05ms | tok/sec: 226,716 | bf16_mfu: 49.97 | epoch: 1 pq: 8 rg: 2 | total time: 41.95m | eta: 151.7m
step 00545/02475 (22.02%) | loss: 3.280620 | lrm: 1.00 | dt: 4618.70ms | tok/sec: 227,028 | bf16_mfu: 50.04 | epoch: 1 pq: 8 rg: 4 | total time: 42.02m | eta: 151.6m
step 00546/02475 (22.06%) | loss: 3.287319 | lrm: 1.00 | dt: 4654.74ms | tok/sec: 225,270 | bf16_mfu: 49.66 | epoch: 1 pq: 8 rg: 6 | total time: 42.10m | eta: 151.5m
step 00547/02475 (22.10%) | loss: 3.288413 | lrm: 1.00 | dt: 4711.51ms | tok/sec: 222,556 | bf16_mfu: 49.06 | epoch: 1 pq: 8 rg: 8 | total time: 42.18m | eta: 151.4m
step 00548/02475 (22.14%) | loss: 3.273445 | lrm: 1.00 | dt: 4622.82ms | tok/sec: 226,825 | bf16_mfu: 50.00 | epoch: 1 pq: 8 rg: 9 | total time: 42.26m | eta: 151.4m
step 00549/02475 (22.18%) | loss: 3.258801 | lrm: 1.00 | dt: 4609.24ms | tok/sec: 227,494 | bf16_mfu: 50.15 | epoch: 1 pq: 8 rg: 11 | total time: 42.33m | eta: 151.3m
step 00550/02475 (22.22%) | loss: 3.261188 | lrm: 1.00 | dt: 4604.69ms | tok/sec: 227,719 | bf16_mfu: 50.19 | epoch: 1 pq: 8 rg: 13 | total time: 42.41m | eta: 151.2m
step 00551/02475 (22.26%) | loss: 3.264718 | lrm: 1.00 | dt: 4628.48ms | tok/sec: 226,548 | bf16_mfu: 49.94 | epoch: 1 pq: 8 rg: 15 | total time: 42.49m | eta: 151.1m
step 00552/02475 (22.30%) | loss: 3.265995 | lrm: 1.00 | dt: 4619.80ms | tok/sec: 226,974 | bf16_mfu: 50.03 | epoch: 1 pq: 8 rg: 17 | total time: 42.56m | eta: 151.0m
step 00553/02475 (22.34%) | loss: 3.249508 | lrm: 1.00 | dt: 4617.39ms | tok/sec: 227,092 | bf16_mfu: 50.06 | epoch: 1 pq: 8 rg: 19 | total time: 42.64m | eta: 150.9m
step 00554/02475 (22.38%) | loss: 3.249699 | lrm: 1.00 | dt: 4613.84ms | tok/sec: 227,267 | bf16_mfu: 50.10 | epoch: 1 pq: 8 rg: 21 | total time: 42.72m | eta: 150.8m
step 00555/02475 (22.42%) | loss: 3.265051 | lrm: 1.00 | dt: 4613.73ms | tok/sec: 227,272 | bf16_mfu: 50.10 | epoch: 1 pq: 8 rg: 23 | total time: 42.79m | eta: 150.8m
step 00556/02475 (22.46%) | loss: 3.262909 | lrm: 1.00 | dt: 4639.89ms | tok/sec: 225,991 | bf16_mfu: 49.81 | epoch: 1 pq: 8 rg: 25 | total time: 42.87m | eta: 150.7m
step 00557/02475 (22.51%) | loss: 3.265236 | lrm: 1.00 | dt: 4606.38ms | tok/sec: 227,635 | bf16_mfu: 50.18 | epoch: 1 pq: 8 rg: 27 | total time: 42.95m | eta: 150.6m
step 00558/02475 (22.55%) | loss: 3.260934 | lrm: 1.00 | dt: 4642.68ms | tok/sec: 225,855 | bf16_mfu: 49.78 | epoch: 1 pq: 8 rg: 29 | total time: 43.03m | eta: 150.5m
step 00559/02475 (22.59%) | loss: 3.245472 | lrm: 1.00 | dt: 4637.82ms | tok/sec: 226,092 | bf16_mfu: 49.84 | epoch: 1 pq: 8 rg: 31 | total time: 43.10m | eta: 150.4m
step 00560/02475 (22.63%) | loss: 3.254905 | lrm: 1.00 | dt: 4670.45ms | tok/sec: 224,513 | bf16_mfu: 49.49 | epoch: 1 pq: 8 rg: 33 | total time: 43.18m | eta: 150.3m
step 00561/02475 (22.67%) | loss: 3.250432 | lrm: 1.00 | dt: 4640.43ms | tok/sec: 225,965 | bf16_mfu: 49.81 | epoch: 1 pq: 8 rg: 35 | total time: 43.26m | eta: 150.3m
step 00562/02475 (22.71%) | loss: 3.257557 | lrm: 1.00 | dt: 4624.90ms | tok/sec: 226,724 | bf16_mfu: 49.98 | epoch: 1 pq: 8 rg: 37 | total time: 43.34m | eta: 150.2m
step 00563/02475 (22.75%) | loss: 3.254723 | lrm: 1.00 | dt: 4645.65ms | tok/sec: 225,711 | bf16_mfu: 49.75 | epoch: 1 pq: 8 rg: 39 | total time: 43.41m | eta: 150.1m
step 00564/02475 (22.79%) | loss: 3.259758 | lrm: 1.00 | dt: 4620.92ms | tok/sec: 226,919 | bf16_mfu: 50.02 | epoch: 1 pq: 8 rg: 40 | total time: 43.49m | eta: 150.0m
step 00565/02475 (22.83%) | loss: 3.243878 | lrm: 1.00 | dt: 4607.71ms | tok/sec: 227,569 | bf16_mfu: 50.16 | epoch: 1 pq: 8 rg: 42 | total time: 43.57m | eta: 149.9m
step 00566/02475 (22.87%) | loss: 3.240276 | lrm: 1.00 | dt: 4661.22ms | tok/sec: 224,957 | bf16_mfu: 49.59 | epoch: 1 pq: 8 rg: 44 | total time: 43.64m | eta: 149.9m
step 00567/02475 (22.91%) | loss: 3.240691 | lrm: 1.00 | dt: 4661.65ms | tok/sec: 224,936 | bf16_mfu: 49.58 | epoch: 1 pq: 8 rg: 46 | total time: 43.72m | eta: 149.8m
step 00568/02475 (22.95%) | loss: 3.248373 | lrm: 1.00 | dt: 4613.79ms | tok/sec: 227,269 | bf16_mfu: 50.10 | epoch: 1 pq: 8 rg: 48 | total time: 43.80m | eta: 149.7m
step 00569/02475 (22.99%) | loss: 3.239284 | lrm: 1.00 | dt: 4640.71ms | tok/sec: 225,951 | bf16_mfu: 49.81 | epoch: 1 pq: 8 rg: 50 | total time: 43.88m | eta: 149.6m
step 00570/02475 (23.03%) | loss: 3.228297 | lrm: 1.00 | dt: 4608.04ms | tok/sec: 227,553 | bf16_mfu: 50.16 | epoch: 1 pq: 8 rg: 52 | total time: 43.95m | eta: 149.5m
step 00571/02475 (23.07%) | loss: 3.232147 | lrm: 1.00 | dt: 4637.83ms | tok/sec: 226,092 | bf16_mfu: 49.84 | epoch: 1 pq: 8 rg: 54 | total time: 44.03m | eta: 149.4m
step 00572/02475 (23.11%) | loss: 3.235324 | lrm: 1.00 | dt: 4668.03ms | tok/sec: 224,629 | bf16_mfu: 49.51 | epoch: 1 pq: 8 rg: 56 | total time: 44.11m | eta: 149.4m
step 00573/02475 (23.15%) | loss: 3.232663 | lrm: 1.00 | dt: 4631.96ms | tok/sec: 226,378 | bf16_mfu: 49.90 | epoch: 1 pq: 8 rg: 58 | total time: 44.19m | eta: 149.3m
step 00574/02475 (23.19%) | loss: 3.238859 | lrm: 1.00 | dt: 4652.31ms | tok/sec: 225,388 | bf16_mfu: 49.68 | epoch: 1 pq: 8 rg: 60 | total time: 44.26m | eta: 149.2m
step 00575/02475 (23.23%) | loss: 3.242916 | lrm: 1.00 | dt: 4694.10ms | tok/sec: 223,381 | bf16_mfu: 49.24 | epoch: 1 pq: 8 rg: 62 | total time: 44.34m | eta: 149.1m
step 00576/02475 (23.27%) | loss: 3.242958 | lrm: 1.00 | dt: 4681.09ms | tok/sec: 224,002 | bf16_mfu: 49.38 | epoch: 1 pq: 8 rg: 64 | total time: 44.42m | eta: 149.0m
step 00577/02475 (23.31%) | loss: 3.239702 | lrm: 1.00 | dt: 4648.00ms | tok/sec: 225,597 | bf16_mfu: 49.73 | epoch: 1 pq: 8 rg: 66 | total time: 44.50m | eta: 149.0m
step 00578/02475 (23.35%) | loss: 3.228672 | lrm: 1.00 | dt: 4704.00ms | tok/sec: 222,911 | bf16_mfu: 49.14 | epoch: 1 pq: 8 rg: 68 | total time: 44.58m | eta: 148.9m
step 00579/02475 (23.39%) | loss: 3.232235 | lrm: 1.00 | dt: 4647.31ms | tok/sec: 225,630 | bf16_mfu: 49.73 | epoch: 1 pq: 8 rg: 70 | total time: 44.65m | eta: 148.8m
step 00580/02475 (23.43%) | loss: 3.222186 | lrm: 1.00 | dt: 4646.38ms | tok/sec: 225,675 | bf16_mfu: 49.74 | epoch: 1 pq: 8 rg: 72 | total time: 44.73m | eta: 148.7m
step 00581/02475 (23.47%) | loss: 3.221314 | lrm: 1.00 | dt: 4621.32ms | tok/sec: 226,899 | bf16_mfu: 50.01 | epoch: 1 pq: 8 rg: 73 | total time: 44.81m | eta: 148.6m
step 00582/02475 (23.52%) | loss: 3.215627 | lrm: 1.00 | dt: 4646.46ms | tok/sec: 225,672 | bf16_mfu: 49.74 | epoch: 1 pq: 8 rg: 75 | total time: 44.88m | eta: 148.5m
step 00583/02475 (23.56%) | loss: 3.232770 | lrm: 1.00 | dt: 4655.94ms | tok/sec: 225,212 | bf16_mfu: 49.64 | epoch: 1 pq: 8 rg: 77 | total time: 44.96m | eta: 148.5m
step 00584/02475 (23.60%) | loss: 3.226947 | lrm: 1.00 | dt: 4768.40ms | tok/sec: 219,901 | bf16_mfu: 48.47 | epoch: 1 pq: 8 rg: 79 | total time: 45.04m | eta: 148.4m
step 00585/02475 (23.64%) | loss: 3.222003 | lrm: 1.00 | dt: 4673.77ms | tok/sec: 224,353 | bf16_mfu: 49.45 | epoch: 1 pq: 8 rg: 81 | total time: 45.12m | eta: 148.3m
step 00586/02475 (23.68%) | loss: 3.109580 | lrm: 1.00 | dt: 4771.32ms | tok/sec: 219,766 | bf16_mfu: 48.44 | epoch: 1 pq: 9 rg: 0 | total time: 45.20m | eta: 148.2m
step 00587/02475 (23.72%) | loss: 3.002492 | lrm: 1.00 | dt: 4726.27ms | tok/sec: 221,861 | bf16_mfu: 48.90 | epoch: 1 pq: 9 rg: 1 | total time: 45.28m | eta: 148.2m
step 00588/02475 (23.76%) | loss: 2.919756 | lrm: 1.00 | dt: 4860.26ms | tok/sec: 215,744 | bf16_mfu: 47.56 | epoch: 1 pq: 9 rg: 3 | total time: 45.36m | eta: 148.1m
step 00589/02475 (23.80%) | loss: 2.821455 | lrm: 1.00 | dt: 4740.38ms | tok/sec: 221,200 | bf16_mfu: 48.76 | epoch: 1 pq: 9 rg: 4 | total time: 45.44m | eta: 148.0m
step 00590/02475 (23.84%) | loss: 2.749143 | lrm: 1.00 | dt: 4742.06ms | tok/sec: 221,122 | bf16_mfu: 48.74 | epoch: 1 pq: 9 rg: 5 | total time: 45.52m | eta: 147.9m
step 00591/02475 (23.88%) | loss: 2.672686 | lrm: 1.00 | dt: 4719.08ms | tok/sec: 222,199 | bf16_mfu: 48.98 | epoch: 1 pq: 9 rg: 6 | total time: 45.60m | eta: 147.9m
step 00592/02475 (23.92%) | loss: 2.602149 | lrm: 1.00 | dt: 4674.47ms | tok/sec: 224,319 | bf16_mfu: 49.45 | epoch: 1 pq: 9 rg: 7 | total time: 45.67m | eta: 147.8m
step 00593/02475 (23.96%) | loss: 2.523242 | lrm: 1.00 | dt: 4711.17ms | tok/sec: 222,572 | bf16_mfu: 49.06 | epoch: 1 pq: 9 rg: 8 | total time: 45.75m | eta: 147.7m
step 00594/02475 (24.00%) | loss: 2.466663 | lrm: 1.00 | dt: 4745.02ms | tok/sec: 220,984 | bf16_mfu: 48.71 | epoch: 1 pq: 9 rg: 9 | total time: 45.83m | eta: 147.6m
step 00595/02475 (24.04%) | loss: 2.404146 | lrm: 1.00 | dt: 4797.66ms | tok/sec: 218,559 | bf16_mfu: 48.18 | epoch: 1 pq: 9 rg: 10 | total time: 45.91m | eta: 147.5m
step 00596/02475 (24.08%) | loss: 2.354467 | lrm: 1.00 | dt: 4729.33ms | tok/sec: 221,717 | bf16_mfu: 48.87 | epoch: 1 pq: 9 rg: 11 | total time: 45.99m | eta: 147.5m
step 00597/02475 (24.12%) | loss: 2.323754 | lrm: 1.00 | dt: 4710.75ms | tok/sec: 222,592 | bf16_mfu: 49.06 | epoch: 1 pq: 9 rg: 12 | total time: 46.07m | eta: 147.4m
step 00598/02475 (24.16%) | loss: 2.300788 | lrm: 1.00 | dt: 4835.84ms | tok/sec: 216,834 | bf16_mfu: 47.80 | epoch: 1 pq: 9 rg: 14 | total time: 46.15m | eta: 147.3m
step 00599/02475 (24.20%) | loss: 2.245846 | lrm: 1.00 | dt: 4715.91ms | tok/sec: 222,348 | bf16_mfu: 49.01 | epoch: 1 pq: 9 rg: 15 | total time: 46.23m | eta: 147.2m
step 00600/02475 (24.24%) | loss: 2.182327 | lrm: 1.00 | dt: 4777.18ms | tok/sec: 219,496 | bf16_mfu: 48.38 | epoch: 1 pq: 9 rg: 16 | total time: 46.31m | eta: 147.2m
step 00601/02475 (24.28%) | loss: 2.150950 | lrm: 1.00 | dt: 4697.90ms | tok/sec: 223,201 | bf16_mfu: 49.20 | epoch: 1 pq: 9 rg: 17 | total time: 46.39m | eta: 147.1m
step 00602/02475 (24.32%) | loss: 2.137827 | lrm: 1.00 | dt: 4689.87ms | tok/sec: 223,583 | bf16_mfu: 49.28 | epoch: 1 pq: 9 rg: 18 | total time: 46.46m | eta: 147.0m
step 00603/02475 (24.36%) | loss: 2.125203 | lrm: 1.00 | dt: 4722.97ms | tok/sec: 222,016 | bf16_mfu: 48.94 | epoch: 1 pq: 9 rg: 19 | total time: 46.54m | eta: 146.9m
step 00604/02475 (24.40%) | loss: 2.082961 | lrm: 1.00 | dt: 4685.96ms | tok/sec: 223,769 | bf16_mfu: 49.32 | epoch: 1 pq: 9 rg: 20 | total time: 46.62m | eta: 146.8m
step 00605/02475 (24.44%) | loss: 2.065085 | lrm: 1.00 | dt: 4710.08ms | tok/sec: 222,623 | bf16_mfu: 49.07 | epoch: 1 pq: 9 rg: 21 | total time: 46.70m | eta: 146.8m
step 00606/02475 (24.48%) | loss: 2.048607 | lrm: 1.00 | dt: 4807.57ms | tok/sec: 218,109 | bf16_mfu: 48.08 | epoch: 1 pq: 9 rg: 22 | total time: 46.78m | eta: 146.7m
step 00607/02475 (24.53%) | loss: 2.007291 | lrm: 1.00 | dt: 4931.43ms | tok/sec: 212,631 | bf16_mfu: 46.87 | epoch: 1 pq: 9 rg: 24 | total time: 46.86m | eta: 146.6m
step 00608/02475 (24.57%) | loss: 1.982186 | lrm: 1.00 | dt: 4751.37ms | tok/sec: 220,689 | bf16_mfu: 48.65 | epoch: 1 pq: 9 rg: 25 | total time: 46.94m | eta: 146.6m
step 00609/02475 (24.61%) | loss: 1.981579 | lrm: 1.00 | dt: 4772.97ms | tok/sec: 219,690 | bf16_mfu: 48.43 | epoch: 1 pq: 9 rg: 26 | total time: 47.02m | eta: 146.5m
step 00610/02475 (24.65%) | loss: 1.968625 | lrm: 1.00 | dt: 4736.31ms | tok/sec: 221,390 | bf16_mfu: 48.80 | epoch: 1 pq: 9 rg: 27 | total time: 47.10m | eta: 146.4m
step 00611/02475 (24.69%) | loss: 1.977410 | lrm: 1.00 | dt: 4732.30ms | tok/sec: 221,578 | bf16_mfu: 48.84 | epoch: 1 pq: 9 rg: 28 | total time: 47.18m | eta: 146.3m
step 00612/02475 (24.73%) | loss: 1.965382 | lrm: 1.00 | dt: 4826.43ms | tok/sec: 217,256 | bf16_mfu: 47.89 | epoch: 1 pq: 9 rg: 29 | total time: 47.26m | eta: 146.2m
step 00613/02475 (24.77%) | loss: 1.936146 | lrm: 1.00 | dt: 4800.94ms | tok/sec: 218,410 | bf16_mfu: 48.14 | epoch: 1 pq: 9 rg: 30 | total time: 47.34m | eta: 146.2m
step 00614/02475 (24.81%) | loss: 1.900811 | lrm: 1.00 | dt: 4794.34ms | tok/sec: 218,711 | bf16_mfu: 48.21 | epoch: 1 pq: 9 rg: 31 | total time: 47.42m | eta: 146.1m
step 00615/02475 (24.85%) | loss: 1.855569 | lrm: 1.00 | dt: 4941.28ms | tok/sec: 212,207 | bf16_mfu: 46.78 | epoch: 1 pq: 9 rg: 32 | total time: 47.50m | eta: 146.0m
step 00616/02475 (24.89%) | loss: 1.861226 | lrm: 1.00 | dt: 4732.78ms | tok/sec: 221,555 | bf16_mfu: 48.84 | epoch: 1 pq: 9 rg: 33 | total time: 47.58m | eta: 146.0m
step 00617/02475 (24.93%) | loss: 1.868925 | lrm: 1.00 | dt: 4664.62ms | tok/sec: 224,793 | bf16_mfu: 49.55 | epoch: 1 pq: 9 rg: 34 | total time: 47.66m | eta: 145.9m
step 00618/02475 (24.97%) | loss: 1.875785 | lrm: 1.00 | dt: 4736.09ms | tok/sec: 221,401 | bf16_mfu: 48.80 | epoch: 1 pq: 9 rg: 36 | total time: 47.74m | eta: 145.8m
step 00619/02475 (25.01%) | loss: 1.872492 | lrm: 1.00 | dt: 4676.68ms | tok/sec: 224,213 | bf16_mfu: 49.42 | epoch: 1 pq: 9 rg: 37 | total time: 47.81m | eta: 145.7m
step 00620/02475 (25.05%) | loss: 1.861570 | lrm: 1.00 | dt: 4712.52ms | tok/sec: 222,508 | bf16_mfu: 49.05 | epoch: 1 pq: 9 rg: 38 | total time: 47.89m | eta: 145.6m
step 00621/02475 (25.09%) | loss: 1.870124 | lrm: 1.00 | dt: 4711.92ms | tok/sec: 222,536 | bf16_mfu: 49.05 | epoch: 1 pq: 9 rg: 39 | total time: 47.97m | eta: 145.6m
step 00622/02475 (25.13%) | loss: 1.874635 | lrm: 1.00 | dt: 4673.84ms | tok/sec: 224,350 | bf16_mfu: 49.45 | epoch: 1 pq: 9 rg: 40 | total time: 48.05m | eta: 145.5m
step 00623/02475 (25.17%) | loss: 1.887813 | lrm: 1.00 | dt: 4754.74ms | tok/sec: 220,532 | bf16_mfu: 48.61 | epoch: 1 pq: 9 rg: 41 | total time: 48.13m | eta: 145.4m
step 00624/02475 (25.21%) | loss: 1.902106 | lrm: 1.00 | dt: 4669.99ms | tok/sec: 224,534 | bf16_mfu: 49.49 | epoch: 1 pq: 9 rg: 42 | total time: 48.21m | eta: 145.3m
step 00625/02475 (25.25%) | loss: 1.883402 | lrm: 1.00 | dt: 4689.03ms | tok/sec: 223,623 | bf16_mfu: 49.29 | epoch: 1 pq: 9 rg: 43 | total time: 48.28m | eta: 145.2m
step 00626/02475 (25.29%) | loss: 1.897164 | lrm: 1.00 | dt: 4649.21ms | tok/sec: 225,538 | bf16_mfu: 49.71 | epoch: 1 pq: 9 rg: 44 | total time: 48.36m | eta: 145.2m
step 00627/02475 (25.33%) | loss: 1.913383 | lrm: 1.00 | dt: 4678.30ms | tok/sec: 224,135 | bf16_mfu: 49.40 | epoch: 1 pq: 9 rg: 46 | total time: 48.44m | eta: 145.1m
step 00628/02475 (25.37%) | loss: 1.898068 | lrm: 1.00 | dt: 4725.04ms | tok/sec: 221,918 | bf16_mfu: 48.92 | epoch: 1 pq: 9 rg: 47 | total time: 48.52m | eta: 145.0m
step 00629/02475 (25.41%) | loss: 1.889457 | lrm: 1.00 | dt: 4679.63ms | tok/sec: 224,072 | bf16_mfu: 49.39 | epoch: 1 pq: 9 rg: 48 | total time: 48.60m | eta: 144.9m
step 00630/02475 (25.45%) | loss: 1.892738 | lrm: 1.00 | dt: 4702.91ms | tok/sec: 222,963 | bf16_mfu: 49.15 | epoch: 1 pq: 9 rg: 49 | total time: 48.67m | eta: 144.8m
step 00631/02475 (25.49%) | loss: 1.920034 | lrm: 1.00 | dt: 4745.67ms | tok/sec: 220,954 | bf16_mfu: 48.70 | epoch: 1 pq: 9 rg: 50 | total time: 48.75m | eta: 144.8m
step 00632/02475 (25.54%) | loss: 1.887091 | lrm: 1.00 | dt: 4734.25ms | tok/sec: 221,487 | bf16_mfu: 48.82 | epoch: 1 pq: 9 rg: 51 | total time: 48.83m | eta: 144.7m
step 00633/02475 (25.58%) | loss: 1.890920 | lrm: 1.00 | dt: 4693.09ms | tok/sec: 223,429 | bf16_mfu: 49.25 | epoch: 1 pq: 9 rg: 52 | total time: 48.91m | eta: 144.6m
step 00634/02475 (25.62%) | loss: 1.899293 | lrm: 1.00 | dt: 4694.63ms | tok/sec: 223,356 | bf16_mfu: 49.23 | epoch: 1 pq: 9 rg: 53 | total time: 48.99m | eta: 144.5m
step 00635/02475 (25.66%) | loss: 1.910607 | lrm: 1.00 | dt: 4671.46ms | tok/sec: 224,464 | bf16_mfu: 49.48 | epoch: 1 pq: 9 rg: 54 | total time: 49.07m | eta: 144.5m
step 00636/02475 (25.70%) | loss: 1.882157 | lrm: 1.00 | dt: 4660.88ms | tok/sec: 224,973 | bf16_mfu: 49.59 | epoch: 1 pq: 9 rg: 55 | total time: 49.14m | eta: 144.4m
step 00637/02475 (25.74%) | loss: 1.889709 | lrm: 1.00 | dt: 4664.65ms | tok/sec: 224,792 | bf16_mfu: 49.55 | epoch: 1 pq: 9 rg: 56 | total time: 49.22m | eta: 144.3m
step 00638/02475 (25.78%) | loss: 1.874744 | lrm: 1.00 | dt: 4780.05ms | tok/sec: 219,365 | bf16_mfu: 48.35 | epoch: 1 pq: 9 rg: 58 | total time: 49.30m | eta: 144.2m
step 00639/02475 (25.82%) | loss: 1.877756 | lrm: 1.00 | dt: 4861.68ms | tok/sec: 215,681 | bf16_mfu: 47.54 | epoch: 1 pq: 9 rg: 59 | total time: 49.38m | eta: 144.1m
step 00640/02475 (25.86%) | loss: 1.868162 | lrm: 1.00 | dt: 4655.85ms | tok/sec: 225,217 | bf16_mfu: 49.64 | epoch: 1 pq: 9 rg: 60 | total time: 49.46m | eta: 144.1m
step 00641/02475 (25.90%) | loss: 1.872767 | lrm: 1.00 | dt: 4675.75ms | tok/sec: 224,258 | bf16_mfu: 49.43 | epoch: 1 pq: 9 rg: 61 | total time: 49.54m | eta: 144.0m
step 00642/02475 (25.94%) | loss: 1.887303 | lrm: 1.00 | dt: 4684.40ms | tok/sec: 223,844 | bf16_mfu: 49.34 | epoch: 1 pq: 9 rg: 62 | total time: 49.62m | eta: 143.9m
step 00643/02475 (25.98%) | loss: 1.868172 | lrm: 1.00 | dt: 4667.47ms | tok/sec: 224,656 | bf16_mfu: 49.52 | epoch: 1 pq: 9 rg: 63 | total time: 49.69m | eta: 143.8m
step 00644/02475 (26.02%) | loss: 1.861283 | lrm: 1.00 | dt: 4665.71ms | tok/sec: 224,740 | bf16_mfu: 49.54 | epoch: 1 pq: 9 rg: 64 | total time: 49.77m | eta: 143.7m
step 00645/02475 (26.06%) | loss: 1.875844 | lrm: 1.00 | dt: 4671.67ms | tok/sec: 224,454 | bf16_mfu: 49.48 | epoch: 1 pq: 9 rg: 65 | total time: 49.85m | eta: 143.7m
step 00646/02475 (26.10%) | loss: 1.862167 | lrm: 1.00 | dt: 4671.26ms | tok/sec: 224,473 | bf16_mfu: 49.48 | epoch: 1 pq: 9 rg: 66 | total time: 49.93m | eta: 143.6m
step 00647/02475 (26.14%) | loss: 1.842236 | lrm: 1.00 | dt: 4706.43ms | tok/sec: 222,796 | bf16_mfu: 49.11 | epoch: 1 pq: 9 rg: 67 | total time: 50.01m | eta: 143.5m
step 00648/02475 (26.18%) | loss: 1.872944 | lrm: 1.00 | dt: 4818.26ms | tok/sec: 217,625 | bf16_mfu: 47.97 | epoch: 1 pq: 9 rg: 69 | total time: 50.09m | eta: 143.4m
step 00649/02475 (26.22%) | loss: 1.862730 | lrm: 1.00 | dt: 4709.13ms | tok/sec: 222,668 | bf16_mfu: 49.08 | epoch: 1 pq: 9 rg: 70 | total time: 50.17m | eta: 143.4m
step 00650/02475 (26.26%) | loss: 1.877699 | lrm: 1.00 | dt: 4672.87ms | tok/sec: 224,396 | bf16_mfu: 49.46 | epoch: 1 pq: 9 rg: 71 | total time: 50.24m | eta: 143.3m
step 00651/02475 (26.30%) | loss: 1.872898 | lrm: 1.00 | dt: 4689.14ms | tok/sec: 223,617 | bf16_mfu: 49.29 | epoch: 1 pq: 9 rg: 72 | total time: 50.32m | eta: 143.2m
step 00652/02475 (26.34%) | loss: 1.849587 | lrm: 1.00 | dt: 4865.29ms | tok/sec: 215,521 | bf16_mfu: 47.51 | epoch: 1 pq: 9 rg: 73 | total time: 50.40m | eta: 143.1m
step 00653/02475 (26.38%) | loss: 1.875158 | lrm: 1.00 | dt: 4704.38ms | tok/sec: 222,893 | bf16_mfu: 49.13 | epoch: 1 pq: 9 rg: 74 | total time: 50.48m | eta: 143.0m
step 00654/02475 (26.42%) | loss: 1.855361 | lrm: 1.00 | dt: 4654.84ms | tok/sec: 225,265 | bf16_mfu: 49.65 | epoch: 1 pq: 9 rg: 75 | total time: 50.56m | eta: 143.0m
step 00655/02475 (26.46%) | loss: 1.882067 | lrm: 1.00 | dt: 4734.97ms | tok/sec: 221,453 | bf16_mfu: 48.81 | epoch: 1 pq: 9 rg: 76 | total time: 50.64m | eta: 142.9m
step 00656/02475 (26.51%) | loss: 1.892412 | lrm: 1.00 | dt: 4701.72ms | tok/sec: 223,019 | bf16_mfu: 49.16 | epoch: 1 pq: 9 rg: 77 | total time: 50.72m | eta: 142.8m
step 00657/02475 (26.55%) | loss: 1.903998 | lrm: 1.00 | dt: 4794.92ms | tok/sec: 218,684 | bf16_mfu: 48.20 | epoch: 1 pq: 9 rg: 78 | total time: 50.80m | eta: 142.7m
step 00658/02475 (26.59%) | loss: 1.919140 | lrm: 1.00 | dt: 4916.97ms | tok/sec: 213,256 | bf16_mfu: 47.01 | epoch: 1 pq: 9 rg: 80 | total time: 50.88m | eta: 142.7m
step 00659/02475 (26.63%) | loss: 1.897735 | lrm: 1.00 | dt: 4715.59ms | tok/sec: 222,363 | bf16_mfu: 49.01 | epoch: 1 pq: 9 rg: 81 | total time: 50.96m | eta: 142.6m
step 00660/02475 (26.67%) | loss: 1.887445 | lrm: 1.00 | dt: 4746.63ms | tok/sec: 220,909 | bf16_mfu: 48.69 | epoch: 1 pq: 9 rg: 82 | total time: 51.04m | eta: 142.5m
step 00661/02475 (26.71%) | loss: 1.886282 | lrm: 1.00 | dt: 4733.32ms | tok/sec: 221,530 | bf16_mfu: 48.83 | epoch: 1 pq: 9 rg: 83 | total time: 51.11m | eta: 142.4m
step 00662/02475 (26.75%) | loss: 1.883564 | lrm: 1.00 | dt: 4741.93ms | tok/sec: 221,128 | bf16_mfu: 48.74 | epoch: 1 pq: 9 rg: 84 | total time: 51.19m | eta: 142.4m
step 00663/02475 (26.79%) | loss: 1.871984 | lrm: 1.00 | dt: 4723.95ms | tok/sec: 221,970 | bf16_mfu: 48.93 | epoch: 1 pq: 9 rg: 85 | total time: 51.27m | eta: 142.3m
step 00664/02475 (26.83%) | loss: 1.855724 | lrm: 1.00 | dt: 4759.40ms | tok/sec: 220,316 | bf16_mfu: 48.56 | epoch: 1 pq: 9 rg: 86 | total time: 51.35m | eta: 142.2m
step 00665/02475 (26.87%) | loss: 1.872190 | lrm: 1.00 | dt: 4703.46ms | tok/sec: 222,936 | bf16_mfu: 49.14 | epoch: 1 pq: 9 rg: 87 | total time: 51.43m | eta: 142.1m
step 00666/02475 (26.91%) | loss: 1.859350 | lrm: 1.00 | dt: 4716.52ms | tok/sec: 222,320 | bf16_mfu: 49.00 | epoch: 1 pq: 9 rg: 88 | total time: 51.51m | eta: 142.0m
step 00667/02475 (26.95%) | loss: 1.835101 | lrm: 1.00 | dt: 4697.26ms | tok/sec: 223,231 | bf16_mfu: 49.21 | epoch: 1 pq: 9 rg: 89 | total time: 51.59m | eta: 142.0m
step 00668/02475 (26.99%) | loss: 1.830420 | lrm: 1.00 | dt: 4728.03ms | tok/sec: 221,778 | bf16_mfu: 48.89 | epoch: 1 pq: 9 rg: 90 | total time: 51.67m | eta: 141.9m
step 00669/02475 (27.03%) | loss: 1.841727 | lrm: 1.00 | dt: 4770.10ms | tok/sec: 219,822 | bf16_mfu: 48.45 | epoch: 1 pq: 9 rg: 92 | total time: 51.74m | eta: 141.8m
step 00670/02475 (27.07%) | loss: 1.851590 | lrm: 1.00 | dt: 4855.15ms | tok/sec: 215,971 | bf16_mfu: 47.61 | epoch: 1 pq: 9 rg: 93 | total time: 51.83m | eta: 141.7m
step 00671/02475 (27.11%) | loss: 1.865068 | lrm: 1.00 | dt: 4840.68ms | tok/sec: 216,617 | bf16_mfu: 47.75 | epoch: 1 pq: 9 rg: 94 | total time: 51.91m | eta: 141.7m
step 00672/02475 (27.15%) | loss: 1.863802 | lrm: 1.00 | dt: 4742.60ms | tok/sec: 221,097 | bf16_mfu: 48.74 | epoch: 1 pq: 9 rg: 95 | total time: 51.99m | eta: 141.6m
step 00673/02475 (27.19%) | loss: 1.869550 | lrm: 1.00 | dt: 4706.26ms | tok/sec: 222,804 | bf16_mfu: 49.11 | epoch: 1 pq: 9 rg: 96 | total time: 52.06m | eta: 141.5m
step 00674/02475 (27.23%) | loss: 1.858417 | lrm: 1.00 | dt: 4766.60ms | tok/sec: 219,984 | bf16_mfu: 48.49 | epoch: 1 pq: 9 rg: 97 | total time: 52.14m | eta: 141.4m
step 00675/02475 (27.27%) | loss: 1.871476 | lrm: 1.00 | dt: 4831.22ms | tok/sec: 217,041 | bf16_mfu: 47.84 | epoch: 1 pq: 9 rg: 98 | total time: 52.22m | eta: 141.4m
step 00676/02475 (27.31%) | loss: 1.884033 | lrm: 1.00 | dt: 4776.44ms | tok/sec: 219,530 | bf16_mfu: 48.39 | epoch: 1 pq: 9 rg: 99 | total time: 52.30m | eta: 141.3m
step 00677/02475 (27.35%) | loss: 1.884947 | lrm: 1.00 | dt: 4747.26ms | tok/sec: 220,880 | bf16_mfu: 48.69 | epoch: 1 pq: 9 rg: 100 | total time: 52.38m | eta: 141.2m
step 00678/02475 (27.39%) | loss: 1.862783 | lrm: 1.00 | dt: 4691.21ms | tok/sec: 223,519 | bf16_mfu: 49.27 | epoch: 1 pq: 9 rg: 101 | total time: 52.46m | eta: 141.1m
step 00679/02475 (27.43%) | loss: 1.853192 | lrm: 1.00 | dt: 4705.03ms | tok/sec: 222,862 | bf16_mfu: 49.12 | epoch: 1 pq: 10 rg: 0 | total time: 52.54m | eta: 141.0m
step 00680/02475 (27.47%) | loss: 1.862847 | lrm: 1.00 | dt: 4749.64ms | tok/sec: 220,769 | bf16_mfu: 48.66 | epoch: 1 pq: 10 rg: 1 | total time: 52.62m | eta: 141.0m
step 00681/02475 (27.52%) | loss: 1.858150 | lrm: 1.00 | dt: 4729.37ms | tok/sec: 221,715 | bf16_mfu: 48.87 | epoch: 1 pq: 10 rg: 2 | total time: 52.70m | eta: 140.9m
step 00682/02475 (27.56%) | loss: 1.816175 | lrm: 1.00 | dt: 4820.28ms | tok/sec: 217,534 | bf16_mfu: 47.95 | epoch: 1 pq: 10 rg: 3 | total time: 52.78m | eta: 140.8m
step 00683/02475 (27.60%) | loss: 1.820475 | lrm: 1.00 | dt: 4735.10ms | tok/sec: 221,447 | bf16_mfu: 48.81 | epoch: 1 pq: 10 rg: 5 | total time: 52.86m | eta: 140.7m
step 00684/02475 (27.64%) | loss: 1.850004 | lrm: 1.00 | dt: 4687.20ms | tok/sec: 223,710 | bf16_mfu: 49.31 | epoch: 1 pq: 10 rg: 6 | total time: 52.93m | eta: 140.7m
step 00685/02475 (27.68%) | loss: 1.837941 | lrm: 1.00 | dt: 4896.24ms | tok/sec: 214,159 | bf16_mfu: 47.21 | epoch: 1 pq: 10 rg: 7 | total time: 53.02m | eta: 140.6m
step 00686/02475 (27.72%) | loss: 1.820526 | lrm: 1.00 | dt: 4689.90ms | tok/sec: 223,581 | bf16_mfu: 49.28 | epoch: 1 pq: 10 rg: 8 | total time: 53.09m | eta: 140.5m
step 00687/02475 (27.76%) | loss: 1.801795 | lrm: 1.00 | dt: 4690.78ms | tok/sec: 223,539 | bf16_mfu: 49.27 | epoch: 1 pq: 10 rg: 9 | total time: 53.17m | eta: 140.4m
step 00688/02475 (27.80%) | loss: 1.762116 | lrm: 1.00 | dt: 4808.12ms | tok/sec: 218,084 | bf16_mfu: 48.07 | epoch: 1 pq: 10 rg: 10 | total time: 53.25m | eta: 140.4m
step 00689/02475 (27.84%) | loss: 1.755851 | lrm: 1.00 | dt: 4759.44ms | tok/sec: 220,315 | bf16_mfu: 48.56 | epoch: 1 pq: 10 rg: 11 | total time: 53.33m | eta: 140.3m
step 00690/02475 (27.88%) | loss: 1.768830 | lrm: 1.00 | dt: 4679.22ms | tok/sec: 224,092 | bf16_mfu: 49.40 | epoch: 1 pq: 10 rg: 12 | total time: 53.41m | eta: 140.2m
step 00691/02475 (27.92%) | loss: 1.780283 | lrm: 1.00 | dt: 4675.84ms | tok/sec: 224,253 | bf16_mfu: 49.43 | epoch: 1 pq: 10 rg: 13 | total time: 53.49m | eta: 140.1m
step 00692/02475 (27.96%) | loss: 1.806792 | lrm: 1.00 | dt: 4696.58ms | tok/sec: 223,263 | bf16_mfu: 49.21 | epoch: 1 pq: 10 rg: 14 | total time: 53.57m | eta: 140.0m
step 00693/02475 (28.00%) | loss: 1.790095 | lrm: 1.00 | dt: 4732.79ms | tok/sec: 221,555 | bf16_mfu: 48.84 | epoch: 1 pq: 10 rg: 15 | total time: 53.65m | eta: 140.0m
step 00694/02475 (28.04%) | loss: 1.778402 | lrm: 1.00 | dt: 4832.31ms | tok/sec: 216,992 | bf16_mfu: 47.83 | epoch: 1 pq: 10 rg: 17 | total time: 53.73m | eta: 139.9m
step 00695/02475 (28.08%) | loss: 1.778564 | lrm: 1.00 | dt: 4696.36ms | tok/sec: 223,274 | bf16_mfu: 49.22 | epoch: 1 pq: 10 rg: 18 | total time: 53.80m | eta: 139.8m
step 00696/02475 (28.12%) | loss: 1.759456 | lrm: 1.00 | dt: 4736.14ms | tok/sec: 221,398 | bf16_mfu: 48.80 | epoch: 1 pq: 10 rg: 19 | total time: 53.88m | eta: 139.7m
step 00697/02475 (28.16%) | loss: 1.753549 | lrm: 1.00 | dt: 4685.99ms | tok/sec: 223,768 | bf16_mfu: 49.32 | epoch: 1 pq: 10 rg: 20 | total time: 53.96m | eta: 139.7m
step 00698/02475 (28.20%) | loss: 1.760230 | lrm: 1.00 | dt: 4685.76ms | tok/sec: 223,779 | bf16_mfu: 49.33 | epoch: 1 pq: 10 rg: 21 | total time: 54.04m | eta: 139.6m
step 00699/02475 (28.24%) | loss: 1.749754 | lrm: 1.00 | dt: 4715.55ms | tok/sec: 222,365 | bf16_mfu: 49.01 | epoch: 1 pq: 10 rg: 22 | total time: 54.12m | eta: 139.5m
step 00700/02475 (28.28%) | loss: 1.747044 | lrm: 1.00 | dt: 4639.68ms | tok/sec: 226,001 | bf16_mfu: 49.82 | epoch: 1 pq: 10 rg: 23 | total time: 54.19m | eta: 139.4m
step 00701/02475 (28.32%) | loss: 1.744740 | lrm: 1.00 | dt: 4669.72ms | tok/sec: 224,548 | bf16_mfu: 49.50 | epoch: 1 pq: 10 rg: 24 | total time: 54.27m | eta: 139.3m
step 00702/02475 (28.36%) | loss: 1.738417 | lrm: 1.00 | dt: 4691.56ms | tok/sec: 223,502 | bf16_mfu: 49.27 | epoch: 1 pq: 10 rg: 25 | total time: 54.35m | eta: 139.3m
step 00703/02475 (28.40%) | loss: 1.760137 | lrm: 1.00 | dt: 4685.21ms | tok/sec: 223,805 | bf16_mfu: 49.33 | epoch: 1 pq: 10 rg: 26 | total time: 54.43m | eta: 139.2m
step 00704/02475 (28.44%) | loss: 1.750435 | lrm: 1.00 | dt: 4754.41ms | tok/sec: 220,548 | bf16_mfu: 48.61 | epoch: 1 pq: 10 rg: 28 | total time: 54.51m | eta: 139.1m
step 00705/02475 (28.48%) | loss: 1.753128 | lrm: 1.00 | dt: 4650.60ms | tok/sec: 225,471 | bf16_mfu: 49.70 | epoch: 1 pq: 10 rg: 29 | total time: 54.59m | eta: 139.0m
step 00706/02475 (28.53%) | loss: 1.766412 | lrm: 1.00 | dt: 4690.22ms | tok/sec: 223,566 | bf16_mfu: 49.28 | epoch: 1 pq: 10 rg: 30 | total time: 54.66m | eta: 138.9m
step 00707/02475 (28.57%) | loss: 1.765617 | lrm: 1.00 | dt: 4677.71ms | tok/sec: 224,164 | bf16_mfu: 49.41 | epoch: 1 pq: 10 rg: 31 | total time: 54.74m | eta: 138.9m
step 00708/02475 (28.61%) | loss: 1.782542 | lrm: 1.00 | dt: 4686.83ms | tok/sec: 223,727 | bf16_mfu: 49.32 | epoch: 1 pq: 10 rg: 32 | total time: 54.82m | eta: 138.8m
step 00709/02475 (28.65%) | loss: 1.779478 | lrm: 1.00 | dt: 4662.08ms | tok/sec: 224,915 | bf16_mfu: 49.58 | epoch: 1 pq: 10 rg: 33 | total time: 54.90m | eta: 138.7m
step 00710/02475 (28.69%) | loss: 1.765244 | lrm: 1.00 | dt: 4680.22ms | tok/sec: 224,044 | bf16_mfu: 49.38 | epoch: 1 pq: 10 rg: 34 | total time: 54.98m | eta: 138.6m
step 00711/02475 (28.73%) | loss: 1.778782 | lrm: 1.00 | dt: 4672.28ms | tok/sec: 224,425 | bf16_mfu: 49.47 | epoch: 1 pq: 10 rg: 35 | total time: 55.05m | eta: 138.5m
step 00712/02475 (28.77%) | loss: 1.777836 | lrm: 1.00 | dt: 4701.64ms | tok/sec: 223,023 | bf16_mfu: 49.16 | epoch: 1 pq: 10 rg: 36 | total time: 55.13m | eta: 138.5m
step 00713/02475 (28.81%) | loss: 1.763667 | lrm: 1.00 | dt: 4732.77ms | tok/sec: 221,556 | bf16_mfu: 48.84 | epoch: 1 pq: 10 rg: 38 | total time: 55.21m | eta: 138.4m
step 00714/02475 (28.85%) | loss: 1.758195 | lrm: 1.00 | dt: 4713.78ms | tok/sec: 222,449 | bf16_mfu: 49.03 | epoch: 1 pq: 10 rg: 39 | total time: 55.29m | eta: 138.3m
step 00715/02475 (28.89%) | loss: 1.777059 | lrm: 1.00 | dt: 4662.98ms | tok/sec: 224,872 | bf16_mfu: 49.57 | epoch: 1 pq: 10 rg: 40 | total time: 55.37m | eta: 138.2m
step 00716/02475 (28.93%) | loss: 1.768404 | lrm: 1.00 | dt: 4803.62ms | tok/sec: 218,288 | bf16_mfu: 48.12 | epoch: 1 pq: 10 rg: 41 | total time: 55.45m | eta: 138.1m
step 00717/02475 (28.97%) | loss: 1.764687 | lrm: 1.00 | dt: 4669.37ms | tok/sec: 224,564 | bf16_mfu: 49.50 | epoch: 1 pq: 10 rg: 42 | total time: 55.52m | eta: 138.1m
step 00718/02475 (29.01%) | loss: 1.745293 | lrm: 1.00 | dt: 4690.75ms | tok/sec: 223,541 | bf16_mfu: 49.27 | epoch: 1 pq: 10 rg: 43 | total time: 55.60m | eta: 138.0m
step 00719/02475 (29.05%) | loss: 1.746212 | lrm: 1.00 | dt: 4700.23ms | tok/sec: 223,090 | bf16_mfu: 49.17 | epoch: 1 pq: 10 rg: 44 | total time: 55.68m | eta: 137.9m
step 00720/02475 (29.09%) | loss: 1.744254 | lrm: 1.00 | dt: 4710.82ms | tok/sec: 222,588 | bf16_mfu: 49.06 | epoch: 1 pq: 10 rg: 45 | total time: 55.76m | eta: 137.8m
step 00721/02475 (29.13%) | loss: 1.739547 | lrm: 1.00 | dt: 4692.31ms | tok/sec: 223,466 | bf16_mfu: 49.26 | epoch: 1 pq: 10 rg: 46 | total time: 55.84m | eta: 137.7m
step 00722/02475 (29.17%) | loss: 1.729780 | lrm: 1.00 | dt: 4885.06ms | tok/sec: 214,649 | bf16_mfu: 47.31 | epoch: 1 pq: 10 rg: 48 | total time: 55.92m | eta: 137.7m
step 00723/02475 (29.21%) | loss: 1.727348 | lrm: 1.00 | dt: 4710.19ms | tok/sec: 222,618 | bf16_mfu: 49.07 | epoch: 1 pq: 10 rg: 49 | total time: 56.00m | eta: 137.6m
step 00724/02475 (29.25%) | loss: 1.714227 | lrm: 1.00 | dt: 4801.47ms | tok/sec: 218,386 | bf16_mfu: 48.14 | epoch: 1 pq: 10 rg: 50 | total time: 56.08m | eta: 137.5m
step 00725/02475 (29.29%) | loss: 1.755203 | lrm: 1.00 | dt: 4713.72ms | tok/sec: 222,451 | bf16_mfu: 49.03 | epoch: 1 pq: 10 rg: 51 | total time: 56.16m | eta: 137.4m
step 00726/02475 (29.33%) | loss: 1.753882 | lrm: 1.00 | dt: 4719.08ms | tok/sec: 222,199 | bf16_mfu: 48.98 | epoch: 1 pq: 10 rg: 52 | total time: 56.24m | eta: 137.4m
step 00727/02475 (29.37%) | loss: 1.763330 | lrm: 1.00 | dt: 4722.91ms | tok/sec: 222,018 | bf16_mfu: 48.94 | epoch: 1 pq: 10 rg: 53 | total time: 56.31m | eta: 137.3m
step 00728/02475 (29.41%) | loss: 1.769889 | lrm: 1.00 | dt: 4701.77ms | tok/sec: 223,017 | bf16_mfu: 49.16 | epoch: 1 pq: 10 rg: 54 | total time: 56.39m | eta: 137.2m
step 00729/02475 (29.45%) | loss: 1.777940 | lrm: 1.00 | dt: 4711.60ms | tok/sec: 222,551 | bf16_mfu: 49.06 | epoch: 1 pq: 10 rg: 55 | total time: 56.47m | eta: 137.1m
step 00730/02475 (29.49%) | loss: 1.816528 | lrm: 1.00 | dt: 4753.35ms | tok/sec: 220,597 | bf16_mfu: 48.63 | epoch: 1 pq: 10 rg: 56 | total time: 56.55m | eta: 137.1m
step 00731/02475 (29.54%) | loss: 1.799284 | lrm: 1.00 | dt: 5412.57ms | tok/sec: 193,729 | bf16_mfu: 42.70 | epoch: 1 pq: 10 rg: 57 | total time: 56.64m | eta: 137.0m
step 00732/02475 (29.58%) | loss: 1.806176 | lrm: 1.00 | dt: 4690.37ms | tok/sec: 223,559 | bf16_mfu: 49.28 | epoch: 1 pq: 10 rg: 58 | total time: 56.72m | eta: 136.9m
step 00733/02475 (29.62%) | loss: 1.761745 | lrm: 1.00 | dt: 4712.06ms | tok/sec: 222,530 | bf16_mfu: 49.05 | epoch: 1 pq: 10 rg: 59 | total time: 56.80m | eta: 136.8m
step 00734/02475 (29.66%) | loss: 1.768247 | lrm: 1.00 | dt: 4705.98ms | tok/sec: 222,817 | bf16_mfu: 49.11 | epoch: 1 pq: 10 rg: 60 | total time: 56.88m | eta: 136.8m
step 00735/02475 (29.70%) | loss: 1.766803 | lrm: 1.00 | dt: 4697.28ms | tok/sec: 223,230 | bf16_mfu: 49.21 | epoch: 1 pq: 10 rg: 62 | total time: 56.95m | eta: 136.7m
step 00736/02475 (29.74%) | loss: 1.787610 | lrm: 1.00 | dt: 4711.58ms | tok/sec: 222,552 | bf16_mfu: 49.06 | epoch: 1 pq: 10 rg: 63 | total time: 57.03m | eta: 136.6m
step 00737/02475 (29.78%) | loss: 1.812009 | lrm: 1.00 | dt: 4823.42ms | tok/sec: 217,392 | bf16_mfu: 47.92 | epoch: 1 pq: 10 rg: 64 | total time: 57.11m | eta: 136.5m
step 00738/02475 (29.82%) | loss: 1.807489 | lrm: 1.00 | dt: 4800.90ms | tok/sec: 218,412 | bf16_mfu: 48.14 | epoch: 1 pq: 10 rg: 65 | total time: 57.19m | eta: 136.5m
step 00739/02475 (29.86%) | loss: 1.827541 | lrm: 1.00 | dt: 4734.28ms | tok/sec: 221,485 | bf16_mfu: 48.82 | epoch: 1 pq: 10 rg: 66 | total time: 57.27m | eta: 136.4m
step 00740/02475 (29.90%) | loss: 1.820281 | lrm: 1.00 | dt: 4761.95ms | tok/sec: 220,198 | bf16_mfu: 48.54 | epoch: 1 pq: 10 rg: 67 | total time: 57.35m | eta: 136.3m
step 00741/02475 (29.94%) | loss: 1.816217 | lrm: 1.00 | dt: 4778.56ms | tok/sec: 219,433 | bf16_mfu: 48.37 | epoch: 1 pq: 10 rg: 68 | total time: 57.43m | eta: 136.2m
step 00742/02475 (29.98%) | loss: 1.796198 | lrm: 1.00 | dt: 4689.16ms | tok/sec: 223,616 | bf16_mfu: 49.29 | epoch: 1 pq: 10 rg: 69 | total time: 57.51m | eta: 136.2m
step 00743/02475 (30.02%) | loss: 1.805135 | lrm: 1.00 | dt: 4691.15ms | tok/sec: 223,522 | bf16_mfu: 49.27 | epoch: 1 pq: 10 rg: 70 | total time: 57.59m | eta: 136.1m
step 00744/02475 (30.06%) | loss: 1.795329 | lrm: 1.00 | dt: 4697.40ms | tok/sec: 223,224 | bf16_mfu: 49.20 | epoch: 1 pq: 10 rg: 71 | total time: 57.67m | eta: 136.0m
step 00745/02475 (30.10%) | loss: 1.792198 | lrm: 1.00 | dt: 4735.09ms | tok/sec: 221,447 | bf16_mfu: 48.81 | epoch: 1 pq: 10 rg: 73 | total time: 57.74m | eta: 135.9m
step 00746/02475 (30.14%) | loss: 1.787934 | lrm: 1.00 | dt: 4716.07ms | tok/sec: 222,341 | bf16_mfu: 49.01 | epoch: 1 pq: 10 rg: 74 | total time: 57.82m | eta: 135.8m
step 00747/02475 (30.18%) | loss: 1.774070 | lrm: 1.00 | dt: 4657.62ms | tok/sec: 225,131 | bf16_mfu: 49.62 | epoch: 1 pq: 10 rg: 75 | total time: 57.90m | eta: 135.8m
step 00748/02475 (30.22%) | loss: 1.751121 | lrm: 1.00 | dt: 4698.85ms | tok/sec: 223,155 | bf16_mfu: 49.19 | epoch: 1 pq: 10 rg: 76 | total time: 57.98m | eta: 135.7m
step 00749/02475 (30.26%) | loss: 1.747875 | lrm: 1.00 | dt: 4668.90ms | tok/sec: 224,587 | bf16_mfu: 49.50 | epoch: 1 pq: 10 rg: 77 | total time: 58.06m | eta: 135.6m
Step 00750 | Validation bpb: 1.069423
step 00750/02475 (30.30%) | loss: 1.754337 | lrm: 1.00 | dt: 4713.74ms | tok/sec: 222,450 | bf16_mfu: 49.03 | epoch: 1 pq: 10 rg: 78 | total time: 58.14m | eta: 135.5m
step 00751/02475 (30.34%) | loss: 1.705817 | lrm: 1.00 | dt: 4707.03ms | tok/sec: 222,768 | bf16_mfu: 49.10 | epoch: 1 pq: 10 rg: 79 | total time: 58.21m | eta: 135.4m
step 00752/02475 (30.38%) | loss: 1.721180 | lrm: 1.00 | dt: 4700.79ms | tok/sec: 223,063 | bf16_mfu: 49.17 | epoch: 1 pq: 10 rg: 80 | total time: 58.29m | eta: 135.4m
step 00753/02475 (30.42%) | loss: 1.727552 | lrm: 1.00 | dt: 4731.53ms | tok/sec: 221,614 | bf16_mfu: 48.85 | epoch: 1 pq: 10 rg: 81 | total time: 58.37m | eta: 135.3m
step 00754/02475 (30.46%) | loss: 1.727599 | lrm: 1.00 | dt: 4779.13ms | tok/sec: 219,407 | bf16_mfu: 48.36 | epoch: 1 pq: 10 rg: 82 | total time: 58.45m | eta: 135.2m
step 00755/02475 (30.51%) | loss: 1.729952 | lrm: 1.00 | dt: 4718.33ms | tok/sec: 222,234 | bf16_mfu: 48.99 | epoch: 1 pq: 10 rg: 83 | total time: 58.53m | eta: 135.1m
step 00756/02475 (30.55%) | loss: 1.733012 | lrm: 1.00 | dt: 4729.17ms | tok/sec: 221,725 | bf16_mfu: 48.87 | epoch: 1 pq: 10 rg: 85 | total time: 58.61m | eta: 135.0m
step 00757/02475 (30.59%) | loss: 1.725313 | lrm: 1.00 | dt: 4773.98ms | tok/sec: 219,643 | bf16_mfu: 48.41 | epoch: 1 pq: 10 rg: 86 | total time: 58.69m | eta: 135.0m
step 00758/02475 (30.63%) | loss: 1.676009 | lrm: 1.00 | dt: 4632.73ms | tok/sec: 226,340 | bf16_mfu: 49.89 | epoch: 1 pq: 10 rg: 87 | total time: 58.76m | eta: 134.9m
step 00759/02475 (30.67%) | loss: 1.673846 | lrm: 1.00 | dt: 4715.88ms | tok/sec: 222,350 | bf16_mfu: 49.01 | epoch: 1 pq: 10 rg: 88 | total time: 58.84m | eta: 134.8m
step 00760/02475 (30.71%) | loss: 1.678462 | lrm: 1.00 | dt: 4665.94ms | tok/sec: 224,729 | bf16_mfu: 49.54 | epoch: 1 pq: 10 rg: 89 | total time: 58.92m | eta: 134.7m
step 00761/02475 (30.75%) | loss: 1.679146 | lrm: 1.00 | dt: 4854.39ms | tok/sec: 216,005 | bf16_mfu: 47.61 | epoch: 1 pq: 10 rg: 90 | total time: 59.00m | eta: 134.7m
step 00762/02475 (30.79%) | loss: 1.686939 | lrm: 1.00 | dt: 4739.50ms | tok/sec: 221,241 | bf16_mfu: 48.77 | epoch: 1 pq: 10 rg: 91 | total time: 59.08m | eta: 134.6m
step 00763/02475 (30.83%) | loss: 1.693989 | lrm: 1.00 | dt: 4734.79ms | tok/sec: 221,462 | bf16_mfu: 48.82 | epoch: 1 pq: 10 rg: 92 | total time: 59.16m | eta: 134.5m
step 00764/02475 (30.87%) | loss: 1.710409 | lrm: 1.00 | dt: 4717.29ms | tok/sec: 222,283 | bf16_mfu: 49.00 | epoch: 1 pq: 10 rg: 93 | total time: 59.24m | eta: 134.4m
step 00765/02475 (30.91%) | loss: 1.730368 | lrm: 1.00 | dt: 4751.58ms | tok/sec: 220,679 | bf16_mfu: 48.64 | epoch: 1 pq: 10 rg: 94 | total time: 59.32m | eta: 134.3m
step 00766/02475 (30.95%) | loss: 1.745438 | lrm: 1.00 | dt: 4772.55ms | tok/sec: 219,709 | bf16_mfu: 48.43 | epoch: 1 pq: 10 rg: 96 | total time: 59.40m | eta: 134.3m
step 00767/02475 (30.99%) | loss: 1.731832 | lrm: 1.00 | dt: 4720.20ms | tok/sec: 222,146 | bf16_mfu: 48.97 | epoch: 1 pq: 10 rg: 97 | total time: 59.48m | eta: 134.2m
step 00768/02475 (31.03%) | loss: 1.699843 | lrm: 1.00 | dt: 4749.91ms | tok/sec: 220,756 | bf16_mfu: 48.66 | epoch: 1 pq: 10 rg: 98 | total time: 59.56m | eta: 134.1m
step 00769/02475 (31.07%) | loss: 1.712586 | lrm: 1.00 | dt: 4701.96ms | tok/sec: 223,008 | bf16_mfu: 49.16 | epoch: 1 pq: 10 rg: 99 | total time: 59.63m | eta: 134.0m
step 00770/02475 (31.11%) | loss: 1.714294 | lrm: 1.00 | dt: 4935.85ms | tok/sec: 212,440 | bf16_mfu: 46.83 | epoch: 1 pq: 10 rg: 100 | total time: 59.72m | eta: 134.0m
step 00771/02475 (31.15%) | loss: 1.752708 | lrm: 1.00 | dt: 4717.29ms | tok/sec: 222,283 | bf16_mfu: 49.00 | epoch: 1 pq: 10 rg: 101 | total time: 59.79m | eta: 133.9m
step 00772/02475 (31.19%) | loss: 1.950998 | lrm: 1.00 | dt: 4648.02ms | tok/sec: 225,596 | bf16_mfu: 49.73 | epoch: 1 pq: 11 rg: 0 | total time: 59.87m | eta: 133.8m
step 00773/02475 (31.23%) | loss: 2.097455 | lrm: 1.00 | dt: 4646.16ms | tok/sec: 225,686 | bf16_mfu: 49.75 | epoch: 1 pq: 11 rg: 2 | total time: 59.95m | eta: 133.7m
step 00774/02475 (31.27%) | loss: 2.226803 | lrm: 1.00 | dt: 4619.30ms | tok/sec: 226,999 | bf16_mfu: 50.04 | epoch: 1 pq: 11 rg: 4 | total time: 60.03m | eta: 133.6m
step 00775/02475 (31.31%) | loss: 2.356740 | lrm: 1.00 | dt: 4626.82ms | tok/sec: 226,630 | bf16_mfu: 49.95 | epoch: 1 pq: 11 rg: 6 | total time: 60.10m | eta: 133.6m
step 00776/02475 (31.35%) | loss: 2.467907 | lrm: 1.00 | dt: 4611.41ms | tok/sec: 227,387 | bf16_mfu: 50.12 | epoch: 1 pq: 11 rg: 8 | total time: 60.18m | eta: 133.5m
step 00777/02475 (31.39%) | loss: 2.559784 | lrm: 1.00 | dt: 4634.67ms | tok/sec: 226,246 | bf16_mfu: 49.87 | epoch: 1 pq: 11 rg: 10 | total time: 60.26m | eta: 133.4m
step 00778/02475 (31.43%) | loss: 2.645322 | lrm: 1.00 | dt: 4628.90ms | tok/sec: 226,528 | bf16_mfu: 49.93 | epoch: 1 pq: 11 rg: 12 | total time: 60.33m | eta: 133.3m
step 00779/02475 (31.47%) | loss: 2.737629 | lrm: 1.00 | dt: 4620.55ms | tok/sec: 226,937 | bf16_mfu: 50.02 | epoch: 1 pq: 11 rg: 14 | total time: 60.41m | eta: 133.2m
step 00780/02475 (31.52%) | loss: 2.790240 | lrm: 1.00 | dt: 4633.67ms | tok/sec: 226,295 | bf16_mfu: 49.88 | epoch: 1 pq: 11 rg: 16 | total time: 60.49m | eta: 133.2m
step 00781/02475 (31.56%) | loss: 2.849481 | lrm: 1.00 | dt: 4618.14ms | tok/sec: 227,056 | bf16_mfu: 50.05 | epoch: 1 pq: 11 rg: 17 | total time: 60.57m | eta: 133.1m
step 00782/02475 (31.60%) | loss: 2.891866 | lrm: 1.00 | dt: 4605.00ms | tok/sec: 227,703 | bf16_mfu: 50.19 | epoch: 1 pq: 11 rg: 19 | total time: 60.64m | eta: 133.0m
step 00783/02475 (31.64%) | loss: 2.942070 | lrm: 1.00 | dt: 4628.84ms | tok/sec: 226,531 | bf16_mfu: 49.93 | epoch: 1 pq: 11 rg: 21 | total time: 60.72m | eta: 132.9m
step 00784/02475 (31.68%) | loss: 2.975838 | lrm: 1.00 | dt: 4615.56ms | tok/sec: 227,183 | bf16_mfu: 50.08 | epoch: 1 pq: 11 rg: 23 | total time: 60.80m | eta: 132.8m
step 00785/02475 (31.72%) | loss: 3.036628 | lrm: 1.00 | dt: 4616.64ms | tok/sec: 227,129 | bf16_mfu: 50.06 | epoch: 1 pq: 11 rg: 25 | total time: 60.87m | eta: 132.7m
step 00786/02475 (31.76%) | loss: 3.055118 | lrm: 1.00 | dt: 4636.59ms | tok/sec: 226,152 | bf16_mfu: 49.85 | epoch: 1 pq: 11 rg: 27 | total time: 60.95m | eta: 132.7m
step 00787/02475 (31.80%) | loss: 3.087667 | lrm: 1.00 | dt: 4609.20ms | tok/sec: 227,496 | bf16_mfu: 50.15 | epoch: 1 pq: 11 rg: 29 | total time: 61.03m | eta: 132.6m
step 00788/02475 (31.84%) | loss: 3.102216 | lrm: 1.00 | dt: 4621.99ms | tok/sec: 226,866 | bf16_mfu: 50.01 | epoch: 1 pq: 11 rg: 31 | total time: 61.10m | eta: 132.5m
step 00789/02475 (31.88%) | loss: 3.111732 | lrm: 1.00 | dt: 4644.91ms | tok/sec: 225,747 | bf16_mfu: 49.76 | epoch: 1 pq: 11 rg: 33 | total time: 61.18m | eta: 132.4m
step 00790/02475 (31.92%) | loss: 3.135387 | lrm: 1.00 | dt: 4624.82ms | tok/sec: 226,727 | bf16_mfu: 49.98 | epoch: 1 pq: 11 rg: 35 | total time: 61.26m | eta: 132.3m
step 00791/02475 (31.96%) | loss: 3.132012 | lrm: 1.00 | dt: 4620.33ms | tok/sec: 226,948 | bf16_mfu: 50.02 | epoch: 1 pq: 11 rg: 37 | total time: 61.34m | eta: 132.3m
step 00792/02475 (32.00%) | loss: 3.140027 | lrm: 1.00 | dt: 4618.52ms | tok/sec: 227,037 | bf16_mfu: 50.04 | epoch: 1 pq: 11 rg: 39 | total time: 61.41m | eta: 132.2m
step 00793/02475 (32.04%) | loss: 3.161188 | lrm: 1.00 | dt: 4635.27ms | tok/sec: 226,216 | bf16_mfu: 49.86 | epoch: 1 pq: 11 rg: 41 | total time: 61.49m | eta: 132.1m
step 00794/02475 (32.08%) | loss: 3.161435 | lrm: 1.00 | dt: 4617.23ms | tok/sec: 227,100 | bf16_mfu: 50.06 | epoch: 1 pq: 11 rg: 43 | total time: 61.57m | eta: 132.0m
step 00795/02475 (32.12%) | loss: 3.180986 | lrm: 1.00 | dt: 4632.38ms | tok/sec: 226,357 | bf16_mfu: 49.89 | epoch: 1 pq: 11 rg: 45 | total time: 61.64m | eta: 131.9m
step 00796/02475 (32.16%) | loss: 3.175378 | lrm: 1.00 | dt: 4612.16ms | tok/sec: 227,350 | bf16_mfu: 50.11 | epoch: 1 pq: 11 rg: 46 | total time: 61.72m | eta: 131.8m
step 00797/02475 (32.20%) | loss: 3.179132 | lrm: 1.00 | dt: 4627.22ms | tok/sec: 226,610 | bf16_mfu: 49.95 | epoch: 1 pq: 11 rg: 48 | total time: 61.80m | eta: 131.8m
step 00798/02475 (32.24%) | loss: 3.200110 | lrm: 1.00 | dt: 4641.65ms | tok/sec: 225,905 | bf16_mfu: 49.80 | epoch: 1 pq: 11 rg: 50 | total time: 61.88m | eta: 131.7m
step 00799/02475 (32.28%) | loss: 3.205601 | lrm: 1.00 | dt: 4640.74ms | tok/sec: 225,950 | bf16_mfu: 49.80 | epoch: 1 pq: 11 rg: 52 | total time: 61.95m | eta: 131.6m
step 00800/02475 (32.32%) | loss: 3.209002 | lrm: 1.00 | dt: 4787.82ms | tok/sec: 219,009 | bf16_mfu: 48.27 | epoch: 1 pq: 11 rg: 54 | total time: 62.03m | eta: 131.5m
step 00801/02475 (32.36%) | loss: 3.208355 | lrm: 1.00 | dt: 4640.39ms | tok/sec: 225,967 | bf16_mfu: 49.81 | epoch: 1 pq: 11 rg: 56 | total time: 62.11m | eta: 131.4m
step 00802/02475 (32.40%) | loss: 3.210574 | lrm: 1.00 | dt: 4623.74ms | tok/sec: 226,780 | bf16_mfu: 49.99 | epoch: 1 pq: 11 rg: 58 | total time: 62.19m | eta: 131.4m
step 00803/02475 (32.44%) | loss: 3.220124 | lrm: 1.00 | dt: 4720.20ms | tok/sec: 222,146 | bf16_mfu: 48.97 | epoch: 1 pq: 11 rg: 60 | total time: 62.27m | eta: 131.3m
step 00804/02475 (32.48%) | loss: 3.223645 | lrm: 1.00 | dt: 4638.23ms | tok/sec: 226,072 | bf16_mfu: 49.83 | epoch: 1 pq: 11 rg: 62 | total time: 62.34m | eta: 131.2m
step 00805/02475 (32.53%) | loss: 3.217482 | lrm: 1.00 | dt: 4618.46ms | tok/sec: 227,040 | bf16_mfu: 50.05 | epoch: 1 pq: 11 rg: 64 | total time: 62.42m | eta: 131.1m
step 00806/02475 (32.57%) | loss: 3.219978 | lrm: 1.00 | dt: 4605.67ms | tok/sec: 227,670 | bf16_mfu: 50.18 | epoch: 1 pq: 11 rg: 66 | total time: 62.50m | eta: 131.0m
step 00807/02475 (32.61%) | loss: 3.225719 | lrm: 1.00 | dt: 4690.80ms | tok/sec: 223,538 | bf16_mfu: 49.27 | epoch: 1 pq: 11 rg: 68 | total time: 62.58m | eta: 131.0m
step 00808/02475 (32.65%) | loss: 3.218992 | lrm: 1.00 | dt: 4614.53ms | tok/sec: 227,233 | bf16_mfu: 50.09 | epoch: 1 pq: 11 rg: 70 | total time: 62.65m | eta: 130.9m
step 00809/02475 (32.69%) | loss: 3.213116 | lrm: 1.00 | dt: 4621.33ms | tok/sec: 226,899 | bf16_mfu: 50.01 | epoch: 1 pq: 11 rg: 72 | total time: 62.73m | eta: 130.8m
step 00810/02475 (32.73%) | loss: 3.211654 | lrm: 1.00 | dt: 4623.27ms | tok/sec: 226,804 | bf16_mfu: 49.99 | epoch: 1 pq: 11 rg: 74 | total time: 62.81m | eta: 130.7m
step 00811/02475 (32.77%) | loss: 3.202014 | lrm: 1.00 | dt: 4617.20ms | tok/sec: 227,101 | bf16_mfu: 50.06 | epoch: 1 pq: 11 rg: 75 | total time: 62.88m | eta: 130.6m
step 00812/02475 (32.81%) | loss: 3.177157 | lrm: 1.00 | dt: 4629.69ms | tok/sec: 226,489 | bf16_mfu: 49.92 | epoch: 1 pq: 11 rg: 77 | total time: 62.96m | eta: 130.6m
step 00813/02475 (32.85%) | loss: 3.178747 | lrm: 1.00 | dt: 4640.10ms | tok/sec: 225,981 | bf16_mfu: 49.81 | epoch: 1 pq: 11 rg: 79 | total time: 63.04m | eta: 130.5m
step 00814/02475 (32.89%) | loss: 3.179346 | lrm: 1.00 | dt: 4620.88ms | tok/sec: 226,921 | bf16_mfu: 50.02 | epoch: 1 pq: 11 rg: 81 | total time: 63.11m | eta: 130.4m
step 00815/02475 (32.93%) | loss: 3.159621 | lrm: 1.00 | dt: 4647.19ms | tok/sec: 225,636 | bf16_mfu: 49.74 | epoch: 1 pq: 12 rg: 0 | total time: 63.19m | eta: 130.3m
step 00816/02475 (32.97%) | loss: 3.151278 | lrm: 1.00 | dt: 4615.21ms | tok/sec: 227,199 | bf16_mfu: 50.08 | epoch: 1 pq: 12 rg: 2 | total time: 63.27m | eta: 130.2m
step 00817/02475 (33.01%) | loss: 3.169133 | lrm: 1.00 | dt: 4678.51ms | tok/sec: 224,126 | bf16_mfu: 49.40 | epoch: 1 pq: 12 rg: 4 | total time: 63.35m | eta: 130.1m
step 00818/02475 (33.05%) | loss: 3.178011 | lrm: 1.00 | dt: 4633.51ms | tok/sec: 226,302 | bf16_mfu: 49.88 | epoch: 1 pq: 12 rg: 6 | total time: 63.42m | eta: 130.1m
step 00819/02475 (33.09%) | loss: 3.180439 | lrm: 1.00 | dt: 4636.12ms | tok/sec: 226,175 | bf16_mfu: 49.85 | epoch: 1 pq: 12 rg: 8 | total time: 63.50m | eta: 130.0m
step 00820/02475 (33.13%) | loss: 3.169235 | lrm: 1.00 | dt: 4629.73ms | tok/sec: 226,487 | bf16_mfu: 49.92 | epoch: 1 pq: 12 rg: 10 | total time: 63.58m | eta: 129.9m
step 00821/02475 (33.17%) | loss: 3.183724 | lrm: 1.00 | dt: 4616.30ms | tok/sec: 227,146 | bf16_mfu: 50.07 | epoch: 1 pq: 12 rg: 12 | total time: 63.66m | eta: 129.8m
step 00822/02475 (33.21%) | loss: 3.151027 | lrm: 1.00 | dt: 4636.33ms | tok/sec: 226,165 | bf16_mfu: 49.85 | epoch: 1 pq: 12 rg: 14 | total time: 63.73m | eta: 129.7m
step 00823/02475 (33.25%) | loss: 3.138955 | lrm: 1.00 | dt: 4632.08ms | tok/sec: 226,372 | bf16_mfu: 49.90 | epoch: 1 pq: 12 rg: 16 | total time: 63.81m | eta: 129.7m
step 00824/02475 (33.29%) | loss: 3.135134 | lrm: 1.00 | dt: 4622.38ms | tok/sec: 226,847 | bf16_mfu: 50.00 | epoch: 1 pq: 12 rg: 18 | total time: 63.89m | eta: 129.6m
step 00825/02475 (33.33%) | loss: 3.136022 | lrm: 1.00 | dt: 4653.96ms | tok/sec: 225,308 | bf16_mfu: 49.66 | epoch: 1 pq: 12 rg: 20 | total time: 63.96m | eta: 129.5m
step 00826/02475 (33.37%) | loss: 3.143001 | lrm: 1.00 | dt: 4612.78ms | tok/sec: 227,319 | bf16_mfu: 50.11 | epoch: 1 pq: 12 rg: 21 | total time: 64.04m | eta: 129.4m
step 00827/02475 (33.41%) | loss: 3.152996 | lrm: 1.00 | dt: 4614.00ms | tok/sec: 227,259 | bf16_mfu: 50.09 | epoch: 1 pq: 12 rg: 23 | total time: 64.12m | eta: 129.3m
step 00828/02475 (33.45%) | loss: 3.134207 | lrm: 1.00 | dt: 4623.36ms | tok/sec: 226,799 | bf16_mfu: 49.99 | epoch: 1 pq: 12 rg: 25 | total time: 64.20m | eta: 129.3m
step 00829/02475 (33.49%) | loss: 3.148000 | lrm: 1.00 | dt: 4615.13ms | tok/sec: 227,203 | bf16_mfu: 50.08 | epoch: 1 pq: 12 rg: 27 | total time: 64.27m | eta: 129.2m
step 00830/02475 (33.54%) | loss: 3.139751 | lrm: 1.00 | dt: 4594.51ms | tok/sec: 228,223 | bf16_mfu: 50.31 | epoch: 1 pq: 12 rg: 29 | total time: 64.35m | eta: 129.1m
step 00831/02475 (33.58%) | loss: 3.140067 | lrm: 1.00 | dt: 4609.94ms | tok/sec: 227,459 | bf16_mfu: 50.14 | epoch: 1 pq: 12 rg: 31 | total time: 64.43m | eta: 129.0m
step 00832/02475 (33.62%) | loss: 3.134287 | lrm: 1.00 | dt: 4683.02ms | tok/sec: 223,910 | bf16_mfu: 49.36 | epoch: 1 pq: 12 rg: 33 | total time: 64.50m | eta: 128.9m
step 00833/02475 (33.66%) | loss: 3.138622 | lrm: 1.00 | dt: 4638.46ms | tok/sec: 226,061 | bf16_mfu: 49.83 | epoch: 1 pq: 12 rg: 35 | total time: 64.58m | eta: 128.8m
step 00834/02475 (33.70%) | loss: 3.124801 | lrm: 1.00 | dt: 4617.44ms | tok/sec: 227,090 | bf16_mfu: 50.06 | epoch: 1 pq: 12 rg: 37 | total time: 64.66m | eta: 128.8m
step 00835/02475 (33.74%) | loss: 3.134183 | lrm: 1.00 | dt: 4634.14ms | tok/sec: 226,272 | bf16_mfu: 49.88 | epoch: 1 pq: 12 rg: 39 | total time: 64.74m | eta: 128.7m
step 00836/02475 (33.78%) | loss: 3.125582 | lrm: 1.00 | dt: 4614.29ms | tok/sec: 227,245 | bf16_mfu: 50.09 | epoch: 1 pq: 12 rg: 41 | total time: 64.81m | eta: 128.6m
step 00837/02475 (33.82%) | loss: 3.125760 | lrm: 1.00 | dt: 4623.97ms | tok/sec: 226,769 | bf16_mfu: 49.99 | epoch: 1 pq: 12 rg: 43 | total time: 64.89m | eta: 128.5m
step 00838/02475 (33.86%) | loss: 3.122666 | lrm: 1.00 | dt: 4616.14ms | tok/sec: 227,154 | bf16_mfu: 50.07 | epoch: 1 pq: 12 rg: 45 | total time: 64.97m | eta: 128.4m
step 00839/02475 (33.90%) | loss: 3.135058 | lrm: 1.00 | dt: 4638.65ms | tok/sec: 226,052 | bf16_mfu: 49.83 | epoch: 1 pq: 12 rg: 47 | total time: 65.04m | eta: 128.4m
step 00840/02475 (33.94%) | loss: 3.129233 | lrm: 1.00 | dt: 4691.28ms | tok/sec: 223,515 | bf16_mfu: 49.27 | epoch: 1 pq: 12 rg: 49 | total time: 65.12m | eta: 128.3m
step 00841/02475 (33.98%) | loss: 3.151352 | lrm: 1.00 | dt: 4709.37ms | tok/sec: 222,657 | bf16_mfu: 49.08 | epoch: 1 pq: 12 rg: 50 | total time: 65.20m | eta: 128.2m
step 00842/02475 (34.02%) | loss: 3.166189 | lrm: 1.00 | dt: 4619.19ms | tok/sec: 227,004 | bf16_mfu: 50.04 | epoch: 1 pq: 12 rg: 52 | total time: 65.28m | eta: 128.1m
step 00843/02475 (34.06%) | loss: 3.160027 | lrm: 1.00 | dt: 4608.97ms | tok/sec: 227,507 | bf16_mfu: 50.15 | epoch: 1 pq: 12 rg: 54 | total time: 65.35m | eta: 128.0m
step 00844/02475 (34.10%) | loss: 3.142721 | lrm: 1.00 | dt: 4613.68ms | tok/sec: 227,275 | bf16_mfu: 50.10 | epoch: 1 pq: 12 rg: 56 | total time: 65.43m | eta: 128.0m
step 00845/02475 (34.14%) | loss: 3.142910 | lrm: 1.00 | dt: 4635.64ms | tok/sec: 226,198 | bf16_mfu: 49.86 | epoch: 1 pq: 12 rg: 58 | total time: 65.51m | eta: 127.9m
step 00846/02475 (34.18%) | loss: 3.142552 | lrm: 1.00 | dt: 4633.79ms | tok/sec: 226,289 | bf16_mfu: 49.88 | epoch: 1 pq: 12 rg: 60 | total time: 65.59m | eta: 127.8m
step 00847/02475 (34.22%) | loss: 3.139878 | lrm: 1.00 | dt: 4690.77ms | tok/sec: 223,540 | bf16_mfu: 49.27 | epoch: 1 pq: 12 rg: 62 | total time: 65.66m | eta: 127.7m
step 00848/02475 (34.26%) | loss: 3.130778 | lrm: 1.00 | dt: 4605.89ms | tok/sec: 227,659 | bf16_mfu: 50.18 | epoch: 1 pq: 12 rg: 64 | total time: 65.74m | eta: 127.6m
step 00849/02475 (34.30%) | loss: 3.134017 | lrm: 1.00 | dt: 4616.97ms | tok/sec: 227,113 | bf16_mfu: 50.06 | epoch: 1 pq: 12 rg: 66 | total time: 65.82m | eta: 127.6m
step 00850/02475 (34.34%) | loss: 3.135434 | lrm: 1.00 | dt: 4609.75ms | tok/sec: 227,468 | bf16_mfu: 50.14 | epoch: 1 pq: 12 rg: 68 | total time: 65.89m | eta: 127.5m
step 00851/02475 (34.38%) | loss: 3.131539 | lrm: 1.00 | dt: 4603.69ms | tok/sec: 227,768 | bf16_mfu: 50.21 | epoch: 1 pq: 12 rg: 70 | total time: 65.97m | eta: 127.4m
step 00852/02475 (34.42%) | loss: 3.118312 | lrm: 1.00 | dt: 4646.65ms | tok/sec: 225,662 | bf16_mfu: 49.74 | epoch: 1 pq: 12 rg: 72 | total time: 66.05m | eta: 127.3m
step 00853/02475 (34.46%) | loss: 3.114533 | lrm: 1.00 | dt: 4634.23ms | tok/sec: 226,267 | bf16_mfu: 49.87 | epoch: 1 pq: 12 rg: 74 | total time: 66.13m | eta: 127.2m
step 00854/02475 (34.51%) | loss: 3.137874 | lrm: 1.00 | dt: 4664.10ms | tok/sec: 224,818 | bf16_mfu: 49.56 | epoch: 1 pq: 12 rg: 75 | total time: 66.20m | eta: 127.2m
step 00855/02475 (34.55%) | loss: 3.151128 | lrm: 1.00 | dt: 4632.31ms | tok/sec: 226,361 | bf16_mfu: 49.90 | epoch: 1 pq: 12 rg: 77 | total time: 66.28m | eta: 127.1m
step 00856/02475 (34.59%) | loss: 3.150622 | lrm: 1.00 | dt: 4638.08ms | tok/sec: 226,079 | bf16_mfu: 49.83 | epoch: 1 pq: 12 rg: 79 | total time: 66.36m | eta: 127.0m
step 00857/02475 (34.63%) | loss: 3.142951 | lrm: 1.00 | dt: 4639.39ms | tok/sec: 226,016 | bf16_mfu: 49.82 | epoch: 1 pq: 12 rg: 81 | total time: 66.44m | eta: 126.9m
step 00858/02475 (34.67%) | loss: 3.044282 | lrm: 1.00 | dt: 4667.87ms | tok/sec: 224,636 | bf16_mfu: 49.52 | epoch: 1 pq: 13 rg: 0 | total time: 66.51m | eta: 126.8m
step 00859/02475 (34.71%) | loss: 2.928722 | lrm: 1.00 | dt: 4707.41ms | tok/sec: 222,750 | bf16_mfu: 49.10 | epoch: 1 pq: 13 rg: 2 | total time: 66.59m | eta: 126.8m
step 00860/02475 (34.75%) | loss: 2.839007 | lrm: 1.00 | dt: 4689.19ms | tok/sec: 223,615 | bf16_mfu: 49.29 | epoch: 1 pq: 13 rg: 3 | total time: 66.67m | eta: 126.7m
step 00861/02475 (34.79%) | loss: 2.768988 | lrm: 1.00 | dt: 4705.82ms | tok/sec: 222,825 | bf16_mfu: 49.12 | epoch: 1 pq: 13 rg: 4 | total time: 66.75m | eta: 126.6m
step 00862/02475 (34.83%) | loss: 2.695447 | lrm: 1.00 | dt: 4695.13ms | tok/sec: 223,332 | bf16_mfu: 49.23 | epoch: 1 pq: 13 rg: 5 | total time: 66.83m | eta: 126.5m
step 00863/02475 (34.87%) | loss: 2.629843 | lrm: 1.00 | dt: 4833.48ms | tok/sec: 216,939 | bf16_mfu: 47.82 | epoch: 1 pq: 13 rg: 6 | total time: 66.91m | eta: 126.4m
step 00864/02475 (34.91%) | loss: 2.520121 | lrm: 1.00 | dt: 4687.39ms | tok/sec: 223,701 | bf16_mfu: 49.31 | epoch: 1 pq: 13 rg: 7 | total time: 66.99m | eta: 126.4m
step 00865/02475 (34.95%) | loss: 2.446494 | lrm: 1.00 | dt: 4655.50ms | tok/sec: 225,233 | bf16_mfu: 49.65 | epoch: 1 pq: 13 rg: 8 | total time: 67.06m | eta: 126.3m
step 00866/02475 (34.99%) | loss: 2.387213 | lrm: 1.00 | dt: 4672.98ms | tok/sec: 224,391 | bf16_mfu: 49.46 | epoch: 1 pq: 13 rg: 9 | total time: 67.14m | eta: 126.2m
step 00867/02475 (35.03%) | loss: 2.350602 | lrm: 1.00 | dt: 4690.74ms | tok/sec: 223,541 | bf16_mfu: 49.27 | epoch: 1 pq: 13 rg: 10 | total time: 67.22m | eta: 126.1m
step 00868/02475 (35.07%) | loss: 2.297440 | lrm: 1.00 | dt: 4829.94ms | tok/sec: 217,099 | bf16_mfu: 47.85 | epoch: 1 pq: 13 rg: 11 | total time: 67.30m | eta: 126.0m
step 00869/02475 (35.11%) | loss: 2.271417 | lrm: 1.00 | dt: 4703.25ms | tok/sec: 222,947 | bf16_mfu: 49.14 | epoch: 1 pq: 13 rg: 13 | total time: 67.38m | eta: 126.0m
step 00870/02475 (35.15%) | loss: 2.219504 | lrm: 1.00 | dt: 4691.51ms | tok/sec: 223,505 | bf16_mfu: 49.27 | epoch: 1 pq: 13 rg: 14 | total time: 67.46m | eta: 125.9m
step 00871/02475 (35.19%) | loss: 2.173515 | lrm: 1.00 | dt: 4653.80ms | tok/sec: 225,315 | bf16_mfu: 49.67 | epoch: 1 pq: 13 rg: 15 | total time: 67.53m | eta: 125.8m
step 00872/02475 (35.23%) | loss: 2.135411 | lrm: 1.00 | dt: 4884.34ms | tok/sec: 214,681 | bf16_mfu: 47.32 | epoch: 1 pq: 13 rg: 16 | total time: 67.61m | eta: 125.7m
step 00873/02475 (35.27%) | loss: 2.121621 | lrm: 1.00 | dt: 4668.93ms | tok/sec: 224,585 | bf16_mfu: 49.50 | epoch: 1 pq: 13 rg: 17 | total time: 67.69m | eta: 125.7m
step 00874/02475 (35.31%) | loss: 2.098532 | lrm: 1.00 | dt: 4687.57ms | tok/sec: 223,692 | bf16_mfu: 49.31 | epoch: 1 pq: 13 rg: 18 | total time: 67.77m | eta: 125.6m
step 00875/02475 (35.35%) | loss: 2.082480 | lrm: 0.99 | dt: 4688.87ms | tok/sec: 223,630 | bf16_mfu: 49.29 | epoch: 1 pq: 13 rg: 19 | total time: 67.85m | eta: 125.5m
step 00876/02475 (35.39%) | loss: 2.043186 | lrm: 0.99 | dt: 4700.68ms | tok/sec: 223,068 | bf16_mfu: 49.17 | epoch: 1 pq: 13 rg: 20 | total time: 67.93m | eta: 125.4m
step 00877/02475 (35.43%) | loss: 2.033909 | lrm: 0.99 | dt: 4681.35ms | tok/sec: 223,989 | bf16_mfu: 49.37 | epoch: 1 pq: 13 rg: 21 | total time: 68.01m | eta: 125.3m
step 00878/02475 (35.47%) | loss: 2.018601 | lrm: 0.99 | dt: 4655.02ms | tok/sec: 225,256 | bf16_mfu: 49.65 | epoch: 1 pq: 13 rg: 22 | total time: 68.08m | eta: 125.3m
step 00879/02475 (35.52%) | loss: 2.051143 | lrm: 0.99 | dt: 4701.90ms | tok/sec: 223,010 | bf16_mfu: 49.16 | epoch: 1 pq: 13 rg: 24 | total time: 68.16m | eta: 125.2m
step 00880/02475 (35.56%) | loss: 2.021332 | lrm: 0.99 | dt: 4631.11ms | tok/sec: 226,420 | bf16_mfu: 49.91 | epoch: 1 pq: 13 rg: 25 | total time: 68.24m | eta: 125.1m
step 00881/02475 (35.60%) | loss: 2.004350 | lrm: 0.99 | dt: 4670.90ms | tok/sec: 224,491 | bf16_mfu: 49.48 | epoch: 1 pq: 13 rg: 26 | total time: 68.32m | eta: 125.0m
step 00882/02475 (35.64%) | loss: 2.009596 | lrm: 0.99 | dt: 4674.39ms | tok/sec: 224,323 | bf16_mfu: 49.45 | epoch: 1 pq: 13 rg: 27 | total time: 68.39m | eta: 124.9m
step 00883/02475 (35.68%) | loss: 1.992263 | lrm: 0.99 | dt: 4665.46ms | tok/sec: 224,752 | bf16_mfu: 49.54 | epoch: 1 pq: 13 rg: 28 | total time: 68.47m | eta: 124.9m
step 00884/02475 (35.72%) | loss: 1.972386 | lrm: 0.99 | dt: 4690.79ms | tok/sec: 223,539 | bf16_mfu: 49.27 | epoch: 1 pq: 13 rg: 29 | total time: 68.55m | eta: 124.8m
step 00885/02475 (35.76%) | loss: 1.928711 | lrm: 0.99 | dt: 4653.70ms | tok/sec: 225,320 | bf16_mfu: 49.67 | epoch: 1 pq: 13 rg: 30 | total time: 68.63m | eta: 124.7m
step 00886/02475 (35.80%) | loss: 1.914017 | lrm: 0.99 | dt: 4848.36ms | tok/sec: 216,274 | bf16_mfu: 47.67 | epoch: 1 pq: 13 rg: 31 | total time: 68.71m | eta: 124.6m
step 00887/02475 (35.84%) | loss: 1.885281 | lrm: 0.99 | dt: 4685.17ms | tok/sec: 223,807 | bf16_mfu: 49.33 | epoch: 1 pq: 13 rg: 32 | total time: 68.79m | eta: 124.6m
step 00888/02475 (35.88%) | loss: 1.872233 | lrm: 0.99 | dt: 4704.99ms | tok/sec: 222,864 | bf16_mfu: 49.12 | epoch: 1 pq: 13 rg: 33 | total time: 68.86m | eta: 124.5m
step 00889/02475 (35.92%) | loss: 1.842418 | lrm: 0.99 | dt: 4687.12ms | tok/sec: 223,714 | bf16_mfu: 49.31 | epoch: 1 pq: 13 rg: 35 | total time: 68.94m | eta: 124.4m
step 00890/02475 (35.96%) | loss: 1.847099 | lrm: 0.99 | dt: 4680.69ms | tok/sec: 224,021 | bf16_mfu: 49.38 | epoch: 1 pq: 13 rg: 36 | total time: 69.02m | eta: 124.3m
step 00891/02475 (36.00%) | loss: 1.837994 | lrm: 0.99 | dt: 4681.70ms | tok/sec: 223,973 | bf16_mfu: 49.37 | epoch: 1 pq: 13 rg: 37 | total time: 69.10m | eta: 124.2m
step 00892/02475 (36.04%) | loss: 1.829338 | lrm: 0.98 | dt: 4704.01ms | tok/sec: 222,910 | bf16_mfu: 49.13 | epoch: 1 pq: 13 rg: 38 | total time: 69.18m | eta: 124.2m
step 00893/02475 (36.08%) | loss: 1.814671 | lrm: 0.98 | dt: 4706.74ms | tok/sec: 222,782 | bf16_mfu: 49.11 | epoch: 1 pq: 13 rg: 39 | total time: 69.26m | eta: 124.1m
step 00894/02475 (36.12%) | loss: 1.824286 | lrm: 0.98 | dt: 4713.68ms | tok/sec: 222,453 | bf16_mfu: 49.03 | epoch: 1 pq: 13 rg: 40 | total time: 69.33m | eta: 124.0m
step 00895/02475 (36.16%) | loss: 1.820921 | lrm: 0.98 | dt: 4695.47ms | tok/sec: 223,316 | bf16_mfu: 49.22 | epoch: 1 pq: 13 rg: 41 | total time: 69.41m | eta: 123.9m
step 00896/02475 (36.20%) | loss: 1.811854 | lrm: 0.98 | dt: 4772.76ms | tok/sec: 219,700 | bf16_mfu: 48.43 | epoch: 1 pq: 13 rg: 42 | total time: 69.49m | eta: 123.8m
step 00897/02475 (36.24%) | loss: 1.803270 | lrm: 0.98 | dt: 4700.02ms | tok/sec: 223,100 | bf16_mfu: 49.18 | epoch: 1 pq: 13 rg: 43 | total time: 69.57m | eta: 123.8m
step 00898/02475 (36.28%) | loss: 1.835046 | lrm: 0.98 | dt: 4653.60ms | tok/sec: 225,325 | bf16_mfu: 49.67 | epoch: 1 pq: 13 rg: 44 | total time: 69.65m | eta: 123.7m
step 00899/02475 (36.32%) | loss: 1.828349 | lrm: 0.98 | dt: 4661.21ms | tok/sec: 224,958 | bf16_mfu: 49.59 | epoch: 1 pq: 13 rg: 45 | total time: 69.73m | eta: 123.6m
step 00900/02475 (36.36%) | loss: 1.837456 | lrm: 0.98 | dt: 4949.11ms | tok/sec: 211,871 | bf16_mfu: 46.70 | epoch: 1 pq: 13 rg: 47 | total time: 69.81m | eta: 123.5m
step 00901/02475 (36.40%) | loss: 1.828107 | lrm: 0.98 | dt: 4701.23ms | tok/sec: 223,043 | bf16_mfu: 49.16 | epoch: 1 pq: 13 rg: 48 | total time: 69.89m | eta: 123.5m
step 00902/02475 (36.44%) | loss: 1.846780 | lrm: 0.98 | dt: 4663.05ms | tok/sec: 224,869 | bf16_mfu: 49.57 | epoch: 1 pq: 13 rg: 49 | total time: 69.96m | eta: 123.4m
step 00903/02475 (36.48%) | loss: 1.811478 | lrm: 0.98 | dt: 4686.89ms | tok/sec: 223,725 | bf16_mfu: 49.31 | epoch: 1 pq: 13 rg: 50 | total time: 70.04m | eta: 123.3m
step 00904/02475 (36.53%) | loss: 1.819724 | lrm: 0.98 | dt: 4666.64ms | tok/sec: 224,696 | bf16_mfu: 49.53 | epoch: 1 pq: 13 rg: 51 | total time: 70.12m | eta: 123.2m
step 00905/02475 (36.57%) | loss: 1.852061 | lrm: 0.98 | dt: 4903.35ms | tok/sec: 213,848 | bf16_mfu: 47.14 | epoch: 1 pq: 13 rg: 52 | total time: 70.20m | eta: 123.1m
step 00906/02475 (36.61%) | loss: 1.849750 | lrm: 0.98 | dt: 4684.28ms | tok/sec: 223,849 | bf16_mfu: 49.34 | epoch: 1 pq: 13 rg: 53 | total time: 70.28m | eta: 123.1m
step 00907/02475 (36.65%) | loss: 1.810382 | lrm: 0.98 | dt: 4703.38ms | tok/sec: 222,941 | bf16_mfu: 49.14 | epoch: 1 pq: 13 rg: 54 | total time: 70.36m | eta: 123.0m
step 00908/02475 (36.69%) | loss: 1.804098 | lrm: 0.98 | dt: 4626.82ms | tok/sec: 226,630 | bf16_mfu: 49.95 | epoch: 1 pq: 13 rg: 55 | total time: 70.44m | eta: 122.9m
step 00909/02475 (36.73%) | loss: 1.826285 | lrm: 0.97 | dt: 4664.16ms | tok/sec: 224,815 | bf16_mfu: 49.55 | epoch: 1 pq: 13 rg: 56 | total time: 70.51m | eta: 122.8m
step 00910/02475 (36.77%) | loss: 1.812785 | lrm: 0.97 | dt: 4700.38ms | tok/sec: 223,083 | bf16_mfu: 49.17 | epoch: 1 pq: 13 rg: 57 | total time: 70.59m | eta: 122.8m
step 00911/02475 (36.81%) | loss: 1.814738 | lrm: 0.97 | dt: 4781.51ms | tok/sec: 219,298 | bf16_mfu: 48.34 | epoch: 1 pq: 13 rg: 59 | total time: 70.67m | eta: 122.7m
step 00912/02475 (36.85%) | loss: 1.843415 | lrm: 0.97 | dt: 4784.11ms | tok/sec: 219,179 | bf16_mfu: 48.31 | epoch: 1 pq: 13 rg: 60 | total time: 70.75m | eta: 122.6m
step 00913/02475 (36.89%) | loss: 1.837349 | lrm: 0.97 | dt: 4689.56ms | tok/sec: 223,597 | bf16_mfu: 49.29 | epoch: 1 pq: 13 rg: 61 | total time: 70.83m | eta: 122.5m
step 00914/02475 (36.93%) | loss: 1.841438 | lrm: 0.97 | dt: 4782.82ms | tok/sec: 219,237 | bf16_mfu: 48.33 | epoch: 1 pq: 13 rg: 62 | total time: 70.91m | eta: 122.4m
step 00915/02475 (36.97%) | loss: 1.830517 | lrm: 0.97 | dt: 4688.99ms | tok/sec: 223,625 | bf16_mfu: 49.29 | epoch: 1 pq: 13 rg: 63 | total time: 70.99m | eta: 122.4m
step 00916/02475 (37.01%) | loss: 1.809010 | lrm: 0.97 | dt: 4679.47ms | tok/sec: 224,079 | bf16_mfu: 49.39 | epoch: 1 pq: 13 rg: 64 | total time: 71.07m | eta: 122.3m
step 00917/02475 (37.05%) | loss: 1.781061 | lrm: 0.97 | dt: 4764.71ms | tok/sec: 220,071 | bf16_mfu: 48.51 | epoch: 1 pq: 13 rg: 65 | total time: 71.14m | eta: 122.2m
step 00918/02475 (37.09%) | loss: 1.764084 | lrm: 0.97 | dt: 4668.48ms | tok/sec: 224,607 | bf16_mfu: 49.51 | epoch: 1 pq: 13 rg: 66 | total time: 71.22m | eta: 122.1m
step 00919/02475 (37.13%) | loss: 1.762969 | lrm: 0.97 | dt: 4780.80ms | tok/sec: 219,330 | bf16_mfu: 48.35 | epoch: 1 pq: 13 rg: 67 | total time: 71.30m | eta: 122.1m
step 00920/02475 (37.17%) | loss: 1.760402 | lrm: 0.97 | dt: 4916.04ms | tok/sec: 213,297 | bf16_mfu: 47.02 | epoch: 1 pq: 13 rg: 68 | total time: 71.38m | eta: 122.0m
step 00921/02475 (37.21%) | loss: 1.777029 | lrm: 0.97 | dt: 4703.61ms | tok/sec: 222,930 | bf16_mfu: 49.14 | epoch: 1 pq: 13 rg: 69 | total time: 71.46m | eta: 121.9m
step 00922/02475 (37.25%) | loss: 1.781319 | lrm: 0.97 | dt: 4700.70ms | tok/sec: 223,068 | bf16_mfu: 49.17 | epoch: 1 pq: 13 rg: 71 | total time: 71.54m | eta: 121.8m
step 00923/02475 (37.29%) | loss: 1.798445 | lrm: 0.97 | dt: 4727.52ms | tok/sec: 221,802 | bf16_mfu: 48.89 | epoch: 1 pq: 13 rg: 72 | total time: 71.62m | eta: 121.7m
step 00924/02475 (37.33%) | loss: 1.773826 | lrm: 0.97 | dt: 4662.01ms | tok/sec: 224,919 | bf16_mfu: 49.58 | epoch: 1 pq: 13 rg: 73 | total time: 71.70m | eta: 121.7m
step 00925/02475 (37.37%) | loss: 1.788478 | lrm: 0.97 | dt: 4717.02ms | tok/sec: 222,296 | bf16_mfu: 49.00 | epoch: 1 pq: 13 rg: 74 | total time: 71.78m | eta: 121.6m
step 00926/02475 (37.41%) | loss: 1.804367 | lrm: 0.96 | dt: 4723.59ms | tok/sec: 221,987 | bf16_mfu: 48.93 | epoch: 1 pq: 13 rg: 75 | total time: 71.85m | eta: 121.5m
step 00927/02475 (37.45%) | loss: 1.811057 | lrm: 0.96 | dt: 4664.86ms | tok/sec: 224,781 | bf16_mfu: 49.55 | epoch: 1 pq: 13 rg: 76 | total time: 71.93m | eta: 121.4m
step 00928/02475 (37.49%) | loss: 1.803182 | lrm: 0.96 | dt: 4667.13ms | tok/sec: 224,672 | bf16_mfu: 49.52 | epoch: 1 pq: 13 rg: 77 | total time: 72.01m | eta: 121.4m
step 00929/02475 (37.54%) | loss: 1.814909 | lrm: 0.96 | dt: 4660.01ms | tok/sec: 225,015 | bf16_mfu: 49.60 | epoch: 1 pq: 13 rg: 78 | total time: 72.09m | eta: 121.3m
step 00930/02475 (37.58%) | loss: 1.779132 | lrm: 0.96 | dt: 4730.11ms | tok/sec: 221,681 | bf16_mfu: 48.86 | epoch: 1 pq: 13 rg: 79 | total time: 72.17m | eta: 121.2m
step 00931/02475 (37.62%) | loss: 1.793997 | lrm: 0.96 | dt: 4671.05ms | tok/sec: 224,484 | bf16_mfu: 49.48 | epoch: 1 pq: 13 rg: 80 | total time: 72.24m | eta: 121.1m
step 00932/02475 (37.66%) | loss: 1.812755 | lrm: 0.96 | dt: 4671.78ms | tok/sec: 224,448 | bf16_mfu: 49.47 | epoch: 1 pq: 13 rg: 82 | total time: 72.32m | eta: 121.0m
step 00933/02475 (37.70%) | loss: 1.817259 | lrm: 0.96 | dt: 4703.93ms | tok/sec: 222,915 | bf16_mfu: 49.14 | epoch: 1 pq: 13 rg: 83 | total time: 72.40m | eta: 121.0m
step 00934/02475 (37.74%) | loss: 1.799497 | lrm: 0.96 | dt: 4670.17ms | tok/sec: 224,526 | bf16_mfu: 49.49 | epoch: 1 pq: 13 rg: 84 | total time: 72.48m | eta: 120.9m
step 00935/02475 (37.78%) | loss: 1.794155 | lrm: 0.96 | dt: 4672.27ms | tok/sec: 224,425 | bf16_mfu: 49.47 | epoch: 1 pq: 13 rg: 85 | total time: 72.56m | eta: 120.8m
step 00936/02475 (37.82%) | loss: 1.789643 | lrm: 0.96 | dt: 4653.46ms | tok/sec: 225,332 | bf16_mfu: 49.67 | epoch: 1 pq: 13 rg: 86 | total time: 72.63m | eta: 120.7m
step 00937/02475 (37.86%) | loss: 1.799214 | lrm: 0.96 | dt: 4713.74ms | tok/sec: 222,450 | bf16_mfu: 49.03 | epoch: 1 pq: 13 rg: 87 | total time: 72.71m | eta: 120.6m
step 00938/02475 (37.90%) | loss: 1.782176 | lrm: 0.96 | dt: 4674.91ms | tok/sec: 224,298 | bf16_mfu: 49.44 | epoch: 1 pq: 13 rg: 88 | total time: 72.79m | eta: 120.6m
step 00939/02475 (37.94%) | loss: 1.768067 | lrm: 0.96 | dt: 4668.62ms | tok/sec: 224,600 | bf16_mfu: 49.51 | epoch: 1 pq: 13 rg: 89 | total time: 72.87m | eta: 120.5m
step 00940/02475 (37.98%) | loss: 1.772371 | lrm: 0.96 | dt: 4669.85ms | tok/sec: 224,541 | bf16_mfu: 49.49 | epoch: 1 pq: 13 rg: 90 | total time: 72.95m | eta: 120.4m
step 00941/02475 (38.02%) | loss: 1.750808 | lrm: 0.96 | dt: 4681.94ms | tok/sec: 223,961 | bf16_mfu: 49.37 | epoch: 1 pq: 13 rg: 91 | total time: 73.02m | eta: 120.3m
step 00942/02475 (38.06%) | loss: 1.722526 | lrm: 0.96 | dt: 4750.42ms | tok/sec: 220,733 | bf16_mfu: 48.65 | epoch: 1 pq: 13 rg: 93 | total time: 73.10m | eta: 120.2m
step 00943/02475 (38.10%) | loss: 1.735373 | lrm: 0.95 | dt: 4913.63ms | tok/sec: 213,401 | bf16_mfu: 47.04 | epoch: 1 pq: 13 rg: 94 | total time: 73.19m | eta: 120.2m
step 00944/02475 (38.14%) | loss: 1.741000 | lrm: 0.95 | dt: 4638.52ms | tok/sec: 226,058 | bf16_mfu: 49.83 | epoch: 1 pq: 13 rg: 95 | total time: 73.26m | eta: 120.1m
step 00945/02475 (38.18%) | loss: 1.717145 | lrm: 0.95 | dt: 4898.74ms | tok/sec: 214,049 | bf16_mfu: 47.18 | epoch: 1 pq: 13 rg: 96 | total time: 73.34m | eta: 120.0m
step 00946/02475 (38.22%) | loss: 1.720249 | lrm: 0.95 | dt: 4637.26ms | tok/sec: 226,119 | bf16_mfu: 49.84 | epoch: 1 pq: 13 rg: 97 | total time: 73.42m | eta: 119.9m
step 00947/02475 (38.26%) | loss: 1.730893 | lrm: 0.95 | dt: 4678.94ms | tok/sec: 224,105 | bf16_mfu: 49.40 | epoch: 1 pq: 13 rg: 98 | total time: 73.50m | eta: 119.9m
step 00948/02475 (38.30%) | loss: 1.733833 | lrm: 0.95 | dt: 4655.76ms | tok/sec: 225,221 | bf16_mfu: 49.64 | epoch: 1 pq: 13 rg: 99 | total time: 73.58m | eta: 119.8m
step 00949/02475 (38.34%) | loss: 1.749631 | lrm: 0.95 | dt: 4927.92ms | tok/sec: 212,782 | bf16_mfu: 46.90 | epoch: 1 pq: 13 rg: 100 | total time: 73.66m | eta: 119.7m
step 00950/02475 (38.38%) | loss: 1.753200 | lrm: 0.95 | dt: 4677.88ms | tok/sec: 224,156 | bf16_mfu: 49.41 | epoch: 1 pq: 13 rg: 101 | total time: 73.74m | eta: 119.6m
step 00951/02475 (38.42%) | loss: 1.755654 | lrm: 0.95 | dt: 4708.38ms | tok/sec: 222,704 | bf16_mfu: 49.09 | epoch: 1 pq: 14 rg: 0 | total time: 73.82m | eta: 119.5m
step 00952/02475 (38.46%) | loss: 1.732912 | lrm: 0.95 | dt: 4740.09ms | tok/sec: 221,214 | bf16_mfu: 48.76 | epoch: 1 pq: 14 rg: 1 | total time: 73.89m | eta: 119.5m
step 00953/02475 (38.51%) | loss: 1.707789 | lrm: 0.95 | dt: 4891.18ms | tok/sec: 214,380 | bf16_mfu: 47.25 | epoch: 1 pq: 14 rg: 2 | total time: 73.98m | eta: 119.4m
step 00954/02475 (38.55%) | loss: 1.716621 | lrm: 0.95 | dt: 4660.92ms | tok/sec: 224,971 | bf16_mfu: 49.59 | epoch: 1 pq: 14 rg: 3 | total time: 74.05m | eta: 119.3m
step 00955/02475 (38.59%) | loss: 1.705968 | lrm: 0.95 | dt: 4693.10ms | tok/sec: 223,429 | bf16_mfu: 49.25 | epoch: 1 pq: 14 rg: 4 | total time: 74.13m | eta: 119.2m
step 00956/02475 (38.63%) | loss: 1.718875 | lrm: 0.95 | dt: 4777.39ms | tok/sec: 219,487 | bf16_mfu: 48.38 | epoch: 1 pq: 14 rg: 6 | total time: 74.21m | eta: 119.2m
step 00957/02475 (38.67%) | loss: 1.720797 | lrm: 0.95 | dt: 4724.86ms | tok/sec: 221,927 | bf16_mfu: 48.92 | epoch: 1 pq: 14 rg: 7 | total time: 74.29m | eta: 119.1m
step 00958/02475 (38.71%) | loss: 1.715966 | lrm: 0.95 | dt: 4734.92ms | tok/sec: 221,455 | bf16_mfu: 48.81 | epoch: 1 pq: 14 rg: 8 | total time: 74.37m | eta: 119.0m
step 00959/02475 (38.75%) | loss: 1.730787 | lrm: 0.95 | dt: 4835.26ms | tok/sec: 216,860 | bf16_mfu: 47.80 | epoch: 1 pq: 14 rg: 9 | total time: 74.45m | eta: 118.9m
step 00960/02475 (38.79%) | loss: 1.731975 | lrm: 0.94 | dt: 4745.57ms | tok/sec: 220,958 | bf16_mfu: 48.70 | epoch: 1 pq: 14 rg: 10 | total time: 74.53m | eta: 118.9m
step 00961/02475 (38.83%) | loss: 1.746814 | lrm: 0.94 | dt: 4779.19ms | tok/sec: 219,404 | bf16_mfu: 48.36 | epoch: 1 pq: 14 rg: 11 | total time: 74.61m | eta: 118.8m
step 00962/02475 (38.87%) | loss: 1.742823 | lrm: 0.94 | dt: 4812.86ms | tok/sec: 217,869 | bf16_mfu: 48.02 | epoch: 1 pq: 14 rg: 12 | total time: 74.69m | eta: 118.7m
step 00963/02475 (38.91%) | loss: 1.740266 | lrm: 0.94 | dt: 4706.68ms | tok/sec: 222,784 | bf16_mfu: 49.11 | epoch: 1 pq: 14 rg: 13 | total time: 74.77m | eta: 118.6m
step 00964/02475 (38.95%) | loss: 1.733727 | lrm: 0.94 | dt: 4778.37ms | tok/sec: 219,442 | bf16_mfu: 48.37 | epoch: 1 pq: 14 rg: 14 | total time: 74.85m | eta: 118.5m
step 00965/02475 (38.99%) | loss: 1.719184 | lrm: 0.94 | dt: 4739.39ms | tok/sec: 221,246 | bf16_mfu: 48.77 | epoch: 1 pq: 14 rg: 15 | total time: 74.93m | eta: 118.5m
step 00966/02475 (39.03%) | loss: 1.751939 | lrm: 0.94 | dt: 4857.03ms | tok/sec: 215,888 | bf16_mfu: 47.59 | epoch: 1 pq: 14 rg: 16 | total time: 75.01m | eta: 118.4m
step 00967/02475 (39.07%) | loss: 1.775997 | lrm: 0.94 | dt: 4738.47ms | tok/sec: 221,289 | bf16_mfu: 48.78 | epoch: 1 pq: 14 rg: 17 | total time: 75.09m | eta: 118.3m
step 00968/02475 (39.11%) | loss: 1.771113 | lrm: 0.94 | dt: 4746.04ms | tok/sec: 220,937 | bf16_mfu: 48.70 | epoch: 1 pq: 14 rg: 19 | total time: 75.16m | eta: 118.2m
step 00969/02475 (39.15%) | loss: 1.772863 | lrm: 0.94 | dt: 4673.52ms | tok/sec: 224,365 | bf16_mfu: 49.46 | epoch: 1 pq: 14 rg: 20 | total time: 75.24m | eta: 118.2m
step 00970/02475 (39.19%) | loss: 1.764250 | lrm: 0.94 | dt: 4739.99ms | tok/sec: 221,218 | bf16_mfu: 48.76 | epoch: 1 pq: 14 rg: 21 | total time: 75.32m | eta: 118.1m
step 00971/02475 (39.23%) | loss: 1.772640 | lrm: 0.94 | dt: 4838.21ms | tok/sec: 216,728 | bf16_mfu: 47.77 | epoch: 1 pq: 14 rg: 22 | total time: 75.40m | eta: 118.0m
step 00972/02475 (39.27%) | loss: 1.769221 | lrm: 0.94 | dt: 4989.83ms | tok/sec: 210,142 | bf16_mfu: 46.32 | epoch: 1 pq: 14 rg: 23 | total time: 75.49m | eta: 117.9m
step 00973/02475 (39.31%) | loss: 1.734024 | lrm: 0.94 | dt: 4689.95ms | tok/sec: 223,579 | bf16_mfu: 49.28 | epoch: 1 pq: 14 rg: 24 | total time: 75.56m | eta: 117.9m
step 00974/02475 (39.35%) | loss: 1.717253 | lrm: 0.94 | dt: 4680.85ms | tok/sec: 224,013 | bf16_mfu: 49.38 | epoch: 1 pq: 14 rg: 25 | total time: 75.64m | eta: 117.8m
step 00975/02475 (39.39%) | loss: 1.716904 | lrm: 0.94 | dt: 4643.45ms | tok/sec: 225,818 | bf16_mfu: 49.78 | epoch: 1 pq: 14 rg: 26 | total time: 75.72m | eta: 117.7m
step 00976/02475 (39.43%) | loss: 1.723561 | lrm: 0.94 | dt: 4705.02ms | tok/sec: 222,863 | bf16_mfu: 49.12 | epoch: 1 pq: 14 rg: 27 | total time: 75.80m | eta: 117.6m
step 00977/02475 (39.47%) | loss: 1.741156 | lrm: 0.93 | dt: 4671.54ms | tok/sec: 224,460 | bf16_mfu: 49.48 | epoch: 1 pq: 14 rg: 28 | total time: 75.88m | eta: 117.5m
step 00978/02475 (39.52%) | loss: 1.702324 | lrm: 0.93 | dt: 4707.71ms | tok/sec: 222,736 | bf16_mfu: 49.10 | epoch: 1 pq: 14 rg: 30 | total time: 75.95m | eta: 117.5m
step 00979/02475 (39.56%) | loss: 1.714510 | lrm: 0.93 | dt: 4750.20ms | tok/sec: 220,743 | bf16_mfu: 48.66 | epoch: 1 pq: 14 rg: 31 | total time: 76.03m | eta: 117.4m
step 00980/02475 (39.60%) | loss: 1.703357 | lrm: 0.93 | dt: 4749.88ms | tok/sec: 220,758 | bf16_mfu: 48.66 | epoch: 1 pq: 14 rg: 32 | total time: 76.11m | eta: 117.3m
step 00981/02475 (39.64%) | loss: 1.715129 | lrm: 0.93 | dt: 4721.40ms | tok/sec: 222,090 | bf16_mfu: 48.95 | epoch: 1 pq: 14 rg: 33 | total time: 76.19m | eta: 117.2m
step 00982/02475 (39.68%) | loss: 1.693395 | lrm: 0.93 | dt: 4776.82ms | tok/sec: 219,513 | bf16_mfu: 48.39 | epoch: 1 pq: 14 rg: 34 | total time: 76.27m | eta: 117.2m
step 00983/02475 (39.72%) | loss: 1.728395 | lrm: 0.93 | dt: 4696.39ms | tok/sec: 223,272 | bf16_mfu: 49.21 | epoch: 1 pq: 14 rg: 35 | total time: 76.35m | eta: 117.1m
step 00984/02475 (39.76%) | loss: 1.741379 | lrm: 0.93 | dt: 4725.67ms | tok/sec: 221,889 | bf16_mfu: 48.91 | epoch: 1 pq: 14 rg: 36 | total time: 76.43m | eta: 117.0m
step 00985/02475 (39.80%) | loss: 1.709213 | lrm: 0.93 | dt: 4720.41ms | tok/sec: 222,136 | bf16_mfu: 48.96 | epoch: 1 pq: 14 rg: 37 | total time: 76.51m | eta: 116.9m
step 00986/02475 (39.84%) | loss: 1.718065 | lrm: 0.93 | dt: 4724.19ms | tok/sec: 221,958 | bf16_mfu: 48.93 | epoch: 1 pq: 14 rg: 38 | total time: 76.59m | eta: 116.8m
step 00987/02475 (39.88%) | loss: 1.681614 | lrm: 0.93 | dt: 4755.96ms | tok/sec: 220,476 | bf16_mfu: 48.60 | epoch: 1 pq: 14 rg: 39 | total time: 76.66m | eta: 116.8m
step 00988/02475 (39.92%) | loss: 1.675720 | lrm: 0.93 | dt: 4733.80ms | tok/sec: 221,508 | bf16_mfu: 48.83 | epoch: 1 pq: 14 rg: 40 | total time: 76.74m | eta: 116.7m
step 00989/02475 (39.96%) | loss: 1.671910 | lrm: 0.93 | dt: 4667.20ms | tok/sec: 224,669 | bf16_mfu: 49.52 | epoch: 1 pq: 14 rg: 41 | total time: 76.82m | eta: 116.6m
step 00990/02475 (40.00%) | loss: 1.691042 | lrm: 0.93 | dt: 4727.69ms | tok/sec: 221,794 | bf16_mfu: 48.89 | epoch: 1 pq: 14 rg: 43 | total time: 76.90m | eta: 116.5m
step 00991/02475 (40.04%) | loss: 1.684870 | lrm: 0.93 | dt: 4732.77ms | tok/sec: 221,556 | bf16_mfu: 48.84 | epoch: 1 pq: 14 rg: 44 | total time: 76.98m | eta: 116.4m
step 00992/02475 (40.08%) | loss: 1.684254 | lrm: 0.93 | dt: 4718.54ms | tok/sec: 222,224 | bf16_mfu: 48.98 | epoch: 1 pq: 14 rg: 45 | total time: 77.06m | eta: 116.4m
step 00993/02475 (40.12%) | loss: 1.652302 | lrm: 0.93 | dt: 4926.20ms | tok/sec: 212,856 | bf16_mfu: 46.92 | epoch: 1 pq: 14 rg: 46 | total time: 77.14m | eta: 116.3m
step 00994/02475 (40.16%) | loss: 1.651668 | lrm: 0.92 | dt: 4640.32ms | tok/sec: 225,970 | bf16_mfu: 49.81 | epoch: 1 pq: 14 rg: 47 | total time: 77.22m | eta: 116.2m
step 00995/02475 (40.20%) | loss: 1.663120 | lrm: 0.92 | dt: 4666.00ms | tok/sec: 224,726 | bf16_mfu: 49.54 | epoch: 1 pq: 14 rg: 48 | total time: 77.29m | eta: 116.1m
step 00996/02475 (40.24%) | loss: 1.669878 | lrm: 0.92 | dt: 4690.78ms | tok/sec: 223,539 | bf16_mfu: 49.27 | epoch: 1 pq: 14 rg: 49 | total time: 77.37m | eta: 116.1m
step 00997/02475 (40.28%) | loss: 1.699367 | lrm: 0.92 | dt: 4674.75ms | tok/sec: 224,306 | bf16_mfu: 49.44 | epoch: 1 pq: 14 rg: 50 | total time: 77.45m | eta: 116.0m
step 00998/02475 (40.32%) | loss: 1.697940 | lrm: 0.92 | dt: 4648.33ms | tok/sec: 225,581 | bf16_mfu: 49.72 | epoch: 1 pq: 14 rg: 51 | total time: 77.53m | eta: 115.9m
step 00999/02475 (40.36%) | loss: 1.683395 | lrm: 0.92 | dt: 4674.65ms | tok/sec: 224,311 | bf16_mfu: 49.44 | epoch: 1 pq: 14 rg: 52 | total time: 77.61m | eta: 115.8m
Step 01000 | Validation bpb: 1.020272
step 01000/02475 (40.40%) | loss: 1.674752 | lrm: 0.92 | dt: 4717.53ms | tok/sec: 222,272 | bf16_mfu: 48.99 | epoch: 1 pq: 14 rg: 53 | total time: 77.68m | eta: 115.7m
step 01001/02475 (40.44%) | loss: 1.685254 | lrm: 0.92 | dt: 4706.94ms | tok/sec: 222,772 | bf16_mfu: 49.10 | epoch: 1 pq: 14 rg: 55 | total time: 77.76m | eta: 115.7m
step 01002/02475 (40.48%) | loss: 1.679310 | lrm: 0.92 | dt: 4831.42ms | tok/sec: 217,032 | bf16_mfu: 47.84 | epoch: 1 pq: 14 rg: 56 | total time: 77.84m | eta: 115.6m
step 01003/02475 (40.53%) | loss: 1.696941 | lrm: 0.92 | dt: 4670.46ms | tok/sec: 224,512 | bf16_mfu: 49.49 | epoch: 1 pq: 14 rg: 57 | total time: 77.92m | eta: 115.5m
step 01004/02475 (40.57%) | loss: 1.687152 | lrm: 0.92 | dt: 4680.93ms | tok/sec: 224,010 | bf16_mfu: 49.38 | epoch: 1 pq: 14 rg: 58 | total time: 78.00m | eta: 115.4m
step 01005/02475 (40.61%) | loss: 1.699730 | lrm: 0.92 | dt: 4643.42ms | tok/sec: 225,819 | bf16_mfu: 49.78 | epoch: 1 pq: 14 rg: 59 | total time: 78.08m | eta: 115.3m
step 01006/02475 (40.65%) | loss: 1.691765 | lrm: 0.92 | dt: 4670.60ms | tok/sec: 224,505 | bf16_mfu: 49.49 | epoch: 1 pq: 14 rg: 60 | total time: 78.15m | eta: 115.3m
step 01007/02475 (40.69%) | loss: 1.700608 | lrm: 0.92 | dt: 4648.32ms | tok/sec: 225,581 | bf16_mfu: 49.72 | epoch: 1 pq: 14 rg: 61 | total time: 78.23m | eta: 115.2m
step 01008/02475 (40.73%) | loss: 1.683764 | lrm: 0.92 | dt: 4876.97ms | tok/sec: 215,005 | bf16_mfu: 47.39 | epoch: 1 pq: 14 rg: 62 | total time: 78.31m | eta: 115.1m
step 01009/02475 (40.77%) | loss: 1.704681 | lrm: 0.92 | dt: 4673.25ms | tok/sec: 224,378 | bf16_mfu: 49.46 | epoch: 1 pq: 14 rg: 63 | total time: 78.39m | eta: 115.0m
step 01010/02475 (40.81%) | loss: 1.698046 | lrm: 0.91 | dt: 4646.15ms | tok/sec: 225,686 | bf16_mfu: 49.75 | epoch: 1 pq: 14 rg: 64 | total time: 78.47m | eta: 115.0m
step 01011/02475 (40.85%) | loss: 1.694986 | lrm: 0.91 | dt: 4657.39ms | tok/sec: 225,142 | bf16_mfu: 49.63 | epoch: 1 pq: 14 rg: 65 | total time: 78.55m | eta: 114.9m
step 01012/02475 (40.89%) | loss: 1.713881 | lrm: 0.91 | dt: 4755.28ms | tok/sec: 220,507 | bf16_mfu: 48.61 | epoch: 1 pq: 14 rg: 67 | total time: 78.63m | eta: 114.8m
step 01013/02475 (40.93%) | loss: 1.704443 | lrm: 0.91 | dt: 4690.91ms | tok/sec: 223,533 | bf16_mfu: 49.27 | epoch: 1 pq: 14 rg: 68 | total time: 78.70m | eta: 114.7m
step 01014/02475 (40.97%) | loss: 1.701028 | lrm: 0.91 | dt: 4644.36ms | tok/sec: 225,773 | bf16_mfu: 49.77 | epoch: 1 pq: 14 rg: 69 | total time: 78.78m | eta: 114.6m
step 01015/02475 (41.01%) | loss: 1.708924 | lrm: 0.91 | dt: 4646.32ms | tok/sec: 225,679 | bf16_mfu: 49.75 | epoch: 1 pq: 14 rg: 70 | total time: 78.86m | eta: 114.6m
step 01016/02475 (41.05%) | loss: 1.728950 | lrm: 0.91 | dt: 4729.87ms | tok/sec: 221,692 | bf16_mfu: 48.87 | epoch: 1 pq: 14 rg: 71 | total time: 78.94m | eta: 114.5m
step 01017/02475 (41.09%) | loss: 1.727766 | lrm: 0.91 | dt: 4705.12ms | tok/sec: 222,858 | bf16_mfu: 49.12 | epoch: 1 pq: 14 rg: 72 | total time: 79.02m | eta: 114.4m
step 01018/02475 (41.13%) | loss: 1.725176 | lrm: 0.91 | dt: 4670.86ms | tok/sec: 224,492 | bf16_mfu: 49.48 | epoch: 1 pq: 14 rg: 73 | total time: 79.09m | eta: 114.3m
step 01019/02475 (41.17%) | loss: 1.724007 | lrm: 0.91 | dt: 4653.24ms | tok/sec: 225,343 | bf16_mfu: 49.67 | epoch: 1 pq: 14 rg: 74 | total time: 79.17m | eta: 114.2m
step 01020/02475 (41.21%) | loss: 1.731107 | lrm: 0.91 | dt: 4745.24ms | tok/sec: 220,974 | bf16_mfu: 48.71 | epoch: 1 pq: 14 rg: 75 | total time: 79.25m | eta: 114.2m
step 01021/02475 (41.25%) | loss: 1.737208 | lrm: 0.91 | dt: 4647.85ms | tok/sec: 225,604 | bf16_mfu: 49.73 | epoch: 1 pq: 14 rg: 76 | total time: 79.33m | eta: 114.1m
step 01022/02475 (41.29%) | loss: 1.755321 | lrm: 0.91 | dt: 4682.36ms | tok/sec: 223,941 | bf16_mfu: 49.36 | epoch: 1 pq: 14 rg: 77 | total time: 79.41m | eta: 114.0m
step 01023/02475 (41.33%) | loss: 1.756933 | lrm: 0.91 | dt: 4730.05ms | tok/sec: 221,683 | bf16_mfu: 48.86 | epoch: 1 pq: 14 rg: 79 | total time: 79.48m | eta: 113.9m
step 01024/02475 (41.37%) | loss: 1.734960 | lrm: 0.91 | dt: 4688.00ms | tok/sec: 223,672 | bf16_mfu: 49.30 | epoch: 1 pq: 14 rg: 80 | total time: 79.56m | eta: 113.9m
step 01025/02475 (41.41%) | loss: 1.729130 | lrm: 0.91 | dt: 4639.89ms | tok/sec: 225,991 | bf16_mfu: 49.81 | epoch: 1 pq: 14 rg: 81 | total time: 79.64m | eta: 113.8m
step 01026/02475 (41.45%) | loss: 1.724712 | lrm: 0.91 | dt: 4658.26ms | tok/sec: 225,100 | bf16_mfu: 49.62 | epoch: 1 pq: 14 rg: 82 | total time: 79.72m | eta: 113.7m
step 01027/02475 (41.49%) | loss: 1.711202 | lrm: 0.90 | dt: 4615.13ms | tok/sec: 227,204 | bf16_mfu: 50.08 | epoch: 1 pq: 14 rg: 83 | total time: 79.79m | eta: 113.6m
step 01028/02475 (41.54%) | loss: 1.730861 | lrm: 0.90 | dt: 4692.03ms | tok/sec: 223,480 | bf16_mfu: 49.26 | epoch: 1 pq: 14 rg: 84 | total time: 79.87m | eta: 113.5m
step 01029/02475 (41.58%) | loss: 1.722474 | lrm: 0.90 | dt: 4651.46ms | tok/sec: 225,429 | bf16_mfu: 49.69 | epoch: 1 pq: 14 rg: 85 | total time: 79.95m | eta: 113.5m
step 01030/02475 (41.62%) | loss: 1.712668 | lrm: 0.90 | dt: 4612.47ms | tok/sec: 227,335 | bf16_mfu: 50.11 | epoch: 1 pq: 14 rg: 86 | total time: 80.03m | eta: 113.4m
step 01031/02475 (41.66%) | loss: 1.720377 | lrm: 0.90 | dt: 4631.09ms | tok/sec: 226,420 | bf16_mfu: 49.91 | epoch: 1 pq: 14 rg: 87 | total time: 80.10m | eta: 113.3m
step 01032/02475 (41.70%) | loss: 1.720194 | lrm: 0.90 | dt: 4644.40ms | tok/sec: 225,772 | bf16_mfu: 49.77 | epoch: 1 pq: 14 rg: 88 | total time: 80.18m | eta: 113.2m
step 01033/02475 (41.74%) | loss: 1.715724 | lrm: 0.90 | dt: 4771.76ms | tok/sec: 219,746 | bf16_mfu: 48.44 | epoch: 1 pq: 14 rg: 90 | total time: 80.26m | eta: 113.1m
step 01034/02475 (41.78%) | loss: 1.703865 | lrm: 0.90 | dt: 4765.96ms | tok/sec: 220,013 | bf16_mfu: 48.50 | epoch: 1 pq: 14 rg: 91 | total time: 80.34m | eta: 113.1m
step 01035/02475 (41.82%) | loss: 1.692161 | lrm: 0.90 | dt: 4675.44ms | tok/sec: 224,273 | bf16_mfu: 49.44 | epoch: 1 pq: 14 rg: 92 | total time: 80.42m | eta: 113.0m
step 01036/02475 (41.86%) | loss: 1.701561 | lrm: 0.90 | dt: 4685.10ms | tok/sec: 223,810 | bf16_mfu: 49.33 | epoch: 1 pq: 14 rg: 93 | total time: 80.50m | eta: 112.9m
step 01037/02475 (41.90%) | loss: 1.720834 | lrm: 0.90 | dt: 4687.28ms | tok/sec: 223,706 | bf16_mfu: 49.31 | epoch: 1 pq: 14 rg: 94 | total time: 80.58m | eta: 112.8m
step 01038/02475 (41.94%) | loss: 1.708203 | lrm: 0.90 | dt: 4681.62ms | tok/sec: 223,977 | bf16_mfu: 49.37 | epoch: 1 pq: 14 rg: 95 | total time: 80.65m | eta: 112.7m
step 01039/02475 (41.98%) | loss: 1.702079 | lrm: 0.90 | dt: 4708.84ms | tok/sec: 222,682 | bf16_mfu: 49.08 | epoch: 1 pq: 14 rg: 96 | total time: 80.73m | eta: 112.7m
step 01040/02475 (42.02%) | loss: 1.691949 | lrm: 0.90 | dt: 4694.04ms | tok/sec: 223,384 | bf16_mfu: 49.24 | epoch: 1 pq: 14 rg: 97 | total time: 80.81m | eta: 112.6m
step 01041/02475 (42.06%) | loss: 1.707154 | lrm: 0.90 | dt: 4811.57ms | tok/sec: 217,928 | bf16_mfu: 48.04 | epoch: 1 pq: 14 rg: 98 | total time: 80.89m | eta: 112.5m
step 01042/02475 (42.10%) | loss: 1.713003 | lrm: 0.90 | dt: 4789.05ms | tok/sec: 218,952 | bf16_mfu: 48.26 | epoch: 1 pq: 14 rg: 100 | total time: 80.97m | eta: 112.4m
step 01043/02475 (42.14%) | loss: 1.723723 | lrm: 0.90 | dt: 4744.98ms | tok/sec: 220,986 | bf16_mfu: 48.71 | epoch: 1 pq: 14 rg: 101 | total time: 81.05m | eta: 112.4m
step 01044/02475 (42.18%) | loss: 1.715569 | lrm: 0.89 | dt: 4702.21ms | tok/sec: 222,996 | bf16_mfu: 49.15 | epoch: 1 pq: 14 rg: 102 | total time: 81.13m | eta: 112.3m
step 01045/02475 (42.22%) | loss: 1.884186 | lrm: 0.89 | dt: 4645.98ms | tok/sec: 225,695 | bf16_mfu: 49.75 | epoch: 1 pq: 15 rg: 1 | total time: 81.20m | eta: 112.2m
step 01046/02475 (42.26%) | loss: 2.020809 | lrm: 0.89 | dt: 4648.65ms | tok/sec: 225,565 | bf16_mfu: 49.72 | epoch: 1 pq: 15 rg: 3 | total time: 81.28m | eta: 112.1m
step 01047/02475 (42.30%) | loss: 2.142536 | lrm: 0.89 | dt: 4641.67ms | tok/sec: 225,904 | bf16_mfu: 49.79 | epoch: 1 pq: 15 rg: 5 | total time: 81.36m | eta: 112.0m
step 01048/02475 (42.34%) | loss: 2.270270 | lrm: 0.89 | dt: 4645.30ms | tok/sec: 225,728 | bf16_mfu: 49.76 | epoch: 1 pq: 15 rg: 7 | total time: 81.44m | eta: 112.0m
step 01049/02475 (42.38%) | loss: 2.371430 | lrm: 0.89 | dt: 4646.56ms | tok/sec: 225,667 | bf16_mfu: 49.74 | epoch: 1 pq: 15 rg: 9 | total time: 81.51m | eta: 111.9m
step 01050/02475 (42.42%) | loss: 2.486409 | lrm: 0.89 | dt: 4662.18ms | tok/sec: 224,911 | bf16_mfu: 49.58 | epoch: 1 pq: 15 rg: 11 | total time: 81.59m | eta: 111.8m
step 01051/02475 (42.46%) | loss: 2.541680 | lrm: 0.89 | dt: 4651.56ms | tok/sec: 225,424 | bf16_mfu: 49.69 | epoch: 1 pq: 15 rg: 13 | total time: 81.67m | eta: 111.7m
step 01052/02475 (42.51%) | loss: 2.628190 | lrm: 0.89 | dt: 4652.52ms | tok/sec: 225,378 | bf16_mfu: 49.68 | epoch: 1 pq: 15 rg: 15 | total time: 81.75m | eta: 111.6m
step 01053/02475 (42.55%) | loss: 2.679862 | lrm: 0.89 | dt: 4774.65ms | tok/sec: 219,612 | bf16_mfu: 48.41 | epoch: 1 pq: 15 rg: 17 | total time: 81.83m | eta: 111.6m
step 01054/02475 (42.59%) | loss: 2.729433 | lrm: 0.89 | dt: 4631.25ms | tok/sec: 226,413 | bf16_mfu: 49.91 | epoch: 1 pq: 15 rg: 19 | total time: 81.90m | eta: 111.5m
step 01055/02475 (42.63%) | loss: 2.779647 | lrm: 0.89 | dt: 4735.29ms | tok/sec: 221,438 | bf16_mfu: 48.81 | epoch: 1 pq: 15 rg: 21 | total time: 81.98m | eta: 111.4m
step 01056/02475 (42.67%) | loss: 2.822637 | lrm: 0.89 | dt: 4626.02ms | tok/sec: 226,669 | bf16_mfu: 49.96 | epoch: 1 pq: 15 rg: 23 | total time: 82.06m | eta: 111.3m
step 01057/02475 (42.71%) | loss: 2.846112 | lrm: 0.89 | dt: 4610.19ms | tok/sec: 227,447 | bf16_mfu: 50.13 | epoch: 1 pq: 15 rg: 25 | total time: 82.14m | eta: 111.2m
step 01058/02475 (42.75%) | loss: 2.893902 | lrm: 0.89 | dt: 4632.13ms | tok/sec: 226,370 | bf16_mfu: 49.90 | epoch: 1 pq: 15 rg: 27 | total time: 82.21m | eta: 111.2m
step 01059/02475 (42.79%) | loss: 2.920919 | lrm: 0.89 | dt: 4662.85ms | tok/sec: 224,878 | bf16_mfu: 49.57 | epoch: 1 pq: 15 rg: 29 | total time: 82.29m | eta: 111.1m
step 01060/02475 (42.83%) | loss: 2.951290 | lrm: 0.89 | dt: 4614.53ms | tok/sec: 227,233 | bf16_mfu: 50.09 | epoch: 1 pq: 15 rg: 30 | total time: 82.37m | eta: 111.0m
step 01061/02475 (42.87%) | loss: 2.974111 | lrm: 0.88 | dt: 4620.06ms | tok/sec: 226,961 | bf16_mfu: 50.03 | epoch: 1 pq: 15 rg: 32 | total time: 82.45m | eta: 110.9m
step 01062/02475 (42.91%) | loss: 2.988112 | lrm: 0.88 | dt: 4623.19ms | tok/sec: 226,808 | bf16_mfu: 49.99 | epoch: 1 pq: 15 rg: 34 | total time: 82.52m | eta: 110.8m
step 01063/02475 (42.95%) | loss: 3.008938 | lrm: 0.88 | dt: 4633.11ms | tok/sec: 226,322 | bf16_mfu: 49.89 | epoch: 1 pq: 15 rg: 36 | total time: 82.60m | eta: 110.8m
step 01064/02475 (42.99%) | loss: 3.016491 | lrm: 0.88 | dt: 4610.60ms | tok/sec: 227,427 | bf16_mfu: 50.13 | epoch: 1 pq: 15 rg: 38 | total time: 82.68m | eta: 110.7m
step 01065/02475 (43.03%) | loss: 3.044473 | lrm: 0.88 | dt: 4654.44ms | tok/sec: 225,285 | bf16_mfu: 49.66 | epoch: 1 pq: 15 rg: 40 | total time: 82.75m | eta: 110.6m
step 01066/02475 (43.07%) | loss: 3.054014 | lrm: 0.88 | dt: 4631.01ms | tok/sec: 226,425 | bf16_mfu: 49.91 | epoch: 1 pq: 15 rg: 42 | total time: 82.83m | eta: 110.5m
step 01067/02475 (43.11%) | loss: 3.074043 | lrm: 0.88 | dt: 4679.43ms | tok/sec: 224,082 | bf16_mfu: 49.39 | epoch: 1 pq: 15 rg: 44 | total time: 82.91m | eta: 110.4m
step 01068/02475 (43.15%) | loss: 3.084318 | lrm: 0.88 | dt: 4606.83ms | tok/sec: 227,613 | bf16_mfu: 50.17 | epoch: 1 pq: 15 rg: 46 | total time: 82.99m | eta: 110.4m
step 01069/02475 (43.19%) | loss: 3.062864 | lrm: 0.88 | dt: 4618.58ms | tok/sec: 227,034 | bf16_mfu: 50.04 | epoch: 1 pq: 15 rg: 48 | total time: 83.06m | eta: 110.3m
step 01070/02475 (43.23%) | loss: 3.066958 | lrm: 0.88 | dt: 4609.43ms | tok/sec: 227,484 | bf16_mfu: 50.14 | epoch: 1 pq: 15 rg: 50 | total time: 83.14m | eta: 110.2m
step 01071/02475 (43.27%) | loss: 3.070729 | lrm: 0.88 | dt: 4627.02ms | tok/sec: 226,620 | bf16_mfu: 49.95 | epoch: 1 pq: 15 rg: 52 | total time: 83.22m | eta: 110.1m
step 01072/02475 (43.31%) | loss: 3.063966 | lrm: 0.88 | dt: 4632.30ms | tok/sec: 226,361 | bf16_mfu: 49.90 | epoch: 1 pq: 15 rg: 54 | total time: 83.29m | eta: 110.0m
step 01073/02475 (43.35%) | loss: 3.063955 | lrm: 0.88 | dt: 4666.60ms | tok/sec: 224,698 | bf16_mfu: 49.53 | epoch: 1 pq: 15 rg: 56 | total time: 83.37m | eta: 110.0m
step 01074/02475 (43.39%) | loss: 3.065515 | lrm: 0.88 | dt: 4650.94ms | tok/sec: 225,454 | bf16_mfu: 49.70 | epoch: 1 pq: 15 rg: 58 | total time: 83.45m | eta: 109.9m
step 01075/02475 (43.43%) | loss: 3.069080 | lrm: 0.88 | dt: 4623.32ms | tok/sec: 226,801 | bf16_mfu: 49.99 | epoch: 1 pq: 15 rg: 59 | total time: 83.53m | eta: 109.8m
step 01076/02475 (43.47%) | loss: 3.056861 | lrm: 0.88 | dt: 4619.33ms | tok/sec: 226,997 | bf16_mfu: 50.04 | epoch: 1 pq: 15 rg: 61 | total time: 83.60m | eta: 109.7m
step 01077/02475 (43.52%) | loss: 3.053991 | lrm: 0.88 | dt: 4652.79ms | tok/sec: 225,364 | bf16_mfu: 49.68 | epoch: 1 pq: 15 rg: 63 | total time: 83.68m | eta: 109.6m
step 01078/02475 (43.56%) | loss: 3.036964 | lrm: 0.87 | dt: 4647.96ms | tok/sec: 225,599 | bf16_mfu: 49.73 | epoch: 1 pq: 15 rg: 65 | total time: 83.76m | eta: 109.6m
step 01079/02475 (43.60%) | loss: 3.044167 | lrm: 0.87 | dt: 4618.91ms | tok/sec: 227,017 | bf16_mfu: 50.04 | epoch: 1 pq: 15 rg: 67 | total time: 83.84m | eta: 109.5m
step 01080/02475 (43.64%) | loss: 3.048766 | lrm: 0.87 | dt: 4621.29ms | tok/sec: 226,900 | bf16_mfu: 50.01 | epoch: 1 pq: 15 rg: 69 | total time: 83.91m | eta: 109.4m
step 01081/02475 (43.68%) | loss: 3.053101 | lrm: 0.87 | dt: 4620.98ms | tok/sec: 226,916 | bf16_mfu: 50.02 | epoch: 1 pq: 15 rg: 71 | total time: 83.99m | eta: 109.3m
step 01082/02475 (43.72%) | loss: 3.060352 | lrm: 0.87 | dt: 4628.05ms | tok/sec: 226,569 | bf16_mfu: 49.94 | epoch: 1 pq: 15 rg: 73 | total time: 84.07m | eta: 109.2m
step 01083/02475 (43.76%) | loss: 3.056098 | lrm: 0.87 | dt: 4616.03ms | tok/sec: 227,159 | bf16_mfu: 50.07 | epoch: 1 pq: 15 rg: 75 | total time: 84.14m | eta: 109.2m
step 01084/02475 (43.80%) | loss: 3.062781 | lrm: 0.87 | dt: 4639.46ms | tok/sec: 226,012 | bf16_mfu: 49.82 | epoch: 1 pq: 15 rg: 77 | total time: 84.22m | eta: 109.1m
step 01085/02475 (43.84%) | loss: 3.060565 | lrm: 0.87 | dt: 4619.61ms | tok/sec: 226,983 | bf16_mfu: 50.03 | epoch: 1 pq: 15 rg: 79 | total time: 84.30m | eta: 109.0m
step 01086/02475 (43.88%) | loss: 3.082714 | lrm: 0.87 | dt: 4608.18ms | tok/sec: 227,546 | bf16_mfu: 50.16 | epoch: 1 pq: 15 rg: 81 | total time: 84.37m | eta: 108.9m
step 01087/02475 (43.92%) | loss: 3.057612 | lrm: 0.87 | dt: 4613.57ms | tok/sec: 227,280 | bf16_mfu: 50.10 | epoch: 1 pq: 16 rg: 1 | total time: 84.45m | eta: 108.8m
step 01088/02475 (43.96%) | loss: 3.065521 | lrm: 0.87 | dt: 4671.04ms | tok/sec: 224,484 | bf16_mfu: 49.48 | epoch: 1 pq: 16 rg: 3 | total time: 84.53m | eta: 108.8m
step 01089/02475 (44.00%) | loss: 3.071253 | lrm: 0.87 | dt: 4617.76ms | tok/sec: 227,074 | bf16_mfu: 50.05 | epoch: 1 pq: 16 rg: 5 | total time: 84.61m | eta: 108.7m
step 01090/02475 (44.04%) | loss: 3.046453 | lrm: 0.87 | dt: 4723.49ms | tok/sec: 221,991 | bf16_mfu: 48.93 | epoch: 1 pq: 16 rg: 7 | total time: 84.69m | eta: 108.6m
step 01091/02475 (44.08%) | loss: 3.051344 | lrm: 0.87 | dt: 4603.99ms | tok/sec: 227,753 | bf16_mfu: 50.20 | epoch: 1 pq: 16 rg: 8 | total time: 84.76m | eta: 108.5m
step 01092/02475 (44.12%) | loss: 3.057771 | lrm: 0.87 | dt: 4624.79ms | tok/sec: 226,729 | bf16_mfu: 49.98 | epoch: 1 pq: 16 rg: 10 | total time: 84.84m | eta: 108.4m
step 01093/02475 (44.16%) | loss: 3.058647 | lrm: 0.87 | dt: 4630.92ms | tok/sec: 226,429 | bf16_mfu: 49.91 | epoch: 1 pq: 16 rg: 12 | total time: 84.92m | eta: 108.4m
step 01094/02475 (44.20%) | loss: 3.070471 | lrm: 0.87 | dt: 4609.59ms | tok/sec: 227,476 | bf16_mfu: 50.14 | epoch: 1 pq: 16 rg: 14 | total time: 84.99m | eta: 108.3m
step 01095/02475 (44.24%) | loss: 3.058813 | lrm: 0.86 | dt: 4624.00ms | tok/sec: 226,768 | bf16_mfu: 49.99 | epoch: 1 pq: 16 rg: 16 | total time: 85.07m | eta: 108.2m
step 01096/02475 (44.28%) | loss: 3.057976 | lrm: 0.86 | dt: 4630.74ms | tok/sec: 226,438 | bf16_mfu: 49.91 | epoch: 1 pq: 16 rg: 18 | total time: 85.15m | eta: 108.1m
step 01097/02475 (44.32%) | loss: 3.049508 | lrm: 0.86 | dt: 4752.91ms | tok/sec: 220,617 | bf16_mfu: 48.63 | epoch: 1 pq: 16 rg: 20 | total time: 85.23m | eta: 108.0m
step 01098/02475 (44.36%) | loss: 3.050984 | lrm: 0.86 | dt: 4625.81ms | tok/sec: 226,679 | bf16_mfu: 49.97 | epoch: 1 pq: 16 rg: 22 | total time: 85.30m | eta: 108.0m
step 01099/02475 (44.40%) | loss: 3.046199 | lrm: 0.86 | dt: 4640.51ms | tok/sec: 225,961 | bf16_mfu: 49.81 | epoch: 1 pq: 16 rg: 24 | total time: 85.38m | eta: 107.9m
step 01100/02475 (44.44%) | loss: 3.039777 | lrm: 0.86 | dt: 4625.87ms | tok/sec: 226,676 | bf16_mfu: 49.96 | epoch: 1 pq: 16 rg: 26 | total time: 85.46m | eta: 107.8m
step 01101/02475 (44.48%) | loss: 3.045463 | lrm: 0.86 | dt: 4607.81ms | tok/sec: 227,564 | bf16_mfu: 50.16 | epoch: 1 pq: 16 rg: 28 | total time: 85.53m | eta: 107.7m
step 01102/02475 (44.53%) | loss: 3.036446 | lrm: 0.86 | dt: 4627.81ms | tok/sec: 226,581 | bf16_mfu: 49.94 | epoch: 1 pq: 16 rg: 30 | total time: 85.61m | eta: 107.6m
step 01103/02475 (44.57%) | loss: 3.027181 | lrm: 0.86 | dt: 4599.92ms | tok/sec: 227,955 | bf16_mfu: 50.25 | epoch: 1 pq: 16 rg: 32 | total time: 85.69m | eta: 107.6m
step 01104/02475 (44.61%) | loss: 3.014509 | lrm: 0.86 | dt: 4597.04ms | tok/sec: 228,098 | bf16_mfu: 50.28 | epoch: 1 pq: 16 rg: 34 | total time: 85.77m | eta: 107.5m
step 01105/02475 (44.65%) | loss: 3.009045 | lrm: 0.86 | dt: 4630.31ms | tok/sec: 226,459 | bf16_mfu: 49.92 | epoch: 1 pq: 16 rg: 35 | total time: 85.84m | eta: 107.4m
step 01106/02475 (44.69%) | loss: 3.009886 | lrm: 0.86 | dt: 4704.11ms | tok/sec: 222,906 | bf16_mfu: 49.13 | epoch: 1 pq: 16 rg: 37 | total time: 85.92m | eta: 107.3m
step 01107/02475 (44.73%) | loss: 3.001470 | lrm: 0.86 | dt: 4608.31ms | tok/sec: 227,540 | bf16_mfu: 50.16 | epoch: 1 pq: 16 rg: 39 | total time: 86.00m | eta: 107.2m
step 01108/02475 (44.77%) | loss: 3.009913 | lrm: 0.86 | dt: 4608.42ms | tok/sec: 227,534 | bf16_mfu: 50.15 | epoch: 1 pq: 16 rg: 41 | total time: 86.07m | eta: 107.2m
step 01109/02475 (44.81%) | loss: 3.002736 | lrm: 0.86 | dt: 4606.40ms | tok/sec: 227,634 | bf16_mfu: 50.18 | epoch: 1 pq: 16 rg: 43 | total time: 86.15m | eta: 107.1m
step 01110/02475 (44.85%) | loss: 2.994947 | lrm: 0.86 | dt: 4616.43ms | tok/sec: 227,140 | bf16_mfu: 50.07 | epoch: 1 pq: 16 rg: 45 | total time: 86.23m | eta: 107.0m
step 01111/02475 (44.89%) | loss: 2.998196 | lrm: 0.86 | dt: 4614.47ms | tok/sec: 227,236 | bf16_mfu: 50.09 | epoch: 1 pq: 16 rg: 47 | total time: 86.31m | eta: 106.9m
step 01112/02475 (44.93%) | loss: 3.005517 | lrm: 0.85 | dt: 4634.09ms | tok/sec: 226,274 | bf16_mfu: 49.88 | epoch: 1 pq: 16 rg: 49 | total time: 86.38m | eta: 106.8m
step 01113/02475 (44.97%) | loss: 2.997931 | lrm: 0.85 | dt: 4686.30ms | tok/sec: 223,753 | bf16_mfu: 49.32 | epoch: 1 pq: 16 rg: 51 | total time: 86.46m | eta: 106.8m
step 01114/02475 (45.01%) | loss: 2.994931 | lrm: 0.85 | dt: 4626.79ms | tok/sec: 226,631 | bf16_mfu: 49.96 | epoch: 1 pq: 16 rg: 53 | total time: 86.54m | eta: 106.7m
step 01115/02475 (45.05%) | loss: 2.992953 | lrm: 0.85 | dt: 4616.17ms | tok/sec: 227,153 | bf16_mfu: 50.07 | epoch: 1 pq: 16 rg: 55 | total time: 86.61m | eta: 106.6m
step 01116/02475 (45.09%) | loss: 2.995765 | lrm: 0.85 | dt: 4613.92ms | tok/sec: 227,263 | bf16_mfu: 50.09 | epoch: 1 pq: 16 rg: 57 | total time: 86.69m | eta: 106.5m
step 01117/02475 (45.13%) | loss: 2.984388 | lrm: 0.85 | dt: 4625.33ms | tok/sec: 226,703 | bf16_mfu: 49.97 | epoch: 1 pq: 16 rg: 59 | total time: 86.77m | eta: 106.4m
step 01118/02475 (45.17%) | loss: 2.988686 | lrm: 0.85 | dt: 4632.83ms | tok/sec: 226,335 | bf16_mfu: 49.89 | epoch: 1 pq: 16 rg: 61 | total time: 86.85m | eta: 106.4m
step 01119/02475 (45.21%) | loss: 2.998517 | lrm: 0.85 | dt: 4645.02ms | tok/sec: 225,741 | bf16_mfu: 49.76 | epoch: 1 pq: 16 rg: 63 | total time: 86.92m | eta: 106.3m
step 01120/02475 (45.25%) | loss: 3.012544 | lrm: 0.85 | dt: 4629.36ms | tok/sec: 226,505 | bf16_mfu: 49.93 | epoch: 1 pq: 16 rg: 64 | total time: 87.00m | eta: 106.2m
step 01121/02475 (45.29%) | loss: 3.013596 | lrm: 0.85 | dt: 4614.48ms | tok/sec: 227,236 | bf16_mfu: 50.09 | epoch: 1 pq: 16 rg: 66 | total time: 87.08m | eta: 106.1m
step 01122/02475 (45.33%) | loss: 3.018655 | lrm: 0.85 | dt: 4614.99ms | tok/sec: 227,210 | bf16_mfu: 50.08 | epoch: 1 pq: 16 rg: 68 | total time: 87.15m | eta: 106.0m
step 01123/02475 (45.37%) | loss: 3.035935 | lrm: 0.85 | dt: 4653.50ms | tok/sec: 225,330 | bf16_mfu: 49.67 | epoch: 1 pq: 16 rg: 70 | total time: 87.23m | eta: 106.0m
step 01124/02475 (45.41%) | loss: 3.035575 | lrm: 0.85 | dt: 4631.97ms | tok/sec: 226,377 | bf16_mfu: 49.90 | epoch: 1 pq: 16 rg: 72 | total time: 87.31m | eta: 105.9m
step 01125/02475 (45.45%) | loss: 3.035620 | lrm: 0.85 | dt: 4621.66ms | tok/sec: 226,882 | bf16_mfu: 50.01 | epoch: 1 pq: 16 rg: 74 | total time: 87.39m | eta: 105.8m
step 01126/02475 (45.49%) | loss: 3.028728 | lrm: 0.85 | dt: 4634.48ms | tok/sec: 226,255 | bf16_mfu: 49.87 | epoch: 1 pq: 16 rg: 76 | total time: 87.46m | eta: 105.7m
step 01127/02475 (45.54%) | loss: 3.042544 | lrm: 0.85 | dt: 4632.57ms | tok/sec: 226,348 | bf16_mfu: 49.89 | epoch: 1 pq: 16 rg: 78 | total time: 87.54m | eta: 105.6m
step 01128/02475 (45.58%) | loss: 3.051714 | lrm: 0.85 | dt: 4620.39ms | tok/sec: 226,945 | bf16_mfu: 50.02 | epoch: 1 pq: 16 rg: 80 | total time: 87.62m | eta: 105.6m
step 01129/02475 (45.62%) | loss: 2.944058 | lrm: 0.84 | dt: 4674.28ms | tok/sec: 224,329 | bf16_mfu: 49.45 | epoch: 1 pq: 17 rg: 0 | total time: 87.70m | eta: 105.5m
step 01130/02475 (45.66%) | loss: 2.839594 | lrm: 0.84 | dt: 4719.51ms | tok/sec: 222,178 | bf16_mfu: 48.97 | epoch: 1 pq: 17 rg: 1 | total time: 87.77m | eta: 105.4m
step 01131/02475 (45.70%) | loss: 2.739002 | lrm: 0.84 | dt: 4735.39ms | tok/sec: 221,433 | bf16_mfu: 48.81 | epoch: 1 pq: 17 rg: 2 | total time: 87.85m | eta: 105.3m
step 01132/02475 (45.74%) | loss: 2.652194 | lrm: 0.84 | dt: 4689.14ms | tok/sec: 223,617 | bf16_mfu: 49.29 | epoch: 1 pq: 17 rg: 3 | total time: 87.93m | eta: 105.3m
step 01133/02475 (45.78%) | loss: 2.578459 | lrm: 0.84 | dt: 4674.75ms | tok/sec: 224,306 | bf16_mfu: 49.44 | epoch: 1 pq: 17 rg: 4 | total time: 88.01m | eta: 105.2m
step 01134/02475 (45.82%) | loss: 2.507086 | lrm: 0.84 | dt: 4676.92ms | tok/sec: 224,202 | bf16_mfu: 49.42 | epoch: 1 pq: 17 rg: 5 | total time: 88.09m | eta: 105.1m
step 01135/02475 (45.86%) | loss: 2.431465 | lrm: 0.84 | dt: 4718.42ms | tok/sec: 222,230 | bf16_mfu: 48.98 | epoch: 1 pq: 17 rg: 6 | total time: 88.17m | eta: 105.0m
step 01136/02475 (45.90%) | loss: 2.388026 | lrm: 0.84 | dt: 5020.99ms | tok/sec: 208,838 | bf16_mfu: 46.03 | epoch: 1 pq: 17 rg: 7 | total time: 88.25m | eta: 104.9m
step 01137/02475 (45.94%) | loss: 2.333809 | lrm: 0.84 | dt: 4705.03ms | tok/sec: 222,862 | bf16_mfu: 49.12 | epoch: 1 pq: 17 rg: 8 | total time: 88.33m | eta: 104.9m
step 01138/02475 (45.98%) | loss: 2.242073 | lrm: 0.84 | dt: 4728.35ms | tok/sec: 221,763 | bf16_mfu: 48.88 | epoch: 1 pq: 17 rg: 10 | total time: 88.41m | eta: 104.8m
step 01139/02475 (46.02%) | loss: 2.185753 | lrm: 0.84 | dt: 4666.86ms | tok/sec: 224,685 | bf16_mfu: 49.53 | epoch: 1 pq: 17 rg: 11 | total time: 88.48m | eta: 104.7m
step 01140/02475 (46.06%) | loss: 2.153438 | lrm: 0.84 | dt: 4649.70ms | tok/sec: 225,514 | bf16_mfu: 49.71 | epoch: 1 pq: 17 rg: 12 | total time: 88.56m | eta: 104.6m
step 01141/02475 (46.10%) | loss: 2.119056 | lrm: 0.84 | dt: 4787.12ms | tok/sec: 219,041 | bf16_mfu: 48.28 | epoch: 1 pq: 17 rg: 13 | total time: 88.64m | eta: 104.6m
step 01142/02475 (46.14%) | loss: 2.021928 | lrm: 0.84 | dt: 4643.65ms | tok/sec: 225,808 | bf16_mfu: 49.77 | epoch: 1 pq: 17 rg: 14 | total time: 88.72m | eta: 104.5m
step 01143/02475 (46.18%) | loss: 1.980393 | lrm: 0.84 | dt: 4683.99ms | tok/sec: 223,863 | bf16_mfu: 49.34 | epoch: 1 pq: 17 rg: 15 | total time: 88.80m | eta: 104.4m
step 01144/02475 (46.22%) | loss: 1.966401 | lrm: 0.84 | dt: 4677.18ms | tok/sec: 224,189 | bf16_mfu: 49.42 | epoch: 1 pq: 17 rg: 16 | total time: 88.87m | eta: 104.3m
step 01145/02475 (46.26%) | loss: 1.947910 | lrm: 0.84 | dt: 4941.50ms | tok/sec: 212,198 | bf16_mfu: 46.77 | epoch: 1 pq: 17 rg: 17 | total time: 88.96m | eta: 104.2m
step 01146/02475 (46.30%) | loss: 1.935204 | lrm: 0.83 | dt: 4777.14ms | tok/sec: 219,498 | bf16_mfu: 48.38 | epoch: 1 pq: 17 rg: 18 | total time: 89.04m | eta: 104.2m
step 01147/02475 (46.34%) | loss: 1.917044 | lrm: 0.83 | dt: 4716.69ms | tok/sec: 222,311 | bf16_mfu: 49.00 | epoch: 1 pq: 17 rg: 19 | total time: 89.12m | eta: 104.1m
step 01148/02475 (46.38%) | loss: 1.897116 | lrm: 0.83 | dt: 4645.96ms | tok/sec: 225,696 | bf16_mfu: 49.75 | epoch: 1 pq: 17 rg: 20 | total time: 89.19m | eta: 104.0m
step 01149/02475 (46.42%) | loss: 1.880576 | lrm: 0.83 | dt: 4728.35ms | tok/sec: 221,763 | bf16_mfu: 48.88 | epoch: 1 pq: 17 rg: 21 | total time: 89.27m | eta: 103.9m
step 01150/02475 (46.46%) | loss: 1.878128 | lrm: 0.83 | dt: 4657.67ms | tok/sec: 225,128 | bf16_mfu: 49.62 | epoch: 1 pq: 17 rg: 23 | total time: 89.35m | eta: 103.8m
step 01151/02475 (46.51%) | loss: 1.854256 | lrm: 0.83 | dt: 4667.70ms | tok/sec: 224,645 | bf16_mfu: 49.52 | epoch: 1 pq: 17 rg: 24 | total time: 89.43m | eta: 103.8m
step 01152/02475 (46.55%) | loss: 1.867839 | lrm: 0.83 | dt: 4655.22ms | tok/sec: 225,247 | bf16_mfu: 49.65 | epoch: 1 pq: 17 rg: 25 | total time: 89.50m | eta: 103.7m
step 01153/02475 (46.59%) | loss: 1.845980 | lrm: 0.83 | dt: 4661.96ms | tok/sec: 224,921 | bf16_mfu: 49.58 | epoch: 1 pq: 17 rg: 26 | total time: 89.58m | eta: 103.6m
step 01154/02475 (46.63%) | loss: 1.834256 | lrm: 0.83 | dt: 4658.06ms | tok/sec: 225,110 | bf16_mfu: 49.62 | epoch: 1 pq: 17 rg: 27 | total time: 89.66m | eta: 103.5m
step 01155/02475 (46.67%) | loss: 1.828276 | lrm: 0.83 | dt: 4637.26ms | tok/sec: 226,119 | bf16_mfu: 49.84 | epoch: 1 pq: 17 rg: 28 | total time: 89.74m | eta: 103.5m
step 01156/02475 (46.71%) | loss: 1.835463 | lrm: 0.83 | dt: 4685.96ms | tok/sec: 223,769 | bf16_mfu: 49.32 | epoch: 1 pq: 17 rg: 29 | total time: 89.82m | eta: 103.4m
step 01157/02475 (46.75%) | loss: 1.866725 | lrm: 0.83 | dt: 4769.91ms | tok/sec: 219,831 | bf16_mfu: 48.46 | epoch: 1 pq: 17 rg: 30 | total time: 89.89m | eta: 103.3m
step 01158/02475 (46.79%) | loss: 1.856964 | lrm: 0.83 | dt: 4728.15ms | tok/sec: 221,772 | bf16_mfu: 48.88 | epoch: 1 pq: 17 rg: 31 | total time: 89.97m | eta: 103.2m
step 01159/02475 (46.83%) | loss: 1.848472 | lrm: 0.83 | dt: 4696.40ms | tok/sec: 223,272 | bf16_mfu: 49.21 | epoch: 1 pq: 17 rg: 32 | total time: 90.05m | eta: 103.1m
step 01160/02475 (46.87%) | loss: 1.862638 | lrm: 0.83 | dt: 4772.10ms | tok/sec: 219,730 | bf16_mfu: 48.43 | epoch: 1 pq: 17 rg: 34 | total time: 90.13m | eta: 103.1m
step 01161/02475 (46.91%) | loss: 1.820686 | lrm: 0.83 | dt: 4661.23ms | tok/sec: 224,957 | bf16_mfu: 49.59 | epoch: 1 pq: 17 rg: 35 | total time: 90.21m | eta: 103.0m
step 01162/02475 (46.95%) | loss: 1.828788 | lrm: 0.83 | dt: 4646.36ms | tok/sec: 225,676 | bf16_mfu: 49.74 | epoch: 1 pq: 17 rg: 36 | total time: 90.29m | eta: 102.9m
step 01163/02475 (46.99%) | loss: 1.839768 | lrm: 0.82 | dt: 4684.39ms | tok/sec: 223,844 | bf16_mfu: 49.34 | epoch: 1 pq: 17 rg: 37 | total time: 90.36m | eta: 102.8m
step 01164/02475 (47.03%) | loss: 1.850137 | lrm: 0.82 | dt: 4650.75ms | tok/sec: 225,463 | bf16_mfu: 49.70 | epoch: 1 pq: 17 rg: 38 | total time: 90.44m | eta: 102.7m
step 01165/02475 (47.07%) | loss: 1.831996 | lrm: 0.82 | dt: 4808.86ms | tok/sec: 218,051 | bf16_mfu: 48.06 | epoch: 1 pq: 17 rg: 39 | total time: 90.52m | eta: 102.7m
step 01166/02475 (47.11%) | loss: 1.849756 | lrm: 0.82 | dt: 4690.94ms | tok/sec: 223,531 | bf16_mfu: 49.27 | epoch: 1 pq: 17 rg: 40 | total time: 90.60m | eta: 102.6m
step 01167/02475 (47.15%) | loss: 1.858194 | lrm: 0.82 | dt: 4705.50ms | tok/sec: 222,840 | bf16_mfu: 49.12 | epoch: 1 pq: 17 rg: 41 | total time: 90.68m | eta: 102.5m
step 01168/02475 (47.19%) | loss: 1.859593 | lrm: 0.82 | dt: 4672.90ms | tok/sec: 224,395 | bf16_mfu: 49.46 | epoch: 1 pq: 17 rg: 42 | total time: 90.76m | eta: 102.4m
step 01169/02475 (47.23%) | loss: 1.866276 | lrm: 0.82 | dt: 4651.38ms | tok/sec: 225,433 | bf16_mfu: 49.69 | epoch: 1 pq: 17 rg: 43 | total time: 90.83m | eta: 102.4m
step 01170/02475 (47.27%) | loss: 1.836160 | lrm: 0.82 | dt: 4664.16ms | tok/sec: 224,815 | bf16_mfu: 49.55 | epoch: 1 pq: 17 rg: 44 | total time: 90.91m | eta: 102.3m
step 01171/02475 (47.31%) | loss: 1.848085 | lrm: 0.82 | dt: 4721.83ms | tok/sec: 222,069 | bf16_mfu: 48.95 | epoch: 1 pq: 17 rg: 45 | total time: 90.99m | eta: 102.2m
step 01172/02475 (47.35%) | loss: 1.817685 | lrm: 0.82 | dt: 4706.07ms | tok/sec: 222,813 | bf16_mfu: 49.11 | epoch: 1 pq: 17 rg: 47 | total time: 91.07m | eta: 102.1m
step 01173/02475 (47.39%) | loss: 1.797529 | lrm: 0.82 | dt: 4630.30ms | tok/sec: 226,459 | bf16_mfu: 49.92 | epoch: 1 pq: 17 rg: 48 | total time: 91.15m | eta: 102.0m
step 01174/02475 (47.43%) | loss: 1.838216 | lrm: 0.82 | dt: 4631.22ms | tok/sec: 226,414 | bf16_mfu: 49.91 | epoch: 1 pq: 17 rg: 49 | total time: 91.22m | eta: 102.0m
step 01175/02475 (47.47%) | loss: 1.812587 | lrm: 0.82 | dt: 4660.19ms | tok/sec: 225,006 | bf16_mfu: 49.60 | epoch: 1 pq: 17 rg: 50 | total time: 91.30m | eta: 101.9m
step 01176/02475 (47.52%) | loss: 1.805181 | lrm: 0.82 | dt: 4691.66ms | tok/sec: 223,497 | bf16_mfu: 49.26 | epoch: 1 pq: 17 rg: 51 | total time: 91.38m | eta: 101.8m
step 01177/02475 (47.56%) | loss: 1.796498 | lrm: 0.82 | dt: 4657.40ms | tok/sec: 225,141 | bf16_mfu: 49.63 | epoch: 1 pq: 17 rg: 52 | total time: 91.46m | eta: 101.7m
step 01178/02475 (47.60%) | loss: 1.767162 | lrm: 0.82 | dt: 4656.99ms | tok/sec: 225,161 | bf16_mfu: 49.63 | epoch: 1 pq: 17 rg: 53 | total time: 91.53m | eta: 101.6m
step 01179/02475 (47.64%) | loss: 1.756741 | lrm: 0.82 | dt: 4648.67ms | tok/sec: 225,564 | bf16_mfu: 49.72 | epoch: 1 pq: 17 rg: 54 | total time: 91.61m | eta: 101.6m
step 01180/02475 (47.68%) | loss: 1.758631 | lrm: 0.81 | dt: 4688.64ms | tok/sec: 223,642 | bf16_mfu: 49.30 | epoch: 1 pq: 17 rg: 55 | total time: 91.69m | eta: 101.5m
step 01181/02475 (47.72%) | loss: 1.759205 | lrm: 0.81 | dt: 4669.05ms | tok/sec: 224,580 | bf16_mfu: 49.50 | epoch: 1 pq: 17 rg: 56 | total time: 91.77m | eta: 101.4m
step 01182/02475 (47.76%) | loss: 1.768567 | lrm: 0.81 | dt: 4743.38ms | tok/sec: 221,060 | bf16_mfu: 48.73 | epoch: 1 pq: 17 rg: 58 | total time: 91.85m | eta: 101.3m
step 01183/02475 (47.80%) | loss: 1.738393 | lrm: 0.81 | dt: 4649.53ms | tok/sec: 225,522 | bf16_mfu: 49.71 | epoch: 1 pq: 17 rg: 59 | total time: 91.92m | eta: 101.3m
step 01184/02475 (47.84%) | loss: 1.723843 | lrm: 0.81 | dt: 4677.70ms | tok/sec: 224,165 | bf16_mfu: 49.41 | epoch: 1 pq: 17 rg: 60 | total time: 92.00m | eta: 101.2m
step 01185/02475 (47.88%) | loss: 1.732350 | lrm: 0.81 | dt: 8282.74ms | tok/sec: 126,597 | bf16_mfu: 27.91 | epoch: 1 pq: 17 rg: 61 | total time: 92.14m | eta: 101.2m
step 01186/02475 (47.92%) | loss: 1.755988 | lrm: 0.81 | dt: 4653.35ms | tok/sec: 225,337 | bf16_mfu: 49.67 | epoch: 1 pq: 17 rg: 62 | total time: 92.22m | eta: 101.1m
step 01187/02475 (47.96%) | loss: 1.754433 | lrm: 0.81 | dt: 4634.65ms | tok/sec: 226,247 | bf16_mfu: 49.87 | epoch: 1 pq: 17 rg: 63 | total time: 92.30m | eta: 101.0m
step 01188/02475 (48.00%) | loss: 1.760294 | lrm: 0.81 | dt: 4706.65ms | tok/sec: 222,785 | bf16_mfu: 49.11 | epoch: 1 pq: 17 rg: 64 | total time: 92.37m | eta: 100.9m
step 01189/02475 (48.04%) | loss: 1.745089 | lrm: 0.81 | dt: 4680.86ms | tok/sec: 224,013 | bf16_mfu: 49.38 | epoch: 1 pq: 17 rg: 65 | total time: 92.45m | eta: 100.8m
step 01190/02475 (48.08%) | loss: 1.724243 | lrm: 0.81 | dt: 4842.98ms | tok/sec: 216,514 | bf16_mfu: 47.73 | epoch: 1 pq: 17 rg: 66 | total time: 92.53m | eta: 100.8m
step 01191/02475 (48.12%) | loss: 1.705672 | lrm: 0.81 | dt: 4793.81ms | tok/sec: 218,735 | bf16_mfu: 48.21 | epoch: 1 pq: 17 rg: 67 | total time: 92.61m | eta: 100.7m
step 01192/02475 (48.16%) | loss: 1.717923 | lrm: 0.81 | dt: 4694.55ms | tok/sec: 223,360 | bf16_mfu: 49.23 | epoch: 1 pq: 17 rg: 68 | total time: 92.69m | eta: 100.6m
step 01193/02475 (48.20%) | loss: 1.710716 | lrm: 0.81 | dt: 4712.77ms | tok/sec: 222,496 | bf16_mfu: 49.04 | epoch: 1 pq: 17 rg: 70 | total time: 92.77m | eta: 100.5m
step 01194/02475 (48.24%) | loss: 1.679656 | lrm: 0.81 | dt: 4689.37ms | tok/sec: 223,607 | bf16_mfu: 49.29 | epoch: 1 pq: 17 rg: 71 | total time: 92.85m | eta: 100.5m
step 01195/02475 (48.28%) | loss: 1.679619 | lrm: 0.81 | dt: 4889.12ms | tok/sec: 214,471 | bf16_mfu: 47.27 | epoch: 1 pq: 17 rg: 72 | total time: 92.93m | eta: 100.4m
step 01196/02475 (48.32%) | loss: 1.671850 | lrm: 0.81 | dt: 4680.12ms | tok/sec: 224,048 | bf16_mfu: 49.39 | epoch: 1 pq: 17 rg: 73 | total time: 93.01m | eta: 100.3m
step 01197/02475 (48.36%) | loss: 1.664509 | lrm: 0.80 | dt: 4684.31ms | tok/sec: 223,848 | bf16_mfu: 49.34 | epoch: 1 pq: 17 rg: 74 | total time: 93.09m | eta: 100.2m
step 01198/02475 (48.40%) | loss: 1.632770 | lrm: 0.80 | dt: 4716.74ms | tok/sec: 222,309 | bf16_mfu: 49.00 | epoch: 1 pq: 17 rg: 75 | total time: 93.16m | eta: 100.1m
step 01199/02475 (48.44%) | loss: 1.624825 | lrm: 0.80 | dt: 4670.55ms | tok/sec: 224,507 | bf16_mfu: 49.49 | epoch: 1 pq: 17 rg: 76 | total time: 93.24m | eta: 100.1m
step 01200/02475 (48.48%) | loss: 1.623480 | lrm: 0.80 | dt: 4686.71ms | tok/sec: 223,733 | bf16_mfu: 49.32 | epoch: 1 pq: 17 rg: 77 | total time: 93.32m | eta: 100.0m
step 01201/02475 (48.53%) | loss: 1.618098 | lrm: 0.80 | dt: 4707.10ms | tok/sec: 222,764 | bf16_mfu: 49.10 | epoch: 1 pq: 17 rg: 78 | total time: 93.40m | eta: 99.9m
step 01202/02475 (48.57%) | loss: 1.616539 | lrm: 0.80 | dt: 4753.26ms | tok/sec: 220,601 | bf16_mfu: 48.63 | epoch: 1 pq: 17 rg: 79 | total time: 93.48m | eta: 99.8m
step 01203/02475 (48.61%) | loss: 1.619240 | lrm: 0.80 | dt: 4708.72ms | tok/sec: 222,688 | bf16_mfu: 49.09 | epoch: 1 pq: 17 rg: 81 | total time: 93.56m | eta: 99.8m
step 01204/02475 (48.65%) | loss: 1.597135 | lrm: 0.80 | dt: 4662.45ms | tok/sec: 224,898 | bf16_mfu: 49.57 | epoch: 1 pq: 17 rg: 82 | total time: 93.63m | eta: 99.7m
step 01205/02475 (48.69%) | loss: 1.612143 | lrm: 0.80 | dt: 4689.81ms | tok/sec: 223,585 | bf16_mfu: 49.28 | epoch: 1 pq: 17 rg: 83 | total time: 93.71m | eta: 99.6m
step 01206/02475 (48.73%) | loss: 1.606922 | lrm: 0.80 | dt: 4671.17ms | tok/sec: 224,478 | bf16_mfu: 49.48 | epoch: 1 pq: 17 rg: 84 | total time: 93.79m | eta: 99.5m
step 01207/02475 (48.77%) | loss: 1.606045 | lrm: 0.80 | dt: 4700.79ms | tok/sec: 223,063 | bf16_mfu: 49.17 | epoch: 1 pq: 17 rg: 85 | total time: 93.87m | eta: 99.4m
step 01208/02475 (48.81%) | loss: 1.617277 | lrm: 0.80 | dt: 4728.46ms | tok/sec: 221,758 | bf16_mfu: 48.88 | epoch: 1 pq: 17 rg: 86 | total time: 93.95m | eta: 99.4m
step 01209/02475 (48.85%) | loss: 1.647894 | lrm: 0.80 | dt: 4708.09ms | tok/sec: 222,717 | bf16_mfu: 49.09 | epoch: 1 pq: 17 rg: 87 | total time: 94.03m | eta: 99.3m
step 01210/02475 (48.89%) | loss: 1.639521 | lrm: 0.80 | dt: 4682.57ms | tok/sec: 223,931 | bf16_mfu: 49.36 | epoch: 1 pq: 17 rg: 88 | total time: 94.10m | eta: 99.2m
step 01211/02475 (48.93%) | loss: 1.664816 | lrm: 0.80 | dt: 4676.85ms | tok/sec: 224,205 | bf16_mfu: 49.42 | epoch: 1 pq: 17 rg: 89 | total time: 94.18m | eta: 99.1m
step 01212/02475 (48.97%) | loss: 1.683629 | lrm: 0.80 | dt: 4672.32ms | tok/sec: 224,423 | bf16_mfu: 49.47 | epoch: 1 pq: 17 rg: 90 | total time: 94.26m | eta: 99.0m
step 01213/02475 (49.01%) | loss: 1.683278 | lrm: 0.80 | dt: 4751.95ms | tok/sec: 220,662 | bf16_mfu: 48.64 | epoch: 1 pq: 17 rg: 91 | total time: 94.34m | eta: 99.0m
step 01214/02475 (49.05%) | loss: 1.685577 | lrm: 0.79 | dt: 4735.98ms | tok/sec: 221,406 | bf16_mfu: 48.80 | epoch: 1 pq: 17 rg: 93 | total time: 94.42m | eta: 98.9m
step 01215/02475 (49.09%) | loss: 1.659048 | lrm: 0.79 | dt: 4663.12ms | tok/sec: 224,865 | bf16_mfu: 49.57 | epoch: 1 pq: 17 rg: 94 | total time: 94.49m | eta: 98.8m
step 01216/02475 (49.13%) | loss: 1.656641 | lrm: 0.79 | dt: 4678.37ms | tok/sec: 224,132 | bf16_mfu: 49.40 | epoch: 1 pq: 17 rg: 95 | total time: 94.57m | eta: 98.7m
step 01217/02475 (49.17%) | loss: 1.645666 | lrm: 0.79 | dt: 4717.23ms | tok/sec: 222,286 | bf16_mfu: 49.00 | epoch: 1 pq: 17 rg: 96 | total time: 94.65m | eta: 98.7m
step 01218/02475 (49.21%) | loss: 1.651260 | lrm: 0.79 | dt: 4692.06ms | tok/sec: 223,478 | bf16_mfu: 49.26 | epoch: 1 pq: 17 rg: 97 | total time: 94.73m | eta: 98.6m
step 01219/02475 (49.25%) | loss: 1.646649 | lrm: 0.79 | dt: 4728.91ms | tok/sec: 221,737 | bf16_mfu: 48.88 | epoch: 1 pq: 17 rg: 98 | total time: 94.81m | eta: 98.5m
step 01220/02475 (49.29%) | loss: 1.618808 | lrm: 0.79 | dt: 4697.25ms | tok/sec: 223,231 | bf16_mfu: 49.21 | epoch: 1 pq: 17 rg: 99 | total time: 94.89m | eta: 98.4m
step 01221/02475 (49.33%) | loss: 1.617814 | lrm: 0.79 | dt: 4707.12ms | tok/sec: 222,763 | bf16_mfu: 49.10 | epoch: 1 pq: 17 rg: 100 | total time: 94.97m | eta: 98.3m
step 01222/02475 (49.37%) | loss: 1.627386 | lrm: 0.79 | dt: 4673.76ms | tok/sec: 224,353 | bf16_mfu: 49.45 | epoch: 1 pq: 17 rg: 101 | total time: 95.04m | eta: 98.3m
step 01223/02475 (49.41%) | loss: 1.618235 | lrm: 0.79 | dt: 4688.78ms | tok/sec: 223,635 | bf16_mfu: 49.29 | epoch: 1 pq: 18 rg: 0 | total time: 95.12m | eta: 98.2m
step 01224/02475 (49.45%) | loss: 1.613668 | lrm: 0.79 | dt: 4687.79ms | tok/sec: 223,682 | bf16_mfu: 49.30 | epoch: 1 pq: 18 rg: 1 | total time: 95.20m | eta: 98.1m
step 01225/02475 (49.49%) | loss: 1.595003 | lrm: 0.79 | dt: 4710.13ms | tok/sec: 222,621 | bf16_mfu: 49.07 | epoch: 1 pq: 18 rg: 2 | total time: 95.28m | eta: 98.0m
step 01226/02475 (49.54%) | loss: 1.592369 | lrm: 0.79 | dt: 4676.20ms | tok/sec: 224,236 | bf16_mfu: 49.43 | epoch: 1 pq: 18 rg: 3 | total time: 95.36m | eta: 97.9m
step 01227/02475 (49.58%) | loss: 1.577499 | lrm: 0.79 | dt: 4870.37ms | tok/sec: 215,296 | bf16_mfu: 47.46 | epoch: 1 pq: 18 rg: 5 | total time: 95.44m | eta: 97.9m
step 01228/02475 (49.62%) | loss: 1.602946 | lrm: 0.79 | dt: 4720.69ms | tok/sec: 222,123 | bf16_mfu: 48.96 | epoch: 1 pq: 18 rg: 6 | total time: 95.52m | eta: 97.8m
step 01229/02475 (49.66%) | loss: 1.619223 | lrm: 0.79 | dt: 4700.04ms | tok/sec: 223,099 | bf16_mfu: 49.18 | epoch: 1 pq: 18 rg: 7 | total time: 95.59m | eta: 97.7m
step 01230/02475 (49.70%) | loss: 1.612496 | lrm: 0.79 | dt: 4697.11ms | tok/sec: 223,238 | bf16_mfu: 49.21 | epoch: 1 pq: 18 rg: 8 | total time: 95.67m | eta: 97.6m
step 01231/02475 (49.74%) | loss: 1.641099 | lrm: 0.78 | dt: 4732.36ms | tok/sec: 221,575 | bf16_mfu: 48.84 | epoch: 1 pq: 18 rg: 9 | total time: 95.75m | eta: 97.6m
step 01232/02475 (49.78%) | loss: 1.639121 | lrm: 0.78 | dt: 4673.93ms | tok/sec: 224,345 | bf16_mfu: 49.45 | epoch: 1 pq: 18 rg: 10 | total time: 95.83m | eta: 97.5m
step 01233/02475 (49.82%) | loss: 1.641048 | lrm: 0.78 | dt: 4683.36ms | tok/sec: 223,893 | bf16_mfu: 49.35 | epoch: 1 pq: 18 rg: 11 | total time: 95.91m | eta: 97.4m
step 01234/02475 (49.86%) | loss: 1.639983 | lrm: 0.78 | dt: 4703.91ms | tok/sec: 222,916 | bf16_mfu: 49.14 | epoch: 1 pq: 18 rg: 12 | total time: 95.99m | eta: 97.3m
step 01235/02475 (49.90%) | loss: 1.620261 | lrm: 0.78 | dt: 4645.73ms | tok/sec: 225,707 | bf16_mfu: 49.75 | epoch: 1 pq: 18 rg: 13 | total time: 96.06m | eta: 97.2m
step 01236/02475 (49.94%) | loss: 1.599868 | lrm: 0.78 | dt: 4675.51ms | tok/sec: 224,269 | bf16_mfu: 49.43 | epoch: 1 pq: 18 rg: 15 | total time: 96.14m | eta: 97.2m
step 01237/02475 (49.98%) | loss: 1.578851 | lrm: 0.78 | dt: 4666.65ms | tok/sec: 224,695 | bf16_mfu: 49.53 | epoch: 1 pq: 18 rg: 16 | total time: 96.22m | eta: 97.1m
step 01238/02475 (50.02%) | loss: 1.590378 | lrm: 0.78 | dt: 4693.35ms | tok/sec: 223,417 | bf16_mfu: 49.25 | epoch: 1 pq: 18 rg: 17 | total time: 96.30m | eta: 97.0m
step 01239/02475 (50.06%) | loss: 1.585742 | lrm: 0.78 | dt: 4663.94ms | tok/sec: 224,826 | bf16_mfu: 49.56 | epoch: 1 pq: 18 rg: 18 | total time: 96.37m | eta: 96.9m
step 01240/02475 (50.10%) | loss: 1.579029 | lrm: 0.78 | dt: 4679.39ms | tok/sec: 224,083 | bf16_mfu: 49.39 | epoch: 1 pq: 18 rg: 19 | total time: 96.45m | eta: 96.8m
step 01241/02475 (50.14%) | loss: 1.598322 | lrm: 0.78 | dt: 4742.80ms | tok/sec: 221,087 | bf16_mfu: 48.73 | epoch: 1 pq: 18 rg: 20 | total time: 96.53m | eta: 96.8m
step 01242/02475 (50.18%) | loss: 1.610059 | lrm: 0.78 | dt: 5093.74ms | tok/sec: 205,855 | bf16_mfu: 45.38 | epoch: 1 pq: 18 rg: 21 | total time: 96.62m | eta: 96.7m
step 01243/02475 (50.22%) | loss: 1.635482 | lrm: 0.78 | dt: 4726.96ms | tok/sec: 221,828 | bf16_mfu: 48.90 | epoch: 1 pq: 18 rg: 22 | total time: 96.70m | eta: 96.6m
step 01244/02475 (50.26%) | loss: 1.617645 | lrm: 0.78 | dt: 4738.87ms | tok/sec: 221,271 | bf16_mfu: 48.77 | epoch: 1 pq: 18 rg: 23 | total time: 96.77m | eta: 96.5m
step 01245/02475 (50.30%) | loss: 1.621865 | lrm: 0.78 | dt: 4742.14ms | tok/sec: 221,118 | bf16_mfu: 48.74 | epoch: 1 pq: 18 rg: 24 | total time: 96.85m | eta: 96.5m
step 01246/02475 (50.34%) | loss: 1.612937 | lrm: 0.78 | dt: 4941.11ms | tok/sec: 212,214 | bf16_mfu: 46.78 | epoch: 1 pq: 18 rg: 25 | total time: 96.94m | eta: 96.4m
step 01247/02475 (50.38%) | loss: 1.622205 | lrm: 0.78 | dt: 4797.61ms | tok/sec: 218,562 | bf16_mfu: 48.18 | epoch: 1 pq: 18 rg: 26 | total time: 97.02m | eta: 96.3m
step 01248/02475 (50.42%) | loss: 1.597216 | lrm: 0.77 | dt: 4735.52ms | tok/sec: 221,427 | bf16_mfu: 48.81 | epoch: 1 pq: 18 rg: 28 | total time: 97.09m | eta: 96.2m
step 01249/02475 (50.46%) | loss: 1.619100 | lrm: 0.77 | dt: 4667.59ms | tok/sec: 224,650 | bf16_mfu: 49.52 | epoch: 1 pq: 18 rg: 29 | total time: 97.17m | eta: 96.2m
Step 01250 | Validation bpb: 0.970483
step 01250/02475 (50.51%) | loss: 1.633170 | lrm: 0.77 | dt: 4850.68ms | tok/sec: 216,171 | bf16_mfu: 47.65 | epoch: 1 pq: 18 rg: 30 | total time: 97.25m | eta: 96.1m
step 01251/02475 (50.55%) | loss: 1.611205 | lrm: 0.77 | dt: 4813.86ms | tok/sec: 217,824 | bf16_mfu: 48.01 | epoch: 1 pq: 18 rg: 31 | total time: 97.33m | eta: 96.0m
step 01252/02475 (50.59%) | loss: 1.634685 | lrm: 0.77 | dt: 4713.44ms | tok/sec: 222,465 | bf16_mfu: 49.04 | epoch: 1 pq: 18 rg: 32 | total time: 97.41m | eta: 95.9m
step 01253/02475 (50.63%) | loss: 1.628132 | lrm: 0.77 | dt: 4668.27ms | tok/sec: 224,617 | bf16_mfu: 49.51 | epoch: 1 pq: 18 rg: 33 | total time: 97.49m | eta: 95.8m
step 01254/02475 (50.67%) | loss: 1.628399 | lrm: 0.77 | dt: 4704.94ms | tok/sec: 222,866 | bf16_mfu: 49.13 | epoch: 1 pq: 18 rg: 34 | total time: 97.57m | eta: 95.8m
step 01255/02475 (50.71%) | loss: 1.650392 | lrm: 0.77 | dt: 4674.70ms | tok/sec: 224,308 | bf16_mfu: 49.44 | epoch: 1 pq: 18 rg: 35 | total time: 97.65m | eta: 95.7m
step 01256/02475 (50.75%) | loss: 1.656446 | lrm: 0.77 | dt: 4734.92ms | tok/sec: 221,455 | bf16_mfu: 48.81 | epoch: 1 pq: 18 rg: 36 | total time: 97.73m | eta: 95.6m
step 01257/02475 (50.79%) | loss: 1.663480 | lrm: 0.77 | dt: 4659.62ms | tok/sec: 225,034 | bf16_mfu: 49.60 | epoch: 1 pq: 18 rg: 37 | total time: 97.80m | eta: 95.5m
step 01258/02475 (50.83%) | loss: 1.629971 | lrm: 0.77 | dt: 4686.85ms | tok/sec: 223,727 | bf16_mfu: 49.31 | epoch: 1 pq: 18 rg: 38 | total time: 97.88m | eta: 95.4m
step 01259/02475 (50.87%) | loss: 1.632059 | lrm: 0.77 | dt: 4740.86ms | tok/sec: 221,178 | bf16_mfu: 48.75 | epoch: 1 pq: 18 rg: 40 | total time: 97.96m | eta: 95.4m
step 01260/02475 (50.91%) | loss: 1.645778 | lrm: 0.77 | dt: 4695.25ms | tok/sec: 223,327 | bf16_mfu: 49.23 | epoch: 1 pq: 18 rg: 41 | total time: 98.04m | eta: 95.3m
step 01261/02475 (50.95%) | loss: 1.662119 | lrm: 0.77 | dt: 4732.83ms | tok/sec: 221,553 | bf16_mfu: 48.84 | epoch: 1 pq: 18 rg: 42 | total time: 98.12m | eta: 95.2m
step 01262/02475 (50.99%) | loss: 1.671849 | lrm: 0.77 | dt: 4709.70ms | tok/sec: 222,641 | bf16_mfu: 49.08 | epoch: 1 pq: 18 rg: 43 | total time: 98.20m | eta: 95.1m
step 01263/02475 (51.03%) | loss: 1.670666 | lrm: 0.77 | dt: 4666.86ms | tok/sec: 224,685 | bf16_mfu: 49.53 | epoch: 1 pq: 18 rg: 44 | total time: 98.27m | eta: 95.1m
step 01264/02475 (51.07%) | loss: 1.657981 | lrm: 0.77 | dt: 4642.92ms | tok/sec: 225,844 | bf16_mfu: 49.78 | epoch: 1 pq: 18 rg: 45 | total time: 98.35m | eta: 95.0m
step 01265/02475 (51.11%) | loss: 1.649955 | lrm: 0.76 | dt: 4643.06ms | tok/sec: 225,837 | bf16_mfu: 49.78 | epoch: 1 pq: 18 rg: 46 | total time: 98.43m | eta: 94.9m
step 01266/02475 (51.15%) | loss: 1.671943 | lrm: 0.76 | dt: 4647.62ms | tok/sec: 225,615 | bf16_mfu: 49.73 | epoch: 1 pq: 18 rg: 47 | total time: 98.51m | eta: 94.8m
step 01267/02475 (51.19%) | loss: 1.648045 | lrm: 0.76 | dt: 4961.20ms | tok/sec: 211,355 | bf16_mfu: 46.59 | epoch: 1 pq: 18 rg: 48 | total time: 98.59m | eta: 94.7m
step 01268/02475 (51.23%) | loss: 1.660785 | lrm: 0.76 | dt: 4664.79ms | tok/sec: 224,785 | bf16_mfu: 49.55 | epoch: 1 pq: 18 rg: 49 | total time: 98.67m | eta: 94.7m
step 01269/02475 (51.27%) | loss: 1.670577 | lrm: 0.76 | dt: 4649.48ms | tok/sec: 225,525 | bf16_mfu: 49.71 | epoch: 1 pq: 18 rg: 50 | total time: 98.74m | eta: 94.6m
step 01270/02475 (51.31%) | loss: 1.664449 | lrm: 0.76 | dt: 4707.53ms | tok/sec: 222,744 | bf16_mfu: 49.10 | epoch: 1 pq: 18 rg: 52 | total time: 98.82m | eta: 94.5m
step 01271/02475 (51.35%) | loss: 1.638400 | lrm: 0.76 | dt: 4660.64ms | tok/sec: 224,985 | bf16_mfu: 49.59 | epoch: 1 pq: 18 rg: 53 | total time: 98.90m | eta: 94.4m
step 01272/02475 (51.39%) | loss: 1.625731 | lrm: 0.76 | dt: 4731.60ms | tok/sec: 221,611 | bf16_mfu: 48.85 | epoch: 1 pq: 18 rg: 54 | total time: 98.98m | eta: 94.4m
step 01273/02475 (51.43%) | loss: 1.632566 | lrm: 0.76 | dt: 4883.98ms | tok/sec: 214,696 | bf16_mfu: 47.32 | epoch: 1 pq: 18 rg: 55 | total time: 99.06m | eta: 94.3m
step 01274/02475 (51.47%) | loss: 1.619357 | lrm: 0.76 | dt: 4662.00ms | tok/sec: 224,919 | bf16_mfu: 49.58 | epoch: 1 pq: 18 rg: 56 | total time: 99.14m | eta: 94.2m
step 01275/02475 (51.52%) | loss: 1.628311 | lrm: 0.76 | dt: 4694.06ms | tok/sec: 223,383 | bf16_mfu: 49.24 | epoch: 1 pq: 18 rg: 57 | total time: 99.22m | eta: 94.1m
step 01276/02475 (51.56%) | loss: 1.619854 | lrm: 0.76 | dt: 4807.02ms | tok/sec: 218,134 | bf16_mfu: 48.08 | epoch: 1 pq: 18 rg: 58 | total time: 99.30m | eta: 94.0m
step 01277/02475 (51.60%) | loss: 1.603075 | lrm: 0.76 | dt: 4679.83ms | tok/sec: 224,063 | bf16_mfu: 49.39 | epoch: 1 pq: 18 rg: 59 | total time: 99.37m | eta: 94.0m
step 01278/02475 (51.64%) | loss: 1.583363 | lrm: 0.76 | dt: 4814.89ms | tok/sec: 217,777 | bf16_mfu: 48.00 | epoch: 1 pq: 18 rg: 60 | total time: 99.45m | eta: 93.9m
step 01279/02475 (51.68%) | loss: 1.604794 | lrm: 0.76 | dt: 4685.06ms | tok/sec: 223,812 | bf16_mfu: 49.33 | epoch: 1 pq: 18 rg: 61 | total time: 99.53m | eta: 93.8m
step 01280/02475 (51.72%) | loss: 1.600736 | lrm: 0.76 | dt: 4691.40ms | tok/sec: 223,510 | bf16_mfu: 49.27 | epoch: 1 pq: 18 rg: 62 | total time: 99.61m | eta: 93.7m
step 01281/02475 (51.76%) | loss: 1.610364 | lrm: 0.75 | dt: 4691.97ms | tok/sec: 223,482 | bf16_mfu: 49.26 | epoch: 1 pq: 18 rg: 64 | total time: 99.69m | eta: 93.6m
step 01282/02475 (51.80%) | loss: 1.634150 | lrm: 0.75 | dt: 4672.31ms | tok/sec: 224,423 | bf16_mfu: 49.47 | epoch: 1 pq: 18 rg: 65 | total time: 99.77m | eta: 93.6m
step 01283/02475 (51.84%) | loss: 1.666546 | lrm: 0.75 | dt: 4746.87ms | tok/sec: 220,898 | bf16_mfu: 48.69 | epoch: 1 pq: 18 rg: 66 | total time: 99.85m | eta: 93.5m
step 01284/02475 (51.88%) | loss: 1.672134 | lrm: 0.75 | dt: 4725.15ms | tok/sec: 221,913 | bf16_mfu: 48.92 | epoch: 1 pq: 18 rg: 67 | total time: 99.92m | eta: 93.4m
step 01285/02475 (51.92%) | loss: 1.681767 | lrm: 0.75 | dt: 4793.29ms | tok/sec: 218,759 | bf16_mfu: 48.22 | epoch: 1 pq: 18 rg: 68 | total time: 100.00m | eta: 93.3m
step 01286/02475 (51.96%) | loss: 1.712083 | lrm: 0.75 | dt: 5020.40ms | tok/sec: 208,863 | bf16_mfu: 46.04 | epoch: 1 pq: 18 rg: 69 | total time: 100.09m | eta: 93.3m
step 01287/02475 (52.00%) | loss: 1.721574 | lrm: 0.75 | dt: 4697.77ms | tok/sec: 223,206 | bf16_mfu: 49.20 | epoch: 1 pq: 18 rg: 70 | total time: 100.17m | eta: 93.2m
step 01288/02475 (52.04%) | loss: 1.728043 | lrm: 0.75 | dt: 4676.73ms | tok/sec: 224,211 | bf16_mfu: 49.42 | epoch: 1 pq: 18 rg: 71 | total time: 100.24m | eta: 93.1m
step 01289/02475 (52.08%) | loss: 1.723983 | lrm: 0.75 | dt: 4703.56ms | tok/sec: 222,932 | bf16_mfu: 49.14 | epoch: 1 pq: 18 rg: 72 | total time: 100.32m | eta: 93.0m
step 01290/02475 (52.12%) | loss: 1.695103 | lrm: 0.75 | dt: 4682.21ms | tok/sec: 223,949 | bf16_mfu: 49.36 | epoch: 1 pq: 18 rg: 73 | total time: 100.40m | eta: 92.9m
step 01291/02475 (52.16%) | loss: 1.689816 | lrm: 0.75 | dt: 4834.07ms | tok/sec: 216,913 | bf16_mfu: 47.81 | epoch: 1 pq: 18 rg: 75 | total time: 100.48m | eta: 92.9m
step 01292/02475 (52.20%) | loss: 1.676725 | lrm: 0.75 | dt: 4765.54ms | tok/sec: 220,033 | bf16_mfu: 48.50 | epoch: 1 pq: 18 rg: 76 | total time: 100.56m | eta: 92.8m
step 01293/02475 (52.24%) | loss: 1.651584 | lrm: 0.75 | dt: 4763.76ms | tok/sec: 220,115 | bf16_mfu: 48.52 | epoch: 1 pq: 18 rg: 77 | total time: 100.64m | eta: 92.7m
step 01294/02475 (52.28%) | loss: 1.643361 | lrm: 0.75 | dt: 4670.73ms | tok/sec: 224,499 | bf16_mfu: 49.49 | epoch: 1 pq: 18 rg: 78 | total time: 100.72m | eta: 92.6m
step 01295/02475 (52.32%) | loss: 1.638188 | lrm: 0.75 | dt: 4733.05ms | tok/sec: 221,543 | bf16_mfu: 48.83 | epoch: 1 pq: 18 rg: 79 | total time: 100.80m | eta: 92.6m
step 01296/02475 (52.36%) | loss: 1.660829 | lrm: 0.75 | dt: 4711.97ms | tok/sec: 222,534 | bf16_mfu: 49.05 | epoch: 1 pq: 18 rg: 80 | total time: 100.88m | eta: 92.5m
step 01297/02475 (52.40%) | loss: 1.658134 | lrm: 0.75 | dt: 4778.12ms | tok/sec: 219,453 | bf16_mfu: 48.37 | epoch: 1 pq: 18 rg: 81 | total time: 100.95m | eta: 92.4m
step 01298/02475 (52.44%) | loss: 1.679714 | lrm: 0.74 | dt: 4663.22ms | tok/sec: 224,860 | bf16_mfu: 49.56 | epoch: 1 pq: 18 rg: 82 | total time: 101.03m | eta: 92.3m
step 01299/02475 (52.48%) | loss: 1.680243 | lrm: 0.74 | dt: 4706.62ms | tok/sec: 222,787 | bf16_mfu: 49.11 | epoch: 1 pq: 18 rg: 83 | total time: 101.11m | eta: 92.2m
step 01300/02475 (52.53%) | loss: 1.688538 | lrm: 0.74 | dt: 4716.87ms | tok/sec: 222,303 | bf16_mfu: 49.00 | epoch: 1 pq: 18 rg: 84 | total time: 101.19m | eta: 92.2m
step 01301/02475 (52.57%) | loss: 1.693263 | lrm: 0.74 | dt: 4704.21ms | tok/sec: 222,901 | bf16_mfu: 49.13 | epoch: 1 pq: 18 rg: 86 | total time: 101.27m | eta: 92.1m
step 01302/02475 (52.61%) | loss: 1.685560 | lrm: 0.74 | dt: 4733.74ms | tok/sec: 221,511 | bf16_mfu: 48.83 | epoch: 1 pq: 18 rg: 87 | total time: 101.35m | eta: 92.0m
step 01303/02475 (52.65%) | loss: 1.683728 | lrm: 0.74 | dt: 4708.52ms | tok/sec: 222,697 | bf16_mfu: 49.09 | epoch: 1 pq: 18 rg: 88 | total time: 101.43m | eta: 91.9m
step 01304/02475 (52.69%) | loss: 1.665871 | lrm: 0.74 | dt: 4664.73ms | tok/sec: 224,787 | bf16_mfu: 49.55 | epoch: 1 pq: 18 rg: 89 | total time: 101.50m | eta: 91.9m
step 01305/02475 (52.73%) | loss: 1.629450 | lrm: 0.74 | dt: 4720.21ms | tok/sec: 222,146 | bf16_mfu: 48.97 | epoch: 1 pq: 18 rg: 90 | total time: 101.58m | eta: 91.8m
step 01306/02475 (52.77%) | loss: 1.633933 | lrm: 0.74 | dt: 4732.70ms | tok/sec: 221,559 | bf16_mfu: 48.84 | epoch: 1 pq: 18 rg: 91 | total time: 101.66m | eta: 91.7m
step 01307/02475 (52.81%) | loss: 1.635213 | lrm: 0.74 | dt: 4691.26ms | tok/sec: 223,517 | bf16_mfu: 49.27 | epoch: 1 pq: 18 rg: 92 | total time: 101.74m | eta: 91.6m
step 01308/02475 (52.85%) | loss: 1.632321 | lrm: 0.74 | dt: 4735.81ms | tok/sec: 221,414 | bf16_mfu: 48.81 | epoch: 1 pq: 18 rg: 93 | total time: 101.82m | eta: 91.5m
step 01309/02475 (52.89%) | loss: 1.654377 | lrm: 0.74 | dt: 4712.08ms | tok/sec: 222,529 | bf16_mfu: 49.05 | epoch: 1 pq: 18 rg: 94 | total time: 101.90m | eta: 91.5m
step 01310/02475 (52.93%) | loss: 1.640852 | lrm: 0.74 | dt: 4734.92ms | tok/sec: 221,455 | bf16_mfu: 48.81 | epoch: 1 pq: 18 rg: 95 | total time: 101.98m | eta: 91.4m
step 01311/02475 (52.97%) | loss: 1.642092 | lrm: 0.74 | dt: 4706.66ms | tok/sec: 222,785 | bf16_mfu: 49.11 | epoch: 1 pq: 18 rg: 96 | total time: 102.05m | eta: 91.3m
step 01312/02475 (53.01%) | loss: 1.650643 | lrm: 0.74 | dt: 4741.11ms | tok/sec: 221,166 | bf16_mfu: 48.75 | epoch: 1 pq: 18 rg: 97 | total time: 102.13m | eta: 91.2m
step 01313/02475 (53.05%) | loss: 1.645488 | lrm: 0.74 | dt: 5139.21ms | tok/sec: 204,034 | bf16_mfu: 44.97 | epoch: 1 pq: 18 rg: 99 | total time: 102.22m | eta: 91.2m
step 01314/02475 (53.09%) | loss: 1.624604 | lrm: 0.74 | dt: 4743.32ms | tok/sec: 221,063 | bf16_mfu: 48.73 | epoch: 1 pq: 18 rg: 100 | total time: 102.30m | eta: 91.1m
step 01315/02475 (53.13%) | loss: 1.587375 | lrm: 0.73 | dt: 4758.28ms | tok/sec: 220,368 | bf16_mfu: 48.57 | epoch: 1 pq: 18 rg: 101 | total time: 102.38m | eta: 91.0m
step 01316/02475 (53.17%) | loss: 1.750088 | lrm: 0.73 | dt: 4721.28ms | tok/sec: 222,095 | bf16_mfu: 48.96 | epoch: 1 pq: 19 rg: 0 | total time: 102.46m | eta: 90.9m
step 01317/02475 (53.21%) | loss: 1.907899 | lrm: 0.73 | dt: 4616.41ms | tok/sec: 227,141 | bf16_mfu: 50.07 | epoch: 1 pq: 19 rg: 2 | total time: 102.53m | eta: 90.8m
step 01318/02475 (53.25%) | loss: 2.046168 | lrm: 0.73 | dt: 4644.88ms | tok/sec: 225,748 | bf16_mfu: 49.76 | epoch: 1 pq: 19 rg: 4 | total time: 102.61m | eta: 90.8m
step 01319/02475 (53.29%) | loss: 2.160726 | lrm: 0.73 | dt: 4636.37ms | tok/sec: 226,163 | bf16_mfu: 49.85 | epoch: 1 pq: 19 rg: 5 | total time: 102.69m | eta: 90.7m
step 01320/02475 (53.33%) | loss: 2.250354 | lrm: 0.73 | dt: 4628.73ms | tok/sec: 226,536 | bf16_mfu: 49.93 | epoch: 1 pq: 19 rg: 7 | total time: 102.76m | eta: 90.6m
step 01321/02475 (53.37%) | loss: 2.334769 | lrm: 0.73 | dt: 4626.41ms | tok/sec: 226,650 | bf16_mfu: 49.96 | epoch: 1 pq: 19 rg: 9 | total time: 102.84m | eta: 90.5m
step 01322/02475 (53.41%) | loss: 2.404257 | lrm: 0.73 | dt: 4656.88ms | tok/sec: 225,167 | bf16_mfu: 49.63 | epoch: 1 pq: 19 rg: 11 | total time: 102.92m | eta: 90.4m
step 01323/02475 (53.45%) | loss: 2.466246 | lrm: 0.73 | dt: 4622.03ms | tok/sec: 226,864 | bf16_mfu: 50.01 | epoch: 1 pq: 19 rg: 13 | total time: 103.00m | eta: 90.4m
step 01324/02475 (53.49%) | loss: 2.527827 | lrm: 0.73 | dt: 4623.04ms | tok/sec: 226,815 | bf16_mfu: 50.00 | epoch: 1 pq: 19 rg: 15 | total time: 103.07m | eta: 90.3m
step 01325/02475 (53.54%) | loss: 2.570902 | lrm: 0.73 | dt: 4627.37ms | tok/sec: 226,602 | bf16_mfu: 49.95 | epoch: 1 pq: 19 rg: 17 | total time: 103.15m | eta: 90.2m
step 01326/02475 (53.58%) | loss: 2.618705 | lrm: 0.73 | dt: 4620.74ms | tok/sec: 226,928 | bf16_mfu: 50.02 | epoch: 1 pq: 19 rg: 19 | total time: 103.23m | eta: 90.1m
step 01327/02475 (53.62%) | loss: 2.670349 | lrm: 0.73 | dt: 4633.95ms | tok/sec: 226,281 | bf16_mfu: 49.88 | epoch: 1 pq: 19 rg: 21 | total time: 103.30m | eta: 90.0m
step 01328/02475 (53.66%) | loss: 2.723075 | lrm: 0.73 | dt: 4650.61ms | tok/sec: 225,470 | bf16_mfu: 49.70 | epoch: 1 pq: 19 rg: 23 | total time: 103.38m | eta: 90.0m
step 01329/02475 (53.70%) | loss: 2.752604 | lrm: 0.73 | dt: 4620.27ms | tok/sec: 226,951 | bf16_mfu: 50.03 | epoch: 1 pq: 19 rg: 25 | total time: 103.46m | eta: 89.9m
step 01330/02475 (53.74%) | loss: 2.788735 | lrm: 0.73 | dt: 4654.20ms | tok/sec: 225,296 | bf16_mfu: 49.66 | epoch: 1 pq: 19 rg: 27 | total time: 103.54m | eta: 89.8m
step 01331/02475 (53.78%) | loss: 2.795805 | lrm: 0.73 | dt: 4638.58ms | tok/sec: 226,055 | bf16_mfu: 49.83 | epoch: 1 pq: 19 rg: 29 | total time: 103.61m | eta: 89.7m
step 01332/02475 (53.82%) | loss: 2.819437 | lrm: 0.72 | dt: 4625.35ms | tok/sec: 226,702 | bf16_mfu: 49.97 | epoch: 1 pq: 19 rg: 31 | total time: 103.69m | eta: 89.7m
step 01333/02475 (53.86%) | loss: 2.834227 | lrm: 0.72 | dt: 4633.31ms | tok/sec: 226,312 | bf16_mfu: 49.88 | epoch: 1 pq: 19 rg: 32 | total time: 103.77m | eta: 89.6m
step 01334/02475 (53.90%) | loss: 2.848700 | lrm: 0.72 | dt: 4607.34ms | tok/sec: 227,588 | bf16_mfu: 50.17 | epoch: 1 pq: 19 rg: 34 | total time: 103.84m | eta: 89.5m
step 01335/02475 (53.94%) | loss: 2.859791 | lrm: 0.72 | dt: 4651.15ms | tok/sec: 225,444 | bf16_mfu: 49.69 | epoch: 1 pq: 19 rg: 36 | total time: 103.92m | eta: 89.4m
step 01336/02475 (53.98%) | loss: 2.856956 | lrm: 0.72 | dt: 4615.04ms | tok/sec: 227,208 | bf16_mfu: 50.08 | epoch: 1 pq: 19 rg: 38 | total time: 104.00m | eta: 89.3m
step 01337/02475 (54.02%) | loss: 2.878598 | lrm: 0.72 | dt: 4689.80ms | tok/sec: 223,586 | bf16_mfu: 49.28 | epoch: 1 pq: 19 rg: 40 | total time: 104.08m | eta: 89.3m
step 01338/02475 (54.06%) | loss: 2.894894 | lrm: 0.72 | dt: 4617.36ms | tok/sec: 227,094 | bf16_mfu: 50.06 | epoch: 1 pq: 19 rg: 42 | total time: 104.15m | eta: 89.2m
step 01339/02475 (54.10%) | loss: 2.903777 | lrm: 0.72 | dt: 4620.70ms | tok/sec: 226,930 | bf16_mfu: 50.02 | epoch: 1 pq: 19 rg: 44 | total time: 104.23m | eta: 89.1m
step 01340/02475 (54.14%) | loss: 2.926003 | lrm: 0.72 | dt: 4628.28ms | tok/sec: 226,558 | bf16_mfu: 49.94 | epoch: 1 pq: 19 rg: 46 | total time: 104.31m | eta: 89.0m
step 01341/02475 (54.18%) | loss: 2.951495 | lrm: 0.72 | dt: 4683.02ms | tok/sec: 223,910 | bf16_mfu: 49.36 | epoch: 1 pq: 19 rg: 48 | total time: 104.39m | eta: 88.9m
step 01342/02475 (54.22%) | loss: 2.956953 | lrm: 0.72 | dt: 4637.57ms | tok/sec: 226,104 | bf16_mfu: 49.84 | epoch: 1 pq: 19 rg: 50 | total time: 104.46m | eta: 88.9m
step 01343/02475 (54.26%) | loss: 2.974077 | lrm: 0.72 | dt: 4636.63ms | tok/sec: 226,150 | bf16_mfu: 49.85 | epoch: 1 pq: 19 rg: 52 | total time: 104.54m | eta: 88.8m
step 01344/02475 (54.30%) | loss: 2.968507 | lrm: 0.72 | dt: 4621.01ms | tok/sec: 226,915 | bf16_mfu: 50.02 | epoch: 1 pq: 19 rg: 54 | total time: 104.62m | eta: 88.7m
step 01345/02475 (54.34%) | loss: 2.971361 | lrm: 0.72 | dt: 4615.75ms | tok/sec: 227,173 | bf16_mfu: 50.07 | epoch: 1 pq: 19 rg: 56 | total time: 104.70m | eta: 88.6m
step 01346/02475 (54.38%) | loss: 2.970552 | lrm: 0.72 | dt: 4631.55ms | tok/sec: 226,398 | bf16_mfu: 49.90 | epoch: 1 pq: 19 rg: 58 | total time: 104.77m | eta: 88.5m
step 01347/02475 (54.42%) | loss: 2.976832 | lrm: 0.72 | dt: 4620.83ms | tok/sec: 226,923 | bf16_mfu: 50.02 | epoch: 1 pq: 19 rg: 60 | total time: 104.85m | eta: 88.5m
step 01348/02475 (54.46%) | loss: 2.993812 | lrm: 0.72 | dt: 4605.52ms | tok/sec: 227,677 | bf16_mfu: 50.19 | epoch: 1 pq: 19 rg: 62 | total time: 104.93m | eta: 88.4m
step 01349/02475 (54.51%) | loss: 2.974134 | lrm: 0.71 | dt: 4603.39ms | tok/sec: 227,783 | bf16_mfu: 50.21 | epoch: 1 pq: 19 rg: 64 | total time: 105.00m | eta: 88.3m
step 01350/02475 (54.55%) | loss: 2.972249 | lrm: 0.71 | dt: 4649.11ms | tok/sec: 225,543 | bf16_mfu: 49.72 | epoch: 1 pq: 19 rg: 65 | total time: 105.08m | eta: 88.2m
step 01351/02475 (54.59%) | loss: 2.951965 | lrm: 0.71 | dt: 4643.24ms | tok/sec: 225,828 | bf16_mfu: 49.78 | epoch: 1 pq: 19 rg: 67 | total time: 105.16m | eta: 88.1m
step 01352/02475 (54.63%) | loss: 2.963152 | lrm: 0.71 | dt: 4640.38ms | tok/sec: 225,967 | bf16_mfu: 49.81 | epoch: 1 pq: 19 rg: 69 | total time: 105.24m | eta: 88.1m
step 01353/02475 (54.67%) | loss: 2.957321 | lrm: 0.71 | dt: 4638.58ms | tok/sec: 226,055 | bf16_mfu: 49.83 | epoch: 1 pq: 19 rg: 71 | total time: 105.31m | eta: 88.0m
step 01354/02475 (54.71%) | loss: 2.952222 | lrm: 0.71 | dt: 4622.77ms | tok/sec: 226,828 | bf16_mfu: 50.00 | epoch: 1 pq: 19 rg: 73 | total time: 105.39m | eta: 87.9m
step 01355/02475 (54.75%) | loss: 2.963809 | lrm: 0.71 | dt: 4607.84ms | tok/sec: 227,563 | bf16_mfu: 50.16 | epoch: 1 pq: 19 rg: 75 | total time: 105.47m | eta: 87.8m
step 01356/02475 (54.79%) | loss: 2.984915 | lrm: 0.71 | dt: 4633.91ms | tok/sec: 226,282 | bf16_mfu: 49.88 | epoch: 1 pq: 19 rg: 77 | total time: 105.54m | eta: 87.7m
step 01357/02475 (54.83%) | loss: 2.969087 | lrm: 0.71 | dt: 4602.57ms | tok/sec: 227,823 | bf16_mfu: 50.22 | epoch: 1 pq: 19 rg: 79 | total time: 105.62m | eta: 87.7m
step 01358/02475 (54.87%) | loss: 2.973585 | lrm: 0.71 | dt: 4633.36ms | tok/sec: 226,310 | bf16_mfu: 49.88 | epoch: 1 pq: 19 rg: 81 | total time: 105.70m | eta: 87.6m
step 01359/02475 (54.91%) | loss: 2.978988 | lrm: 0.71 | dt: 4691.70ms | tok/sec: 223,495 | bf16_mfu: 49.26 | epoch: 1 pq: 20 rg: 0 | total time: 105.78m | eta: 87.5m
step 01360/02475 (54.95%) | loss: 2.985831 | lrm: 0.71 | dt: 4643.82ms | tok/sec: 225,800 | bf16_mfu: 49.77 | epoch: 1 pq: 20 rg: 2 | total time: 105.85m | eta: 87.4m
step 01361/02475 (54.99%) | loss: 2.992744 | lrm: 0.71 | dt: 4622.18ms | tok/sec: 226,857 | bf16_mfu: 50.00 | epoch: 1 pq: 20 rg: 4 | total time: 105.93m | eta: 87.3m
step 01362/02475 (55.03%) | loss: 2.981603 | lrm: 0.71 | dt: 4697.29ms | tok/sec: 223,230 | bf16_mfu: 49.21 | epoch: 1 pq: 20 rg: 6 | total time: 106.01m | eta: 87.3m
step 01363/02475 (55.07%) | loss: 2.979840 | lrm: 0.71 | dt: 4610.06ms | tok/sec: 227,454 | bf16_mfu: 50.14 | epoch: 1 pq: 20 rg: 8 | total time: 106.09m | eta: 87.2m
step 01364/02475 (55.11%) | loss: 2.969132 | lrm: 0.71 | dt: 4624.49ms | tok/sec: 226,743 | bf16_mfu: 49.98 | epoch: 1 pq: 20 rg: 10 | total time: 106.16m | eta: 87.1m
step 01365/02475 (55.15%) | loss: 2.969559 | lrm: 0.71 | dt: 4629.85ms | tok/sec: 226,481 | bf16_mfu: 49.92 | epoch: 1 pq: 20 rg: 12 | total time: 106.24m | eta: 87.0m
step 01366/02475 (55.19%) | loss: 2.972057 | lrm: 0.70 | dt: 4780.76ms | tok/sec: 219,332 | bf16_mfu: 48.35 | epoch: 1 pq: 20 rg: 13 | total time: 106.32m | eta: 87.0m
step 01367/02475 (55.23%) | loss: 2.960498 | lrm: 0.70 | dt: 4624.17ms | tok/sec: 226,759 | bf16_mfu: 49.98 | epoch: 1 pq: 20 rg: 15 | total time: 106.40m | eta: 86.9m
step 01368/02475 (55.27%) | loss: 2.943040 | lrm: 0.70 | dt: 4668.09ms | tok/sec: 224,626 | bf16_mfu: 49.51 | epoch: 1 pq: 20 rg: 17 | total time: 106.47m | eta: 86.8m
step 01369/02475 (55.31%) | loss: 2.952020 | lrm: 0.70 | dt: 4618.40ms | tok/sec: 227,043 | bf16_mfu: 50.05 | epoch: 1 pq: 20 rg: 19 | total time: 106.55m | eta: 86.7m
step 01370/02475 (55.35%) | loss: 2.955590 | lrm: 0.70 | dt: 4736.32ms | tok/sec: 221,390 | bf16_mfu: 48.80 | epoch: 1 pq: 20 rg: 21 | total time: 106.63m | eta: 86.6m
step 01371/02475 (55.39%) | loss: 2.936264 | lrm: 0.70 | dt: 4629.94ms | tok/sec: 226,477 | bf16_mfu: 49.92 | epoch: 1 pq: 20 rg: 23 | total time: 106.71m | eta: 86.6m
step 01372/02475 (55.43%) | loss: 2.931977 | lrm: 0.70 | dt: 4618.78ms | tok/sec: 227,024 | bf16_mfu: 50.04 | epoch: 1 pq: 20 rg: 25 | total time: 106.78m | eta: 86.5m
step 01373/02475 (55.47%) | loss: 2.943604 | lrm: 0.70 | dt: 4776.21ms | tok/sec: 219,541 | bf16_mfu: 48.39 | epoch: 1 pq: 20 rg: 27 | total time: 106.86m | eta: 86.4m
step 01374/02475 (55.52%) | loss: 2.942167 | lrm: 0.70 | dt: 4643.39ms | tok/sec: 225,821 | bf16_mfu: 49.78 | epoch: 1 pq: 20 rg: 29 | total time: 106.94m | eta: 86.3m
step 01375/02475 (55.56%) | loss: 2.951281 | lrm: 0.70 | dt: 4685.46ms | tok/sec: 223,793 | bf16_mfu: 49.33 | epoch: 1 pq: 20 rg: 31 | total time: 107.02m | eta: 86.2m
step 01376/02475 (55.60%) | loss: 2.945565 | lrm: 0.70 | dt: 4695.52ms | tok/sec: 223,314 | bf16_mfu: 49.22 | epoch: 1 pq: 20 rg: 33 | total time: 107.10m | eta: 86.2m
step 01377/02475 (55.64%) | loss: 2.948722 | lrm: 0.70 | dt: 4648.46ms | tok/sec: 225,575 | bf16_mfu: 49.72 | epoch: 1 pq: 20 rg: 35 | total time: 107.17m | eta: 86.1m
step 01378/02475 (55.68%) | loss: 2.931946 | lrm: 0.70 | dt: 4657.16ms | tok/sec: 225,153 | bf16_mfu: 49.63 | epoch: 1 pq: 20 rg: 37 | total time: 107.25m | eta: 86.0m
step 01379/02475 (55.72%) | loss: 2.923513 | lrm: 0.70 | dt: 4641.71ms | tok/sec: 225,903 | bf16_mfu: 49.79 | epoch: 1 pq: 20 rg: 39 | total time: 107.33m | eta: 85.9m
step 01380/02475 (55.76%) | loss: 2.941519 | lrm: 0.70 | dt: 4656.40ms | tok/sec: 225,190 | bf16_mfu: 49.64 | epoch: 1 pq: 20 rg: 41 | total time: 107.41m | eta: 85.8m
step 01381/02475 (55.80%) | loss: 2.950579 | lrm: 0.70 | dt: 4639.04ms | tok/sec: 226,032 | bf16_mfu: 49.82 | epoch: 1 pq: 20 rg: 42 | total time: 107.48m | eta: 85.8m
step 01382/02475 (55.84%) | loss: 2.943153 | lrm: 0.70 | dt: 4637.62ms | tok/sec: 226,102 | bf16_mfu: 49.84 | epoch: 1 pq: 20 rg: 44 | total time: 107.56m | eta: 85.7m
step 01383/02475 (55.88%) | loss: 2.951327 | lrm: 0.69 | dt: 4696.27ms | tok/sec: 223,278 | bf16_mfu: 49.22 | epoch: 1 pq: 20 rg: 46 | total time: 107.64m | eta: 85.6m
step 01384/02475 (55.92%) | loss: 2.931239 | lrm: 0.69 | dt: 4633.99ms | tok/sec: 226,279 | bf16_mfu: 49.88 | epoch: 1 pq: 20 rg: 48 | total time: 107.72m | eta: 85.5m
step 01385/02475 (55.96%) | loss: 2.954030 | lrm: 0.69 | dt: 4646.34ms | tok/sec: 225,677 | bf16_mfu: 49.74 | epoch: 1 pq: 20 rg: 50 | total time: 107.79m | eta: 85.5m
step 01386/02475 (56.00%) | loss: 2.957311 | lrm: 0.69 | dt: 4674.22ms | tok/sec: 224,331 | bf16_mfu: 49.45 | epoch: 1 pq: 20 rg: 52 | total time: 107.87m | eta: 85.4m
step 01387/02475 (56.04%) | loss: 2.960613 | lrm: 0.69 | dt: 4685.37ms | tok/sec: 223,798 | bf16_mfu: 49.33 | epoch: 1 pq: 20 rg: 54 | total time: 107.95m | eta: 85.3m
step 01388/02475 (56.08%) | loss: 2.947716 | lrm: 0.69 | dt: 4629.22ms | tok/sec: 226,512 | bf16_mfu: 49.93 | epoch: 1 pq: 20 rg: 56 | total time: 108.03m | eta: 85.2m
step 01389/02475 (56.12%) | loss: 2.947323 | lrm: 0.69 | dt: 4635.22ms | tok/sec: 226,219 | bf16_mfu: 49.86 | epoch: 1 pq: 20 rg: 58 | total time: 108.11m | eta: 85.1m
step 01390/02475 (56.16%) | loss: 2.943109 | lrm: 0.69 | dt: 4635.53ms | tok/sec: 226,204 | bf16_mfu: 49.86 | epoch: 1 pq: 20 rg: 60 | total time: 108.18m | eta: 85.1m
step 01391/02475 (56.20%) | loss: 2.937067 | lrm: 0.69 | dt: 4681.52ms | tok/sec: 223,981 | bf16_mfu: 49.37 | epoch: 1 pq: 20 rg: 62 | total time: 108.26m | eta: 85.0m
step 01392/02475 (56.24%) | loss: 2.934870 | lrm: 0.69 | dt: 4653.68ms | tok/sec: 225,321 | bf16_mfu: 49.67 | epoch: 1 pq: 20 rg: 64 | total time: 108.34m | eta: 84.9m
step 01393/02475 (56.28%) | loss: 2.930229 | lrm: 0.69 | dt: 4655.62ms | tok/sec: 225,227 | bf16_mfu: 49.65 | epoch: 1 pq: 20 rg: 66 | total time: 108.42m | eta: 84.8m
step 01394/02475 (56.32%) | loss: 2.934829 | lrm: 0.69 | dt: 4672.58ms | tok/sec: 224,410 | bf16_mfu: 49.47 | epoch: 1 pq: 20 rg: 68 | total time: 108.49m | eta: 84.7m
step 01395/02475 (56.36%) | loss: 2.922574 | lrm: 0.69 | dt: 4629.72ms | tok/sec: 226,487 | bf16_mfu: 49.92 | epoch: 1 pq: 20 rg: 69 | total time: 108.57m | eta: 84.7m
step 01396/02475 (56.40%) | loss: 2.922245 | lrm: 0.69 | dt: 4663.80ms | tok/sec: 224,832 | bf16_mfu: 49.56 | epoch: 1 pq: 20 rg: 71 | total time: 108.65m | eta: 84.6m
step 01397/02475 (56.44%) | loss: 2.942512 | lrm: 0.69 | dt: 4638.18ms | tok/sec: 226,075 | bf16_mfu: 49.83 | epoch: 1 pq: 20 rg: 73 | total time: 108.73m | eta: 84.5m
step 01398/02475 (56.48%) | loss: 2.949440 | lrm: 0.69 | dt: 4646.36ms | tok/sec: 225,676 | bf16_mfu: 49.74 | epoch: 1 pq: 20 rg: 75 | total time: 108.80m | eta: 84.4m
step 01399/02475 (56.53%) | loss: 2.953320 | lrm: 0.69 | dt: 4625.75ms | tok/sec: 226,682 | bf16_mfu: 49.97 | epoch: 1 pq: 20 rg: 77 | total time: 108.88m | eta: 84.3m
step 01400/02475 (56.57%) | loss: 2.945604 | lrm: 0.68 | dt: 4626.00ms | tok/sec: 226,669 | bf16_mfu: 49.96 | epoch: 1 pq: 20 rg: 79 | total time: 108.96m | eta: 84.3m
step 01401/02475 (56.61%) | loss: 2.939330 | lrm: 0.68 | dt: 4637.69ms | tok/sec: 226,098 | bf16_mfu: 49.84 | epoch: 1 pq: 20 rg: 81 | total time: 109.03m | eta: 84.2m
step 01402/02475 (56.65%) | loss: 2.820769 | lrm: 0.68 | dt: 4695.51ms | tok/sec: 223,314 | bf16_mfu: 49.22 | epoch: 1 pq: 21 rg: 0 | total time: 109.11m | eta: 84.1m
step 01403/02475 (56.69%) | loss: 2.682869 | lrm: 0.68 | dt: 4719.79ms | tok/sec: 222,165 | bf16_mfu: 48.97 | epoch: 1 pq: 21 rg: 1 | total time: 109.19m | eta: 84.0m
step 01404/02475 (56.73%) | loss: 2.586035 | lrm: 0.68 | dt: 4732.91ms | tok/sec: 221,549 | bf16_mfu: 48.83 | epoch: 1 pq: 21 rg: 2 | total time: 109.27m | eta: 84.0m
step 01405/02475 (56.77%) | loss: 2.495178 | lrm: 0.68 | dt: 4698.34ms | tok/sec: 223,179 | bf16_mfu: 49.19 | epoch: 1 pq: 21 rg: 3 | total time: 109.35m | eta: 83.9m
step 01406/02475 (56.81%) | loss: 2.434592 | lrm: 0.68 | dt: 4692.00ms | tok/sec: 223,481 | bf16_mfu: 49.26 | epoch: 1 pq: 21 rg: 4 | total time: 109.43m | eta: 83.8m
step 01407/02475 (56.85%) | loss: 2.363418 | lrm: 0.68 | dt: 4693.74ms | tok/sec: 223,398 | bf16_mfu: 49.24 | epoch: 1 pq: 21 rg: 5 | total time: 109.51m | eta: 83.7m
step 01408/02475 (56.89%) | loss: 2.276126 | lrm: 0.68 | dt: 4667.41ms | tok/sec: 224,659 | bf16_mfu: 49.52 | epoch: 1 pq: 21 rg: 6 | total time: 109.58m | eta: 83.6m
step 01409/02475 (56.93%) | loss: 2.204542 | lrm: 0.68 | dt: 4801.45ms | tok/sec: 218,387 | bf16_mfu: 48.14 | epoch: 1 pq: 21 rg: 7 | total time: 109.66m | eta: 83.6m
step 01410/02475 (56.97%) | loss: 2.158057 | lrm: 0.68 | dt: 4724.88ms | tok/sec: 221,926 | bf16_mfu: 48.92 | epoch: 1 pq: 21 rg: 9 | total time: 109.74m | eta: 83.5m
step 01411/02475 (57.01%) | loss: 2.145860 | lrm: 0.68 | dt: 4686.71ms | tok/sec: 223,733 | bf16_mfu: 49.32 | epoch: 1 pq: 21 rg: 10 | total time: 109.82m | eta: 83.4m
step 01412/02475 (57.05%) | loss: 2.101266 | lrm: 0.68 | dt: 4663.68ms | tok/sec: 224,838 | bf16_mfu: 49.56 | epoch: 1 pq: 21 rg: 11 | total time: 109.90m | eta: 83.3m
step 01413/02475 (57.09%) | loss: 2.046994 | lrm: 0.68 | dt: 4633.06ms | tok/sec: 226,324 | bf16_mfu: 49.89 | epoch: 1 pq: 21 rg: 12 | total time: 109.97m | eta: 83.2m
step 01414/02475 (57.13%) | loss: 1.995909 | lrm: 0.68 | dt: 4660.61ms | tok/sec: 224,986 | bf16_mfu: 49.59 | epoch: 1 pq: 21 rg: 13 | total time: 110.05m | eta: 83.2m
step 01415/02475 (57.17%) | loss: 1.980891 | lrm: 0.68 | dt: 4833.20ms | tok/sec: 216,952 | bf16_mfu: 47.82 | epoch: 1 pq: 21 rg: 14 | total time: 110.13m | eta: 83.1m
step 01416/02475 (57.21%) | loss: 1.936071 | lrm: 0.68 | dt: 4676.88ms | tok/sec: 224,204 | bf16_mfu: 49.42 | epoch: 1 pq: 21 rg: 15 | total time: 110.21m | eta: 83.0m
step 01417/02475 (57.25%) | loss: 1.926905 | lrm: 0.67 | dt: 4714.17ms | tok/sec: 222,430 | bf16_mfu: 49.03 | epoch: 1 pq: 21 rg: 16 | total time: 110.29m | eta: 82.9m
step 01418/02475 (57.29%) | loss: 1.907481 | lrm: 0.67 | dt: 4720.74ms | tok/sec: 222,120 | bf16_mfu: 48.96 | epoch: 1 pq: 21 rg: 17 | total time: 110.37m | eta: 82.9m
step 01419/02475 (57.33%) | loss: 1.909433 | lrm: 0.67 | dt: 4740.65ms | tok/sec: 221,188 | bf16_mfu: 48.76 | epoch: 1 pq: 21 rg: 18 | total time: 110.45m | eta: 82.8m
step 01420/02475 (57.37%) | loss: 1.902369 | lrm: 0.67 | dt: 4639.52ms | tok/sec: 226,009 | bf16_mfu: 49.82 | epoch: 1 pq: 21 rg: 19 | total time: 110.52m | eta: 82.7m
step 01421/02475 (57.41%) | loss: 1.848243 | lrm: 0.67 | dt: 5027.93ms | tok/sec: 208,550 | bf16_mfu: 45.97 | epoch: 1 pq: 21 rg: 21 | total time: 110.61m | eta: 82.6m
step 01422/02475 (57.45%) | loss: 1.814829 | lrm: 0.67 | dt: 4758.23ms | tok/sec: 220,370 | bf16_mfu: 48.58 | epoch: 1 pq: 21 rg: 22 | total time: 110.69m | eta: 82.5m
step 01423/02475 (57.49%) | loss: 1.800474 | lrm: 0.67 | dt: 4703.54ms | tok/sec: 222,933 | bf16_mfu: 49.14 | epoch: 1 pq: 21 rg: 23 | total time: 110.77m | eta: 82.5m
step 01424/02475 (57.54%) | loss: 1.785877 | lrm: 0.67 | dt: 4842.54ms | tok/sec: 216,534 | bf16_mfu: 47.73 | epoch: 1 pq: 21 rg: 24 | total time: 110.85m | eta: 82.4m
step 01425/02475 (57.58%) | loss: 1.768318 | lrm: 0.67 | dt: 4760.55ms | tok/sec: 220,263 | bf16_mfu: 48.55 | epoch: 1 pq: 21 rg: 25 | total time: 110.93m | eta: 82.3m
step 01426/02475 (57.62%) | loss: 1.766343 | lrm: 0.67 | dt: 4704.37ms | tok/sec: 222,894 | bf16_mfu: 49.13 | epoch: 1 pq: 21 rg: 26 | total time: 111.00m | eta: 82.2m
step 01427/02475 (57.66%) | loss: 1.755155 | lrm: 0.67 | dt: 4679.04ms | tok/sec: 224,100 | bf16_mfu: 49.40 | epoch: 1 pq: 21 rg: 27 | total time: 111.08m | eta: 82.2m
step 01428/02475 (57.70%) | loss: 1.735721 | lrm: 0.67 | dt: 4644.63ms | tok/sec: 225,760 | bf16_mfu: 49.76 | epoch: 1 pq: 21 rg: 28 | total time: 111.16m | eta: 82.1m
step 01429/02475 (57.74%) | loss: 1.691190 | lrm: 0.67 | dt: 4668.78ms | tok/sec: 224,593 | bf16_mfu: 49.51 | epoch: 1 pq: 21 rg: 29 | total time: 111.24m | eta: 82.0m
step 01430/02475 (57.78%) | loss: 1.698700 | lrm: 0.67 | dt: 4626.87ms | tok/sec: 226,627 | bf16_mfu: 49.95 | epoch: 1 pq: 21 rg: 30 | total time: 111.31m | eta: 81.9m
step 01431/02475 (57.82%) | loss: 1.704277 | lrm: 0.67 | dt: 4676.43ms | tok/sec: 224,225 | bf16_mfu: 49.42 | epoch: 1 pq: 21 rg: 31 | total time: 111.39m | eta: 81.8m
step 01432/02475 (57.86%) | loss: 1.688329 | lrm: 0.67 | dt: 4841.56ms | tok/sec: 216,578 | bf16_mfu: 47.74 | epoch: 1 pq: 21 rg: 33 | total time: 111.47m | eta: 81.8m
step 01433/02475 (57.90%) | loss: 1.691069 | lrm: 0.67 | dt: 4666.29ms | tok/sec: 224,713 | bf16_mfu: 49.53 | epoch: 1 pq: 21 rg: 34 | total time: 111.55m | eta: 81.7m
step 01434/02475 (57.94%) | loss: 1.664321 | lrm: 0.66 | dt: 4715.08ms | tok/sec: 222,387 | bf16_mfu: 49.02 | epoch: 1 pq: 21 rg: 35 | total time: 111.63m | eta: 81.6m
step 01435/02475 (57.98%) | loss: 1.650683 | lrm: 0.66 | dt: 4685.83ms | tok/sec: 223,775 | bf16_mfu: 49.33 | epoch: 1 pq: 21 rg: 36 | total time: 111.71m | eta: 81.5m
step 01436/02475 (58.02%) | loss: 1.626975 | lrm: 0.66 | dt: 4659.26ms | tok/sec: 225,052 | bf16_mfu: 49.61 | epoch: 1 pq: 21 rg: 37 | total time: 111.79m | eta: 81.4m
step 01437/02475 (58.06%) | loss: 1.660666 | lrm: 0.66 | dt: 4671.66ms | tok/sec: 224,454 | bf16_mfu: 49.48 | epoch: 1 pq: 21 rg: 38 | total time: 111.86m | eta: 81.4m
step 01438/02475 (58.10%) | loss: 1.660490 | lrm: 0.66 | dt: 4672.91ms | tok/sec: 224,394 | bf16_mfu: 49.46 | epoch: 1 pq: 21 rg: 39 | total time: 111.94m | eta: 81.3m
step 01439/02475 (58.14%) | loss: 1.673350 | lrm: 0.66 | dt: 4728.45ms | tok/sec: 221,759 | bf16_mfu: 48.88 | epoch: 1 pq: 21 rg: 40 | total time: 112.02m | eta: 81.2m
step 01440/02475 (58.18%) | loss: 1.661484 | lrm: 0.66 | dt: 4709.79ms | tok/sec: 222,637 | bf16_mfu: 49.07 | epoch: 1 pq: 21 rg: 41 | total time: 112.10m | eta: 81.1m
step 01441/02475 (58.22%) | loss: 1.649700 | lrm: 0.66 | dt: 4895.06ms | tok/sec: 214,210 | bf16_mfu: 47.22 | epoch: 1 pq: 21 rg: 42 | total time: 112.18m | eta: 81.1m
step 01442/02475 (58.26%) | loss: 1.651127 | lrm: 0.66 | dt: 4759.68ms | tok/sec: 220,304 | bf16_mfu: 48.56 | epoch: 1 pq: 21 rg: 44 | total time: 112.26m | eta: 81.0m
step 01443/02475 (58.30%) | loss: 1.659571 | lrm: 0.66 | dt: 4684.38ms | tok/sec: 223,845 | bf16_mfu: 49.34 | epoch: 1 pq: 21 rg: 45 | total time: 112.34m | eta: 80.9m
step 01444/02475 (58.34%) | loss: 1.653965 | lrm: 0.66 | dt: 4804.80ms | tok/sec: 218,234 | bf16_mfu: 48.10 | epoch: 1 pq: 21 rg: 46 | total time: 112.42m | eta: 80.8m
step 01445/02475 (58.38%) | loss: 1.645081 | lrm: 0.66 | dt: 4683.21ms | tok/sec: 223,901 | bf16_mfu: 49.35 | epoch: 1 pq: 21 rg: 47 | total time: 112.50m | eta: 80.7m
step 01446/02475 (58.42%) | loss: 1.657044 | lrm: 0.66 | dt: 4672.84ms | tok/sec: 224,397 | bf16_mfu: 49.46 | epoch: 1 pq: 21 rg: 48 | total time: 112.57m | eta: 80.7m
step 01447/02475 (58.46%) | loss: 1.642212 | lrm: 0.66 | dt: 4725.93ms | tok/sec: 221,876 | bf16_mfu: 48.91 | epoch: 1 pq: 21 rg: 49 | total time: 112.65m | eta: 80.6m
step 01448/02475 (58.51%) | loss: 1.625687 | lrm: 0.66 | dt: 4709.10ms | tok/sec: 222,670 | bf16_mfu: 49.08 | epoch: 1 pq: 21 rg: 50 | total time: 112.73m | eta: 80.5m
step 01449/02475 (58.55%) | loss: 1.631731 | lrm: 0.66 | dt: 4671.31ms | tok/sec: 224,471 | bf16_mfu: 49.48 | epoch: 1 pq: 21 rg: 51 | total time: 112.81m | eta: 80.4m
step 01450/02475 (58.59%) | loss: 1.646539 | lrm: 0.66 | dt: 4714.94ms | tok/sec: 222,394 | bf16_mfu: 49.02 | epoch: 1 pq: 21 rg: 52 | total time: 112.89m | eta: 80.4m
step 01451/02475 (58.63%) | loss: 1.666166 | lrm: 0.65 | dt: 4736.27ms | tok/sec: 221,392 | bf16_mfu: 48.80 | epoch: 1 pq: 21 rg: 53 | total time: 112.97m | eta: 80.3m
step 01452/02475 (58.67%) | loss: 1.659367 | lrm: 0.65 | dt: 4936.39ms | tok/sec: 212,417 | bf16_mfu: 46.82 | epoch: 1 pq: 21 rg: 55 | total time: 113.05m | eta: 80.2m
step 01453/02475 (58.71%) | loss: 1.663816 | lrm: 0.65 | dt: 4684.54ms | tok/sec: 223,837 | bf16_mfu: 49.34 | epoch: 1 pq: 21 rg: 56 | total time: 113.13m | eta: 80.1m
step 01454/02475 (58.75%) | loss: 1.675478 | lrm: 0.65 | dt: 4778.91ms | tok/sec: 219,417 | bf16_mfu: 48.36 | epoch: 1 pq: 21 rg: 57 | total time: 113.21m | eta: 80.0m
step 01455/02475 (58.79%) | loss: 1.663351 | lrm: 0.65 | dt: 4707.30ms | tok/sec: 222,755 | bf16_mfu: 49.10 | epoch: 1 pq: 21 rg: 58 | total time: 113.28m | eta: 80.0m
step 01456/02475 (58.83%) | loss: 1.640871 | lrm: 0.65 | dt: 4663.99ms | tok/sec: 224,823 | bf16_mfu: 49.56 | epoch: 1 pq: 21 rg: 59 | total time: 113.36m | eta: 79.9m
step 01457/02475 (58.87%) | loss: 1.636794 | lrm: 0.65 | dt: 4774.67ms | tok/sec: 219,612 | bf16_mfu: 48.41 | epoch: 1 pq: 21 rg: 60 | total time: 113.44m | eta: 79.8m
step 01458/02475 (58.91%) | loss: 1.650054 | lrm: 0.65 | dt: 4807.68ms | tok/sec: 218,104 | bf16_mfu: 48.08 | epoch: 1 pq: 21 rg: 61 | total time: 113.52m | eta: 79.7m
step 01459/02475 (58.95%) | loss: 1.657048 | lrm: 0.65 | dt: 4753.22ms | tok/sec: 220,603 | bf16_mfu: 48.63 | epoch: 1 pq: 21 rg: 62 | total time: 113.60m | eta: 79.7m
step 01460/02475 (58.99%) | loss: 1.661342 | lrm: 0.65 | dt: 4733.21ms | tok/sec: 221,536 | bf16_mfu: 48.83 | epoch: 1 pq: 21 rg: 63 | total time: 113.68m | eta: 79.6m
step 01461/02475 (59.03%) | loss: 1.664749 | lrm: 0.65 | dt: 4764.95ms | tok/sec: 220,060 | bf16_mfu: 48.51 | epoch: 1 pq: 21 rg: 64 | total time: 113.76m | eta: 79.5m
step 01462/02475 (59.07%) | loss: 1.653324 | lrm: 0.65 | dt: 4731.48ms | tok/sec: 221,616 | bf16_mfu: 48.85 | epoch: 1 pq: 21 rg: 65 | total time: 113.84m | eta: 79.4m
step 01463/02475 (59.11%) | loss: 1.642724 | lrm: 0.65 | dt: 4764.51ms | tok/sec: 220,080 | bf16_mfu: 48.51 | epoch: 1 pq: 21 rg: 67 | total time: 113.92m | eta: 79.3m
step 01464/02475 (59.15%) | loss: 1.622373 | lrm: 0.65 | dt: 4678.52ms | tok/sec: 224,125 | bf16_mfu: 49.40 | epoch: 1 pq: 21 rg: 68 | total time: 114.00m | eta: 79.3m
step 01465/02475 (59.19%) | loss: 1.634523 | lrm: 0.65 | dt: 4707.94ms | tok/sec: 222,724 | bf16_mfu: 49.09 | epoch: 1 pq: 21 rg: 69 | total time: 114.07m | eta: 79.2m
step 01466/02475 (59.23%) | loss: 1.650329 | lrm: 0.65 | dt: 4754.66ms | tok/sec: 220,536 | bf16_mfu: 48.61 | epoch: 1 pq: 21 rg: 70 | total time: 114.15m | eta: 79.1m
step 01467/02475 (59.27%) | loss: 1.639031 | lrm: 0.65 | dt: 4691.47ms | tok/sec: 223,507 | bf16_mfu: 49.27 | epoch: 1 pq: 21 rg: 71 | total time: 114.23m | eta: 79.0m
step 01468/02475 (59.31%) | loss: 1.664334 | lrm: 0.64 | dt: 4887.13ms | tok/sec: 214,558 | bf16_mfu: 47.29 | epoch: 1 pq: 21 rg: 72 | total time: 114.31m | eta: 79.0m
step 01469/02475 (59.35%) | loss: 1.648089 | lrm: 0.64 | dt: 4688.80ms | tok/sec: 223,634 | bf16_mfu: 49.29 | epoch: 1 pq: 21 rg: 73 | total time: 114.39m | eta: 78.9m
step 01470/02475 (59.39%) | loss: 1.630840 | lrm: 0.64 | dt: 4873.36ms | tok/sec: 215,164 | bf16_mfu: 47.43 | epoch: 1 pq: 21 rg: 74 | total time: 114.47m | eta: 78.8m
step 01471/02475 (59.43%) | loss: 1.647000 | lrm: 0.64 | dt: 4712.24ms | tok/sec: 222,521 | bf16_mfu: 49.05 | epoch: 1 pq: 21 rg: 75 | total time: 114.55m | eta: 78.7m
step 01472/02475 (59.47%) | loss: 1.645201 | lrm: 0.64 | dt: 4712.89ms | tok/sec: 222,491 | bf16_mfu: 49.04 | epoch: 1 pq: 21 rg: 76 | total time: 114.63m | eta: 78.6m
step 01473/02475 (59.52%) | loss: 1.659891 | lrm: 0.64 | dt: 4668.88ms | tok/sec: 224,588 | bf16_mfu: 49.50 | epoch: 1 pq: 21 rg: 77 | total time: 114.71m | eta: 78.6m
step 01474/02475 (59.56%) | loss: 1.648992 | lrm: 0.64 | dt: 4791.66ms | tok/sec: 218,833 | bf16_mfu: 48.24 | epoch: 1 pq: 21 rg: 79 | total time: 114.79m | eta: 78.5m
step 01475/02475 (59.60%) | loss: 1.687873 | lrm: 0.64 | dt: 4787.00ms | tok/sec: 219,046 | bf16_mfu: 48.28 | epoch: 1 pq: 21 rg: 80 | total time: 114.87m | eta: 78.4m
step 01476/02475 (59.64%) | loss: 1.680366 | lrm: 0.64 | dt: 4949.23ms | tok/sec: 211,866 | bf16_mfu: 46.70 | epoch: 1 pq: 21 rg: 81 | total time: 114.95m | eta: 78.3m
step 01477/02475 (59.68%) | loss: 1.683997 | lrm: 0.64 | dt: 4996.08ms | tok/sec: 209,879 | bf16_mfu: 46.26 | epoch: 1 pq: 21 rg: 82 | total time: 115.03m | eta: 78.3m
step 01478/02475 (59.72%) | loss: 1.680199 | lrm: 0.64 | dt: 4703.60ms | tok/sec: 222,930 | bf16_mfu: 49.14 | epoch: 1 pq: 21 rg: 83 | total time: 115.11m | eta: 78.2m
step 01479/02475 (59.76%) | loss: 1.663790 | lrm: 0.64 | dt: 4767.09ms | tok/sec: 219,961 | bf16_mfu: 48.48 | epoch: 1 pq: 21 rg: 84 | total time: 115.19m | eta: 78.1m
step 01480/02475 (59.80%) | loss: 1.662962 | lrm: 0.64 | dt: 4861.95ms | tok/sec: 215,669 | bf16_mfu: 47.54 | epoch: 1 pq: 21 rg: 85 | total time: 115.27m | eta: 78.0m
step 01481/02475 (59.84%) | loss: 1.647466 | lrm: 0.64 | dt: 4982.17ms | tok/sec: 210,465 | bf16_mfu: 46.39 | epoch: 1 pq: 21 rg: 86 | total time: 115.36m | eta: 77.9m
step 01482/02475 (59.88%) | loss: 1.645161 | lrm: 0.64 | dt: 4775.11ms | tok/sec: 219,591 | bf16_mfu: 48.40 | epoch: 1 pq: 21 rg: 87 | total time: 115.43m | eta: 77.9m
step 01483/02475 (59.92%) | loss: 1.658563 | lrm: 0.64 | dt: 9452.12ms | tok/sec: 110,935 | bf16_mfu: 24.45 | epoch: 1 pq: 21 rg: 88 | total time: 115.59m | eta: 77.8m
step 01484/02475 (59.96%) | loss: 1.674760 | lrm: 0.64 | dt: 4946.91ms | tok/sec: 211,965 | bf16_mfu: 46.72 | epoch: 1 pq: 21 rg: 89 | total time: 115.67m | eta: 77.8m
step 01485/02475 (60.00%) | loss: 1.665853 | lrm: 0.63 | dt: 4771.80ms | tok/sec: 219,744 | bf16_mfu: 48.44 | epoch: 1 pq: 21 rg: 91 | total time: 115.75m | eta: 77.7m
step 01486/02475 (60.04%) | loss: 1.688196 | lrm: 0.63 | dt: 4738.19ms | tok/sec: 221,303 | bf16_mfu: 48.78 | epoch: 1 pq: 21 rg: 92 | total time: 115.83m | eta: 77.6m
step 01487/02475 (60.08%) | loss: 1.671187 | lrm: 0.63 | dt: 4730.68ms | tok/sec: 221,654 | bf16_mfu: 48.86 | epoch: 1 pq: 21 rg: 93 | total time: 115.91m | eta: 77.5m
step 01488/02475 (60.12%) | loss: 1.664801 | lrm: 0.63 | dt: 4772.43ms | tok/sec: 219,715 | bf16_mfu: 48.43 | epoch: 1 pq: 21 rg: 94 | total time: 115.99m | eta: 77.5m
step 01489/02475 (60.16%) | loss: 1.672053 | lrm: 0.63 | dt: 4810.91ms | tok/sec: 217,957 | bf16_mfu: 48.04 | epoch: 1 pq: 21 rg: 95 | total time: 116.07m | eta: 77.4m
step 01490/02475 (60.20%) | loss: 1.640289 | lrm: 0.63 | dt: 4714.85ms | tok/sec: 222,398 | bf16_mfu: 49.02 | epoch: 1 pq: 21 rg: 96 | total time: 116.15m | eta: 77.3m
step 01491/02475 (60.24%) | loss: 1.653092 | lrm: 0.63 | dt: 4715.86ms | tok/sec: 222,350 | bf16_mfu: 49.01 | epoch: 1 pq: 21 rg: 97 | total time: 116.23m | eta: 77.2m
step 01492/02475 (60.28%) | loss: 1.640373 | lrm: 0.63 | dt: 4710.26ms | tok/sec: 222,615 | bf16_mfu: 49.07 | epoch: 1 pq: 21 rg: 98 | total time: 116.31m | eta: 77.1m
step 01493/02475 (60.32%) | loss: 1.620844 | lrm: 0.63 | dt: 4737.72ms | tok/sec: 221,325 | bf16_mfu: 48.79 | epoch: 1 pq: 21 rg: 99 | total time: 116.39m | eta: 77.1m
step 01494/02475 (60.36%) | loss: 1.622222 | lrm: 0.63 | dt: 4715.70ms | tok/sec: 222,358 | bf16_mfu: 49.01 | epoch: 1 pq: 21 rg: 100 | total time: 116.46m | eta: 77.0m
step 01495/02475 (60.40%) | loss: 1.621333 | lrm: 0.63 | dt: 4763.67ms | tok/sec: 220,119 | bf16_mfu: 48.52 | epoch: 1 pq: 21 rg: 102 | total time: 116.54m | eta: 76.9m
step 01496/02475 (60.44%) | loss: 1.611275 | lrm: 0.63 | dt: 4749.05ms | tok/sec: 220,796 | bf16_mfu: 48.67 | epoch: 1 pq: 22 rg: 0 | total time: 116.62m | eta: 76.8m
step 01497/02475 (60.48%) | loss: 1.626606 | lrm: 0.63 | dt: 4713.71ms | tok/sec: 222,452 | bf16_mfu: 49.03 | epoch: 1 pq: 22 rg: 1 | total time: 116.70m | eta: 76.8m
step 01498/02475 (60.53%) | loss: 1.616383 | lrm: 0.63 | dt: 4723.46ms | tok/sec: 221,993 | bf16_mfu: 48.93 | epoch: 1 pq: 22 rg: 3 | total time: 116.78m | eta: 76.7m
step 01499/02475 (60.57%) | loss: 1.595917 | lrm: 0.63 | dt: 4684.36ms | tok/sec: 223,846 | bf16_mfu: 49.34 | epoch: 1 pq: 22 rg: 4 | total time: 116.86m | eta: 76.6m
Step 01500 | Validation bpb: 0.931845
step 01500/02475 (60.61%) | loss: 1.604677 | lrm: 0.63 | dt: 4803.31ms | tok/sec: 218,302 | bf16_mfu: 48.12 | epoch: 1 pq: 22 rg: 5 | total time: 116.94m | eta: 76.5m
step 01501/02475 (60.65%) | loss: 1.592977 | lrm: 0.63 | dt: 4827.87ms | tok/sec: 217,192 | bf16_mfu: 47.87 | epoch: 1 pq: 22 rg: 6 | total time: 117.02m | eta: 76.4m
step 01502/02475 (60.69%) | loss: 1.563889 | lrm: 0.62 | dt: 4716.05ms | tok/sec: 222,342 | bf16_mfu: 49.01 | epoch: 1 pq: 22 rg: 7 | total time: 117.10m | eta: 76.4m
step 01503/02475 (60.73%) | loss: 1.587837 | lrm: 0.62 | dt: 4768.19ms | tok/sec: 219,910 | bf16_mfu: 48.47 | epoch: 1 pq: 22 rg: 8 | total time: 117.18m | eta: 76.3m
step 01504/02475 (60.77%) | loss: 1.571224 | lrm: 0.62 | dt: 4698.25ms | tok/sec: 223,184 | bf16_mfu: 49.20 | epoch: 1 pq: 22 rg: 9 | total time: 117.26m | eta: 76.2m
step 01505/02475 (60.81%) | loss: 1.546561 | lrm: 0.62 | dt: 4691.47ms | tok/sec: 223,506 | bf16_mfu: 49.27 | epoch: 1 pq: 22 rg: 10 | total time: 117.33m | eta: 76.1m
step 01506/02475 (60.85%) | loss: 1.517348 | lrm: 0.62 | dt: 4751.09ms | tok/sec: 220,701 | bf16_mfu: 48.65 | epoch: 1 pq: 22 rg: 11 | total time: 117.41m | eta: 76.1m
step 01507/02475 (60.89%) | loss: 1.527350 | lrm: 0.62 | dt: 4746.72ms | tok/sec: 220,905 | bf16_mfu: 48.69 | epoch: 1 pq: 22 rg: 12 | total time: 117.49m | eta: 76.0m
step 01508/02475 (60.93%) | loss: 1.514225 | lrm: 0.62 | dt: 4761.94ms | tok/sec: 220,199 | bf16_mfu: 48.54 | epoch: 1 pq: 22 rg: 13 | total time: 117.57m | eta: 75.9m
step 01509/02475 (60.97%) | loss: 1.505081 | lrm: 0.62 | dt: 4799.14ms | tok/sec: 218,492 | bf16_mfu: 48.16 | epoch: 1 pq: 22 rg: 15 | total time: 117.65m | eta: 75.8m
step 01510/02475 (61.01%) | loss: 1.500311 | lrm: 0.62 | dt: 4687.01ms | tok/sec: 223,719 | bf16_mfu: 49.31 | epoch: 1 pq: 22 rg: 16 | total time: 117.73m | eta: 75.7m
step 01511/02475 (61.05%) | loss: 1.491810 | lrm: 0.62 | dt: 4720.42ms | tok/sec: 222,136 | bf16_mfu: 48.96 | epoch: 1 pq: 22 rg: 17 | total time: 117.81m | eta: 75.7m
step 01512/02475 (61.09%) | loss: 1.490949 | lrm: 0.62 | dt: 4813.99ms | tok/sec: 217,818 | bf16_mfu: 48.01 | epoch: 1 pq: 22 rg: 18 | total time: 117.89m | eta: 75.6m
step 01513/02475 (61.13%) | loss: 1.489580 | lrm: 0.62 | dt: 4767.66ms | tok/sec: 219,935 | bf16_mfu: 48.48 | epoch: 1 pq: 22 rg: 19 | total time: 117.97m | eta: 75.5m
step 01514/02475 (61.17%) | loss: 1.498486 | lrm: 0.62 | dt: 4848.81ms | tok/sec: 216,254 | bf16_mfu: 47.67 | epoch: 1 pq: 22 rg: 20 | total time: 118.05m | eta: 75.4m
step 01515/02475 (61.21%) | loss: 1.511229 | lrm: 0.62 | dt: 4816.45ms | tok/sec: 217,707 | bf16_mfu: 47.99 | epoch: 1 pq: 22 rg: 21 | total time: 118.13m | eta: 75.4m
step 01516/02475 (61.25%) | loss: 1.526559 | lrm: 0.62 | dt: 4723.00ms | tok/sec: 222,015 | bf16_mfu: 48.94 | epoch: 1 pq: 22 rg: 22 | total time: 118.21m | eta: 75.3m
step 01517/02475 (61.29%) | loss: 1.539908 | lrm: 0.62 | dt: 4826.43ms | tok/sec: 217,257 | bf16_mfu: 47.89 | epoch: 1 pq: 22 rg: 23 | total time: 118.29m | eta: 75.2m
step 01518/02475 (61.33%) | loss: 1.514073 | lrm: 0.62 | dt: 4705.63ms | tok/sec: 222,834 | bf16_mfu: 49.12 | epoch: 1 pq: 22 rg: 24 | total time: 118.37m | eta: 75.1m
step 01519/02475 (61.37%) | loss: 1.512475 | lrm: 0.61 | dt: 4746.83ms | tok/sec: 220,900 | bf16_mfu: 48.69 | epoch: 1 pq: 22 rg: 25 | total time: 118.45m | eta: 75.0m
step 01520/02475 (61.41%) | loss: 1.518467 | lrm: 0.61 | dt: 4708.27ms | tok/sec: 222,709 | bf16_mfu: 49.09 | epoch: 1 pq: 22 rg: 26 | total time: 118.52m | eta: 75.0m
step 01521/02475 (61.45%) | loss: 1.545641 | lrm: 0.61 | dt: 4917.23ms | tok/sec: 213,245 | bf16_mfu: 47.00 | epoch: 1 pq: 22 rg: 28 | total time: 118.61m | eta: 74.9m
step 01522/02475 (61.49%) | loss: 1.543459 | lrm: 0.61 | dt: 4707.57ms | tok/sec: 222,742 | bf16_mfu: 49.10 | epoch: 1 pq: 22 rg: 29 | total time: 118.68m | eta: 74.8m
step 01523/02475 (61.54%) | loss: 1.572922 | lrm: 0.61 | dt: 4769.95ms | tok/sec: 219,829 | bf16_mfu: 48.46 | epoch: 1 pq: 22 rg: 30 | total time: 118.76m | eta: 74.7m
step 01524/02475 (61.58%) | loss: 1.572791 | lrm: 0.61 | dt: 4714.45ms | tok/sec: 222,417 | bf16_mfu: 49.03 | epoch: 1 pq: 22 rg: 31 | total time: 118.84m | eta: 74.6m
step 01525/02475 (61.62%) | loss: 1.597289 | lrm: 0.61 | dt: 4765.97ms | tok/sec: 220,013 | bf16_mfu: 48.50 | epoch: 1 pq: 22 rg: 32 | total time: 118.92m | eta: 74.6m
step 01526/02475 (61.66%) | loss: 1.616537 | lrm: 0.61 | dt: 4808.58ms | tok/sec: 218,063 | bf16_mfu: 48.07 | epoch: 1 pq: 22 rg: 33 | total time: 119.00m | eta: 74.5m
step 01527/02475 (61.70%) | loss: 1.603068 | lrm: 0.61 | dt: 4727.42ms | tok/sec: 221,807 | bf16_mfu: 48.89 | epoch: 1 pq: 22 rg: 34 | total time: 119.08m | eta: 74.4m
step 01528/02475 (61.74%) | loss: 1.633132 | lrm: 0.61 | dt: 4756.75ms | tok/sec: 220,439 | bf16_mfu: 48.59 | epoch: 1 pq: 22 rg: 35 | total time: 119.16m | eta: 74.3m
step 01529/02475 (61.78%) | loss: 1.628096 | lrm: 0.61 | dt: 4757.32ms | tok/sec: 220,413 | bf16_mfu: 48.58 | epoch: 1 pq: 22 rg: 36 | total time: 119.24m | eta: 74.3m
step 01530/02475 (61.82%) | loss: 1.570566 | lrm: 0.61 | dt: 4718.67ms | tok/sec: 222,218 | bf16_mfu: 48.98 | epoch: 1 pq: 22 rg: 37 | total time: 119.32m | eta: 74.2m
step 01531/02475 (61.86%) | loss: 1.566440 | lrm: 0.61 | dt: 4697.05ms | tok/sec: 223,241 | bf16_mfu: 49.21 | epoch: 1 pq: 22 rg: 38 | total time: 119.40m | eta: 74.1m
step 01532/02475 (61.90%) | loss: 1.578996 | lrm: 0.61 | dt: 4778.75ms | tok/sec: 219,424 | bf16_mfu: 48.37 | epoch: 1 pq: 22 rg: 40 | total time: 119.48m | eta: 74.0m
step 01533/02475 (61.94%) | loss: 1.569883 | lrm: 0.61 | dt: 4712.79ms | tok/sec: 222,495 | bf16_mfu: 49.04 | epoch: 1 pq: 22 rg: 41 | total time: 119.55m | eta: 73.9m
step 01534/02475 (61.98%) | loss: 1.554814 | lrm: 0.61 | dt: 4699.83ms | tok/sec: 223,109 | bf16_mfu: 49.18 | epoch: 1 pq: 22 rg: 42 | total time: 119.63m | eta: 73.9m
step 01535/02475 (62.02%) | loss: 1.533013 | lrm: 0.61 | dt: 4763.20ms | tok/sec: 220,141 | bf16_mfu: 48.52 | epoch: 1 pq: 22 rg: 43 | total time: 119.71m | eta: 73.8m
step 01536/02475 (62.06%) | loss: 1.551226 | lrm: 0.60 | dt: 4659.38ms | tok/sec: 225,046 | bf16_mfu: 49.61 | epoch: 1 pq: 22 rg: 44 | total time: 119.79m | eta: 73.7m
step 01537/02475 (62.10%) | loss: 1.555716 | lrm: 0.60 | dt: 4747.92ms | tok/sec: 220,849 | bf16_mfu: 48.68 | epoch: 1 pq: 22 rg: 45 | total time: 119.87m | eta: 73.6m
step 01538/02475 (62.14%) | loss: 1.551060 | lrm: 0.60 | dt: 4701.38ms | tok/sec: 223,035 | bf16_mfu: 49.16 | epoch: 1 pq: 22 rg: 46 | total time: 119.95m | eta: 73.6m
step 01539/02475 (62.18%) | loss: 1.562075 | lrm: 0.60 | dt: 4675.36ms | tok/sec: 224,276 | bf16_mfu: 49.44 | epoch: 1 pq: 22 rg: 47 | total time: 120.03m | eta: 73.5m
step 01540/02475 (62.22%) | loss: 1.580011 | lrm: 0.60 | dt: 4660.13ms | tok/sec: 225,010 | bf16_mfu: 49.60 | epoch: 1 pq: 22 rg: 48 | total time: 120.10m | eta: 73.4m
step 01541/02475 (62.26%) | loss: 1.574306 | lrm: 0.60 | dt: 4697.02ms | tok/sec: 223,242 | bf16_mfu: 49.21 | epoch: 1 pq: 22 rg: 49 | total time: 120.18m | eta: 73.3m
step 01542/02475 (62.30%) | loss: 1.608901 | lrm: 0.60 | dt: 4783.41ms | tok/sec: 219,210 | bf16_mfu: 48.32 | epoch: 1 pq: 22 rg: 51 | total time: 120.26m | eta: 73.2m
step 01543/02475 (62.34%) | loss: 1.610202 | lrm: 0.60 | dt: 4771.94ms | tok/sec: 219,737 | bf16_mfu: 48.44 | epoch: 1 pq: 22 rg: 52 | total time: 120.34m | eta: 73.2m
step 01544/02475 (62.38%) | loss: 1.645953 | lrm: 0.60 | dt: 4701.54ms | tok/sec: 223,027 | bf16_mfu: 49.16 | epoch: 1 pq: 22 rg: 53 | total time: 120.42m | eta: 73.1m
step 01545/02475 (62.42%) | loss: 1.649426 | lrm: 0.60 | dt: 4787.76ms | tok/sec: 219,012 | bf16_mfu: 48.28 | epoch: 1 pq: 22 rg: 54 | total time: 120.50m | eta: 73.0m
step 01546/02475 (62.46%) | loss: 1.672756 | lrm: 0.60 | dt: 4680.98ms | tok/sec: 224,007 | bf16_mfu: 49.38 | epoch: 1 pq: 22 rg: 55 | total time: 120.58m | eta: 72.9m
step 01547/02475 (62.51%) | loss: 1.657555 | lrm: 0.60 | dt: 4912.40ms | tok/sec: 213,455 | bf16_mfu: 47.05 | epoch: 1 pq: 22 rg: 56 | total time: 120.66m | eta: 72.9m
step 01548/02475 (62.55%) | loss: 1.647208 | lrm: 0.60 | dt: 4696.79ms | tok/sec: 223,253 | bf16_mfu: 49.21 | epoch: 1 pq: 22 rg: 57 | total time: 120.74m | eta: 72.8m
step 01549/02475 (62.59%) | loss: 1.673169 | lrm: 0.60 | dt: 4893.59ms | tok/sec: 214,275 | bf16_mfu: 47.23 | epoch: 1 pq: 22 rg: 58 | total time: 120.82m | eta: 72.7m
step 01550/02475 (62.63%) | loss: 1.677607 | lrm: 0.60 | dt: 4746.60ms | tok/sec: 220,911 | bf16_mfu: 48.69 | epoch: 1 pq: 22 rg: 59 | total time: 120.90m | eta: 72.6m
step 01551/02475 (62.67%) | loss: 1.676071 | lrm: 0.60 | dt: 4767.95ms | tok/sec: 219,921 | bf16_mfu: 48.48 | epoch: 1 pq: 22 rg: 60 | total time: 120.98m | eta: 72.5m
step 01552/02475 (62.71%) | loss: 1.657640 | lrm: 0.59 | dt: 4788.06ms | tok/sec: 218,997 | bf16_mfu: 48.27 | epoch: 1 pq: 22 rg: 62 | total time: 121.06m | eta: 72.5m
step 01553/02475 (62.75%) | loss: 1.677075 | lrm: 0.59 | dt: 4687.02ms | tok/sec: 223,719 | bf16_mfu: 49.31 | epoch: 1 pq: 22 rg: 63 | total time: 121.14m | eta: 72.4m
step 01554/02475 (62.79%) | loss: 1.689863 | lrm: 0.59 | dt: 4729.53ms | tok/sec: 221,708 | bf16_mfu: 48.87 | epoch: 1 pq: 22 rg: 64 | total time: 121.21m | eta: 72.3m
step 01555/02475 (62.83%) | loss: 1.683963 | lrm: 0.59 | dt: 5154.36ms | tok/sec: 203,434 | bf16_mfu: 44.84 | epoch: 1 pq: 22 rg: 65 | total time: 121.30m | eta: 72.2m
step 01556/02475 (62.87%) | loss: 1.652451 | lrm: 0.59 | dt: 4714.78ms | tok/sec: 222,401 | bf16_mfu: 49.02 | epoch: 1 pq: 22 rg: 66 | total time: 121.38m | eta: 72.2m
step 01557/02475 (62.91%) | loss: 1.656524 | lrm: 0.59 | dt: 4750.17ms | tok/sec: 220,744 | bf16_mfu: 48.66 | epoch: 1 pq: 22 rg: 67 | total time: 121.46m | eta: 72.1m
step 01558/02475 (62.95%) | loss: 1.658956 | lrm: 0.59 | dt: 4741.81ms | tok/sec: 221,133 | bf16_mfu: 48.74 | epoch: 1 pq: 22 rg: 68 | total time: 121.54m | eta: 72.0m
step 01559/02475 (62.99%) | loss: 1.642330 | lrm: 0.59 | dt: 4663.11ms | tok/sec: 224,866 | bf16_mfu: 49.57 | epoch: 1 pq: 22 rg: 69 | total time: 121.61m | eta: 71.9m
step 01560/02475 (63.03%) | loss: 1.661813 | lrm: 0.59 | dt: 4709.34ms | tok/sec: 222,659 | bf16_mfu: 49.08 | epoch: 1 pq: 22 rg: 70 | total time: 121.69m | eta: 71.8m
step 01561/02475 (63.07%) | loss: 1.645766 | lrm: 0.59 | dt: 4659.79ms | tok/sec: 225,026 | bf16_mfu: 49.60 | epoch: 1 pq: 22 rg: 71 | total time: 121.77m | eta: 71.8m
step 01562/02475 (63.11%) | loss: 1.605660 | lrm: 0.59 | dt: 4714.75ms | tok/sec: 222,403 | bf16_mfu: 49.02 | epoch: 1 pq: 22 rg: 73 | total time: 121.85m | eta: 71.7m
step 01563/02475 (63.15%) | loss: 1.603180 | lrm: 0.59 | dt: 4651.19ms | tok/sec: 225,442 | bf16_mfu: 49.69 | epoch: 1 pq: 22 rg: 74 | total time: 121.93m | eta: 71.6m
step 01564/02475 (63.19%) | loss: 1.597436 | lrm: 0.59 | dt: 4742.38ms | tok/sec: 221,107 | bf16_mfu: 48.74 | epoch: 1 pq: 22 rg: 75 | total time: 122.01m | eta: 71.5m
step 01565/02475 (63.23%) | loss: 1.575449 | lrm: 0.59 | dt: 4752.93ms | tok/sec: 220,616 | bf16_mfu: 48.63 | epoch: 1 pq: 22 rg: 76 | total time: 122.08m | eta: 71.4m
step 01566/02475 (63.27%) | loss: 1.591640 | lrm: 0.59 | dt: 4647.53ms | tok/sec: 225,620 | bf16_mfu: 49.73 | epoch: 1 pq: 22 rg: 77 | total time: 122.16m | eta: 71.4m
step 01567/02475 (63.31%) | loss: 1.608705 | lrm: 0.59 | dt: 4664.94ms | tok/sec: 224,778 | bf16_mfu: 49.55 | epoch: 1 pq: 22 rg: 78 | total time: 122.24m | eta: 71.3m
step 01568/02475 (63.35%) | loss: 1.580166 | lrm: 0.59 | dt: 4782.27ms | tok/sec: 219,263 | bf16_mfu: 48.33 | epoch: 1 pq: 22 rg: 79 | total time: 122.32m | eta: 71.2m
step 01569/02475 (63.39%) | loss: 1.585521 | lrm: 0.58 | dt: 4784.65ms | tok/sec: 219,154 | bf16_mfu: 48.31 | epoch: 1 pq: 22 rg: 80 | total time: 122.40m | eta: 71.1m
step 01570/02475 (63.43%) | loss: 1.593850 | lrm: 0.58 | dt: 4674.18ms | tok/sec: 224,333 | bf16_mfu: 49.45 | epoch: 1 pq: 22 rg: 81 | total time: 122.48m | eta: 71.1m
step 01571/02475 (63.47%) | loss: 1.585805 | lrm: 0.58 | dt: 4666.56ms | tok/sec: 224,699 | bf16_mfu: 49.53 | epoch: 1 pq: 22 rg: 82 | total time: 122.56m | eta: 71.0m
step 01572/02475 (63.52%) | loss: 1.562573 | lrm: 0.58 | dt: 4847.32ms | tok/sec: 216,320 | bf16_mfu: 47.68 | epoch: 1 pq: 22 rg: 84 | total time: 122.64m | eta: 70.9m
step 01573/02475 (63.56%) | loss: 1.582813 | lrm: 0.58 | dt: 4660.31ms | tok/sec: 225,001 | bf16_mfu: 49.60 | epoch: 1 pq: 22 rg: 85 | total time: 122.71m | eta: 70.8m
step 01574/02475 (63.60%) | loss: 1.592715 | lrm: 0.58 | dt: 4716.40ms | tok/sec: 222,325 | bf16_mfu: 49.01 | epoch: 1 pq: 22 rg: 86 | total time: 122.79m | eta: 70.7m
step 01575/02475 (63.64%) | loss: 1.579238 | lrm: 0.58 | dt: 4697.48ms | tok/sec: 223,220 | bf16_mfu: 49.20 | epoch: 1 pq: 22 rg: 87 | total time: 122.87m | eta: 70.7m
step 01576/02475 (63.68%) | loss: 1.588583 | lrm: 0.58 | dt: 4687.19ms | tok/sec: 223,710 | bf16_mfu: 49.31 | epoch: 1 pq: 22 rg: 88 | total time: 122.95m | eta: 70.6m
step 01577/02475 (63.72%) | loss: 1.592492 | lrm: 0.58 | dt: 4735.59ms | tok/sec: 221,424 | bf16_mfu: 48.81 | epoch: 1 pq: 22 rg: 89 | total time: 123.03m | eta: 70.5m
step 01578/02475 (63.76%) | loss: 1.584203 | lrm: 0.58 | dt: 4631.93ms | tok/sec: 226,380 | bf16_mfu: 49.90 | epoch: 1 pq: 22 rg: 90 | total time: 123.10m | eta: 70.4m
step 01579/02475 (63.80%) | loss: 1.570430 | lrm: 0.58 | dt: 4690.29ms | tok/sec: 223,562 | bf16_mfu: 49.28 | epoch: 1 pq: 22 rg: 91 | total time: 123.18m | eta: 70.3m
step 01580/02475 (63.84%) | loss: 1.588630 | lrm: 0.58 | dt: 4644.19ms | tok/sec: 225,782 | bf16_mfu: 49.77 | epoch: 1 pq: 22 rg: 92 | total time: 123.26m | eta: 70.3m
step 01581/02475 (63.88%) | loss: 1.600229 | lrm: 0.58 | dt: 4894.73ms | tok/sec: 214,225 | bf16_mfu: 47.22 | epoch: 1 pq: 22 rg: 93 | total time: 123.34m | eta: 70.2m
step 01582/02475 (63.92%) | loss: 1.578463 | lrm: 0.58 | dt: 4782.30ms | tok/sec: 219,262 | bf16_mfu: 48.33 | epoch: 1 pq: 22 rg: 95 | total time: 123.42m | eta: 70.1m
step 01583/02475 (63.96%) | loss: 1.593148 | lrm: 0.58 | dt: 4771.89ms | tok/sec: 219,740 | bf16_mfu: 48.44 | epoch: 1 pq: 22 rg: 96 | total time: 123.50m | eta: 70.0m
step 01584/02475 (64.00%) | loss: 1.576356 | lrm: 0.58 | dt: 4663.16ms | tok/sec: 224,863 | bf16_mfu: 49.57 | epoch: 1 pq: 22 rg: 97 | total time: 123.58m | eta: 70.0m
step 01585/02475 (64.04%) | loss: 1.593653 | lrm: 0.58 | dt: 4670.57ms | tok/sec: 224,507 | bf16_mfu: 49.49 | epoch: 1 pq: 22 rg: 98 | total time: 123.66m | eta: 69.9m
step 01586/02475 (64.08%) | loss: 1.598980 | lrm: 0.57 | dt: 4632.71ms | tok/sec: 226,341 | bf16_mfu: 49.89 | epoch: 1 pq: 22 rg: 99 | total time: 123.73m | eta: 69.8m
step 01587/02475 (64.12%) | loss: 1.599372 | lrm: 0.57 | dt: 4683.45ms | tok/sec: 223,889 | bf16_mfu: 49.35 | epoch: 1 pq: 22 rg: 100 | total time: 123.81m | eta: 69.7m
step 01588/02475 (64.16%) | loss: 1.602844 | lrm: 0.57 | dt: 4646.32ms | tok/sec: 225,679 | bf16_mfu: 49.75 | epoch: 1 pq: 22 rg: 101 | total time: 123.89m | eta: 69.6m
step 01589/02475 (64.20%) | loss: 1.740464 | lrm: 0.57 | dt: 4623.40ms | tok/sec: 226,797 | bf16_mfu: 49.99 | epoch: 1 pq: 23 rg: 1 | total time: 123.97m | eta: 69.6m
step 01590/02475 (64.24%) | loss: 1.848305 | lrm: 0.57 | dt: 4592.85ms | tok/sec: 228,306 | bf16_mfu: 50.32 | epoch: 1 pq: 23 rg: 2 | total time: 124.04m | eta: 69.5m
step 01591/02475 (64.28%) | loss: 1.958400 | lrm: 0.57 | dt: 4634.24ms | tok/sec: 226,267 | bf16_mfu: 49.87 | epoch: 1 pq: 23 rg: 4 | total time: 124.12m | eta: 69.4m
step 01592/02475 (64.32%) | loss: 2.074548 | lrm: 0.57 | dt: 4661.40ms | tok/sec: 224,948 | bf16_mfu: 49.58 | epoch: 1 pq: 23 rg: 6 | total time: 124.20m | eta: 69.3m
step 01593/02475 (64.36%) | loss: 2.178795 | lrm: 0.57 | dt: 4613.96ms | tok/sec: 227,261 | bf16_mfu: 50.09 | epoch: 1 pq: 23 rg: 8 | total time: 124.27m | eta: 69.2m
step 01594/02475 (64.40%) | loss: 2.252400 | lrm: 0.57 | dt: 4632.54ms | tok/sec: 226,349 | bf16_mfu: 49.89 | epoch: 1 pq: 23 rg: 10 | total time: 124.35m | eta: 69.2m
step 01595/02475 (64.44%) | loss: 2.339511 | lrm: 0.57 | dt: 4614.95ms | tok/sec: 227,212 | bf16_mfu: 50.08 | epoch: 1 pq: 23 rg: 12 | total time: 124.43m | eta: 69.1m
step 01596/02475 (64.48%) | loss: 2.387840 | lrm: 0.57 | dt: 4605.00ms | tok/sec: 227,703 | bf16_mfu: 50.19 | epoch: 1 pq: 23 rg: 14 | total time: 124.51m | eta: 69.0m
step 01597/02475 (64.53%) | loss: 2.440151 | lrm: 0.57 | dt: 4608.12ms | tok/sec: 227,549 | bf16_mfu: 50.16 | epoch: 1 pq: 23 rg: 16 | total time: 124.58m | eta: 68.9m
step 01598/02475 (64.57%) | loss: 2.482715 | lrm: 0.57 | dt: 4620.05ms | tok/sec: 226,961 | bf16_mfu: 50.03 | epoch: 1 pq: 23 rg: 18 | total time: 124.66m | eta: 68.8m
step 01599/02475 (64.61%) | loss: 2.549936 | lrm: 0.57 | dt: 4601.21ms | tok/sec: 227,891 | bf16_mfu: 50.23 | epoch: 1 pq: 23 rg: 20 | total time: 124.74m | eta: 68.8m
step 01600/02475 (64.65%) | loss: 2.594736 | lrm: 0.57 | dt: 4647.79ms | tok/sec: 225,607 | bf16_mfu: 49.73 | epoch: 1 pq: 23 rg: 22 | total time: 124.81m | eta: 68.7m
step 01601/02475 (64.69%) | loss: 2.616025 | lrm: 0.57 | dt: 4642.79ms | tok/sec: 225,850 | bf16_mfu: 49.78 | epoch: 1 pq: 23 rg: 24 | total time: 124.89m | eta: 68.6m
step 01602/02475 (64.73%) | loss: 2.638765 | lrm: 0.57 | dt: 4631.07ms | tok/sec: 226,422 | bf16_mfu: 49.91 | epoch: 1 pq: 23 rg: 26 | total time: 124.97m | eta: 68.5m
step 01603/02475 (64.77%) | loss: 2.653659 | lrm: 0.56 | dt: 4862.54ms | tok/sec: 215,643 | bf16_mfu: 47.53 | epoch: 1 pq: 23 rg: 28 | total time: 125.05m | eta: 68.5m
step 01604/02475 (64.81%) | loss: 2.687963 | lrm: 0.56 | dt: 4602.88ms | tok/sec: 227,808 | bf16_mfu: 50.21 | epoch: 1 pq: 23 rg: 30 | total time: 125.13m | eta: 68.4m
step 01605/02475 (64.85%) | loss: 2.724519 | lrm: 0.56 | dt: 4601.06ms | tok/sec: 227,898 | bf16_mfu: 50.23 | epoch: 1 pq: 23 rg: 31 | total time: 125.20m | eta: 68.3m
step 01606/02475 (64.89%) | loss: 2.757919 | lrm: 0.56 | dt: 4618.47ms | tok/sec: 227,039 | bf16_mfu: 50.05 | epoch: 1 pq: 23 rg: 33 | total time: 125.28m | eta: 68.2m
step 01607/02475 (64.93%) | loss: 2.768314 | lrm: 0.56 | dt: 4601.48ms | tok/sec: 227,877 | bf16_mfu: 50.23 | epoch: 1 pq: 23 rg: 35 | total time: 125.36m | eta: 68.1m
step 01608/02475 (64.97%) | loss: 2.803819 | lrm: 0.56 | dt: 4611.45ms | tok/sec: 227,385 | bf16_mfu: 50.12 | epoch: 1 pq: 23 rg: 37 | total time: 125.43m | eta: 68.1m
step 01609/02475 (65.01%) | loss: 2.815423 | lrm: 0.56 | dt: 4605.42ms | tok/sec: 227,682 | bf16_mfu: 50.19 | epoch: 1 pq: 23 rg: 39 | total time: 125.51m | eta: 68.0m
step 01610/02475 (65.05%) | loss: 2.839711 | lrm: 0.56 | dt: 4716.66ms | tok/sec: 222,313 | bf16_mfu: 49.00 | epoch: 1 pq: 23 rg: 41 | total time: 125.59m | eta: 67.9m
step 01611/02475 (65.09%) | loss: 2.866503 | lrm: 0.56 | dt: 4609.74ms | tok/sec: 227,469 | bf16_mfu: 50.14 | epoch: 1 pq: 23 rg: 43 | total time: 125.67m | eta: 67.8m
step 01612/02475 (65.13%) | loss: 2.876984 | lrm: 0.56 | dt: 4614.49ms | tok/sec: 227,235 | bf16_mfu: 50.09 | epoch: 1 pq: 23 rg: 45 | total time: 125.74m | eta: 67.7m
step 01613/02475 (65.17%) | loss: 2.875158 | lrm: 0.56 | dt: 4603.01ms | tok/sec: 227,802 | bf16_mfu: 50.21 | epoch: 1 pq: 23 rg: 47 | total time: 125.82m | eta: 67.7m
step 01614/02475 (65.21%) | loss: 2.854874 | lrm: 0.56 | dt: 4616.80ms | tok/sec: 227,121 | bf16_mfu: 50.06 | epoch: 1 pq: 23 rg: 49 | total time: 125.90m | eta: 67.6m
step 01615/02475 (65.25%) | loss: 2.856676 | lrm: 0.56 | dt: 4607.31ms | tok/sec: 227,589 | bf16_mfu: 50.17 | epoch: 1 pq: 23 rg: 51 | total time: 125.97m | eta: 67.5m
step 01616/02475 (65.29%) | loss: 2.853766 | lrm: 0.56 | dt: 4665.08ms | tok/sec: 224,771 | bf16_mfu: 49.55 | epoch: 1 pq: 23 rg: 53 | total time: 126.05m | eta: 67.4m
step 01617/02475 (65.33%) | loss: 2.841147 | lrm: 0.56 | dt: 4641.09ms | tok/sec: 225,933 | bf16_mfu: 49.80 | epoch: 1 pq: 23 rg: 55 | total time: 126.13m | eta: 67.3m
step 01618/02475 (65.37%) | loss: 2.847210 | lrm: 0.56 | dt: 4624.21ms | tok/sec: 226,758 | bf16_mfu: 49.98 | epoch: 1 pq: 23 rg: 57 | total time: 126.21m | eta: 67.3m
step 01619/02475 (65.41%) | loss: 2.876627 | lrm: 0.56 | dt: 4618.17ms | tok/sec: 227,054 | bf16_mfu: 50.05 | epoch: 1 pq: 23 rg: 59 | total time: 126.28m | eta: 67.2m
step 01620/02475 (65.45%) | loss: 2.894672 | lrm: 0.55 | dt: 4629.56ms | tok/sec: 226,495 | bf16_mfu: 49.93 | epoch: 1 pq: 23 rg: 61 | total time: 126.36m | eta: 67.1m
step 01621/02475 (65.49%) | loss: 2.902255 | lrm: 0.55 | dt: 4604.74ms | tok/sec: 227,716 | bf16_mfu: 50.19 | epoch: 1 pq: 23 rg: 62 | total time: 126.44m | eta: 67.0m
step 01622/02475 (65.54%) | loss: 2.925575 | lrm: 0.55 | dt: 4630.18ms | tok/sec: 226,465 | bf16_mfu: 49.92 | epoch: 1 pq: 23 rg: 64 | total time: 126.51m | eta: 66.9m
step 01623/02475 (65.58%) | loss: 2.927915 | lrm: 0.55 | dt: 4628.15ms | tok/sec: 226,564 | bf16_mfu: 49.94 | epoch: 1 pq: 23 rg: 66 | total time: 126.59m | eta: 66.9m
step 01624/02475 (65.62%) | loss: 2.944308 | lrm: 0.55 | dt: 4627.26ms | tok/sec: 226,608 | bf16_mfu: 49.95 | epoch: 1 pq: 23 rg: 68 | total time: 126.67m | eta: 66.8m
step 01625/02475 (65.66%) | loss: 2.953247 | lrm: 0.55 | dt: 4757.19ms | tok/sec: 220,419 | bf16_mfu: 48.59 | epoch: 1 pq: 23 rg: 70 | total time: 126.75m | eta: 66.7m
step 01626/02475 (65.70%) | loss: 2.938000 | lrm: 0.55 | dt: 4640.29ms | tok/sec: 225,972 | bf16_mfu: 49.81 | epoch: 1 pq: 23 rg: 72 | total time: 126.82m | eta: 66.6m
step 01627/02475 (65.74%) | loss: 2.941798 | lrm: 0.55 | dt: 4676.18ms | tok/sec: 224,237 | bf16_mfu: 49.43 | epoch: 1 pq: 23 rg: 74 | total time: 126.90m | eta: 66.6m
step 01628/02475 (65.78%) | loss: 2.926696 | lrm: 0.55 | dt: 4638.68ms | tok/sec: 226,050 | bf16_mfu: 49.83 | epoch: 1 pq: 23 rg: 76 | total time: 126.98m | eta: 66.5m
step 01629/02475 (65.82%) | loss: 2.933021 | lrm: 0.55 | dt: 4600.84ms | tok/sec: 227,909 | bf16_mfu: 50.24 | epoch: 1 pq: 23 rg: 78 | total time: 127.06m | eta: 66.4m
step 01630/02475 (65.86%) | loss: 2.930724 | lrm: 0.55 | dt: 4608.67ms | tok/sec: 227,522 | bf16_mfu: 50.15 | epoch: 1 pq: 23 rg: 80 | total time: 127.13m | eta: 66.3m
step 01631/02475 (65.90%) | loss: 2.939455 | lrm: 0.55 | dt: 4614.17ms | tok/sec: 227,251 | bf16_mfu: 50.09 | epoch: 1 pq: 24 rg: 0 | total time: 127.21m | eta: 66.2m
step 01632/02475 (65.94%) | loss: 2.932685 | lrm: 0.55 | dt: 4716.57ms | tok/sec: 222,317 | bf16_mfu: 49.00 | epoch: 1 pq: 24 rg: 2 | total time: 127.29m | eta: 66.2m
step 01633/02475 (65.98%) | loss: 2.920772 | lrm: 0.55 | dt: 4626.72ms | tok/sec: 226,634 | bf16_mfu: 49.96 | epoch: 1 pq: 24 rg: 4 | total time: 127.37m | eta: 66.1m
step 01634/02475 (66.02%) | loss: 2.911512 | lrm: 0.55 | dt: 4625.31ms | tok/sec: 226,703 | bf16_mfu: 49.97 | epoch: 1 pq: 24 rg: 6 | total time: 127.44m | eta: 66.0m
step 01635/02475 (66.06%) | loss: 2.898880 | lrm: 0.55 | dt: 4628.37ms | tok/sec: 226,554 | bf16_mfu: 49.94 | epoch: 1 pq: 24 rg: 8 | total time: 127.52m | eta: 65.9m
step 01636/02475 (66.10%) | loss: 2.904319 | lrm: 0.55 | dt: 4606.80ms | tok/sec: 227,615 | bf16_mfu: 50.17 | epoch: 1 pq: 24 rg: 9 | total time: 127.60m | eta: 65.8m
step 01637/02475 (66.14%) | loss: 2.902841 | lrm: 0.54 | dt: 4650.94ms | tok/sec: 225,454 | bf16_mfu: 49.70 | epoch: 1 pq: 24 rg: 11 | total time: 127.67m | eta: 65.8m
step 01638/02475 (66.18%) | loss: 2.907545 | lrm: 0.54 | dt: 4618.68ms | tok/sec: 227,029 | bf16_mfu: 50.04 | epoch: 1 pq: 24 rg: 13 | total time: 127.75m | eta: 65.7m
step 01639/02475 (66.22%) | loss: 2.911482 | lrm: 0.54 | dt: 4621.89ms | tok/sec: 226,871 | bf16_mfu: 50.01 | epoch: 1 pq: 24 rg: 15 | total time: 127.83m | eta: 65.6m
step 01640/02475 (66.26%) | loss: 2.911016 | lrm: 0.54 | dt: 4626.43ms | tok/sec: 226,648 | bf16_mfu: 49.96 | epoch: 1 pq: 24 rg: 17 | total time: 127.90m | eta: 65.5m
step 01641/02475 (66.30%) | loss: 2.904618 | lrm: 0.54 | dt: 4656.38ms | tok/sec: 225,191 | bf16_mfu: 49.64 | epoch: 1 pq: 24 rg: 19 | total time: 127.98m | eta: 65.4m
step 01642/02475 (66.34%) | loss: 2.894399 | lrm: 0.54 | dt: 4718.30ms | tok/sec: 222,236 | bf16_mfu: 48.99 | epoch: 1 pq: 24 rg: 21 | total time: 128.06m | eta: 65.4m
step 01643/02475 (66.38%) | loss: 2.895632 | lrm: 0.54 | dt: 4661.26ms | tok/sec: 224,955 | bf16_mfu: 49.59 | epoch: 1 pq: 24 rg: 23 | total time: 128.14m | eta: 65.3m
step 01644/02475 (66.42%) | loss: 2.892687 | lrm: 0.54 | dt: 4655.15ms | tok/sec: 225,250 | bf16_mfu: 49.65 | epoch: 1 pq: 24 rg: 25 | total time: 128.22m | eta: 65.2m
step 01645/02475 (66.46%) | loss: 2.890663 | lrm: 0.54 | dt: 4671.17ms | tok/sec: 224,478 | bf16_mfu: 49.48 | epoch: 1 pq: 24 rg: 27 | total time: 128.29m | eta: 65.1m
step 01646/02475 (66.51%) | loss: 2.887320 | lrm: 0.54 | dt: 4809.81ms | tok/sec: 218,007 | bf16_mfu: 48.05 | epoch: 1 pq: 24 rg: 29 | total time: 128.37m | eta: 65.1m
step 01647/02475 (66.55%) | loss: 2.889225 | lrm: 0.54 | dt: 4632.16ms | tok/sec: 226,368 | bf16_mfu: 49.90 | epoch: 1 pq: 24 rg: 31 | total time: 128.45m | eta: 65.0m
step 01648/02475 (66.59%) | loss: 2.897335 | lrm: 0.54 | dt: 4673.67ms | tok/sec: 224,358 | bf16_mfu: 49.45 | epoch: 1 pq: 24 rg: 33 | total time: 128.53m | eta: 64.9m
step 01649/02475 (66.63%) | loss: 2.918267 | lrm: 0.54 | dt: 4664.49ms | tok/sec: 224,799 | bf16_mfu: 49.55 | epoch: 1 pq: 24 rg: 35 | total time: 128.61m | eta: 64.8m
step 01650/02475 (66.67%) | loss: 2.918452 | lrm: 0.54 | dt: 4647.64ms | tok/sec: 225,614 | bf16_mfu: 49.73 | epoch: 1 pq: 24 rg: 37 | total time: 128.68m | eta: 64.7m
step 01651/02475 (66.71%) | loss: 2.916267 | lrm: 0.54 | dt: 4649.96ms | tok/sec: 225,502 | bf16_mfu: 49.71 | epoch: 1 pq: 24 rg: 38 | total time: 128.76m | eta: 64.7m
step 01652/02475 (66.75%) | loss: 2.926088 | lrm: 0.54 | dt: 4632.31ms | tok/sec: 226,361 | bf16_mfu: 49.90 | epoch: 1 pq: 24 rg: 40 | total time: 128.84m | eta: 64.6m
step 01653/02475 (66.79%) | loss: 2.930435 | lrm: 0.54 | dt: 4645.64ms | tok/sec: 225,711 | bf16_mfu: 49.75 | epoch: 1 pq: 24 rg: 42 | total time: 128.92m | eta: 64.5m
step 01654/02475 (66.83%) | loss: 2.932190 | lrm: 0.53 | dt: 4659.45ms | tok/sec: 225,042 | bf16_mfu: 49.60 | epoch: 1 pq: 24 rg: 44 | total time: 128.99m | eta: 64.4m
step 01655/02475 (66.87%) | loss: 2.928430 | lrm: 0.53 | dt: 4739.81ms | tok/sec: 221,227 | bf16_mfu: 48.76 | epoch: 1 pq: 24 rg: 46 | total time: 129.07m | eta: 64.3m
step 01656/02475 (66.91%) | loss: 2.927414 | lrm: 0.53 | dt: 4649.31ms | tok/sec: 225,533 | bf16_mfu: 49.71 | epoch: 1 pq: 24 rg: 48 | total time: 129.15m | eta: 64.3m
step 01657/02475 (66.95%) | loss: 2.915903 | lrm: 0.53 | dt: 4662.31ms | tok/sec: 224,904 | bf16_mfu: 49.57 | epoch: 1 pq: 24 rg: 50 | total time: 129.23m | eta: 64.2m
step 01658/02475 (66.99%) | loss: 2.917408 | lrm: 0.53 | dt: 4651.60ms | tok/sec: 225,422 | bf16_mfu: 49.69 | epoch: 1 pq: 24 rg: 52 | total time: 129.31m | eta: 64.1m
step 01659/02475 (67.03%) | loss: 2.909742 | lrm: 0.53 | dt: 4636.69ms | tok/sec: 226,147 | bf16_mfu: 49.85 | epoch: 1 pq: 24 rg: 54 | total time: 129.38m | eta: 64.0m
step 01660/02475 (67.07%) | loss: 2.904923 | lrm: 0.53 | dt: 4638.61ms | tok/sec: 226,053 | bf16_mfu: 49.83 | epoch: 1 pq: 24 rg: 56 | total time: 129.46m | eta: 63.9m
step 01661/02475 (67.11%) | loss: 2.902906 | lrm: 0.53 | dt: 4647.82ms | tok/sec: 225,606 | bf16_mfu: 49.73 | epoch: 1 pq: 24 rg: 58 | total time: 129.54m | eta: 63.9m
step 01662/02475 (67.15%) | loss: 2.890337 | lrm: 0.53 | dt: 4626.37ms | tok/sec: 226,652 | bf16_mfu: 49.96 | epoch: 1 pq: 24 rg: 60 | total time: 129.62m | eta: 63.8m
step 01663/02475 (67.19%) | loss: 2.888858 | lrm: 0.53 | dt: 4658.36ms | tok/sec: 225,095 | bf16_mfu: 49.62 | epoch: 1 pq: 24 rg: 62 | total time: 129.69m | eta: 63.7m
step 01664/02475 (67.23%) | loss: 2.886177 | lrm: 0.53 | dt: 4648.84ms | tok/sec: 225,556 | bf16_mfu: 49.72 | epoch: 1 pq: 24 rg: 64 | total time: 129.77m | eta: 63.6m
step 01665/02475 (67.27%) | loss: 2.872109 | lrm: 0.53 | dt: 4622.49ms | tok/sec: 226,842 | bf16_mfu: 50.00 | epoch: 1 pq: 24 rg: 66 | total time: 129.85m | eta: 63.6m
step 01666/02475 (67.31%) | loss: 2.874421 | lrm: 0.53 | dt: 4724.79ms | tok/sec: 221,930 | bf16_mfu: 48.92 | epoch: 1 pq: 24 rg: 68 | total time: 129.93m | eta: 63.5m
step 01667/02475 (67.35%) | loss: 2.855446 | lrm: 0.53 | dt: 4712.41ms | tok/sec: 222,513 | bf16_mfu: 49.05 | epoch: 1 pq: 24 rg: 70 | total time: 130.00m | eta: 63.4m
step 01668/02475 (67.39%) | loss: 2.852347 | lrm: 0.53 | dt: 4667.31ms | tok/sec: 224,663 | bf16_mfu: 49.52 | epoch: 1 pq: 24 rg: 72 | total time: 130.08m | eta: 63.3m
step 01669/02475 (67.43%) | loss: 2.841377 | lrm: 0.53 | dt: 4649.52ms | tok/sec: 225,523 | bf16_mfu: 49.71 | epoch: 1 pq: 24 rg: 74 | total time: 130.16m | eta: 63.2m
step 01670/02475 (67.47%) | loss: 2.847700 | lrm: 0.53 | dt: 4648.44ms | tok/sec: 225,575 | bf16_mfu: 49.72 | epoch: 1 pq: 24 rg: 75 | total time: 130.24m | eta: 63.2m
step 01671/02475 (67.52%) | loss: 2.841408 | lrm: 0.52 | dt: 4639.34ms | tok/sec: 226,018 | bf16_mfu: 49.82 | epoch: 1 pq: 24 rg: 77 | total time: 130.31m | eta: 63.1m
step 01672/02475 (67.56%) | loss: 2.841987 | lrm: 0.52 | dt: 4662.58ms | tok/sec: 224,891 | bf16_mfu: 49.57 | epoch: 1 pq: 24 rg: 79 | total time: 130.39m | eta: 63.0m
step 01673/02475 (67.60%) | loss: 2.852292 | lrm: 0.52 | dt: 4646.94ms | tok/sec: 225,648 | bf16_mfu: 49.74 | epoch: 1 pq: 24 rg: 81 | total time: 130.47m | eta: 62.9m
step 01674/02475 (67.64%) | loss: 2.743036 | lrm: 0.52 | dt: 4700.49ms | tok/sec: 223,078 | bf16_mfu: 49.17 | epoch: 1 pq: 25 rg: 0 | total time: 130.55m | eta: 62.8m
step 01675/02475 (67.68%) | loss: 2.654117 | lrm: 0.52 | dt: 4718.39ms | tok/sec: 222,231 | bf16_mfu: 48.99 | epoch: 1 pq: 25 rg: 1 | total time: 130.63m | eta: 62.8m
step 01676/02475 (67.72%) | loss: 2.536379 | lrm: 0.52 | dt: 4825.48ms | tok/sec: 217,299 | bf16_mfu: 47.90 | epoch: 1 pq: 25 rg: 3 | total time: 130.71m | eta: 62.7m
step 01677/02475 (67.76%) | loss: 2.435895 | lrm: 0.52 | dt: 4721.69ms | tok/sec: 222,076 | bf16_mfu: 48.95 | epoch: 1 pq: 25 rg: 4 | total time: 130.79m | eta: 62.6m
step 01678/02475 (67.80%) | loss: 2.367394 | lrm: 0.52 | dt: 4735.35ms | tok/sec: 221,435 | bf16_mfu: 48.81 | epoch: 1 pq: 25 rg: 5 | total time: 130.87m | eta: 62.5m
step 01679/02475 (67.84%) | loss: 2.302776 | lrm: 0.52 | dt: 4713.12ms | tok/sec: 222,480 | bf16_mfu: 49.04 | epoch: 1 pq: 25 rg: 6 | total time: 130.94m | eta: 62.5m
step 01680/02475 (67.88%) | loss: 2.233569 | lrm: 0.52 | dt: 4785.60ms | tok/sec: 219,110 | bf16_mfu: 48.30 | epoch: 1 pq: 25 rg: 7 | total time: 131.02m | eta: 62.4m
step 01681/02475 (67.92%) | loss: 2.174058 | lrm: 0.52 | dt: 4700.50ms | tok/sec: 223,077 | bf16_mfu: 49.17 | epoch: 1 pq: 25 rg: 8 | total time: 131.10m | eta: 62.3m
step 01682/02475 (67.96%) | loss: 2.142115 | lrm: 0.52 | dt: 4915.69ms | tok/sec: 213,312 | bf16_mfu: 47.02 | epoch: 1 pq: 25 rg: 9 | total time: 131.18m | eta: 62.2m
step 01683/02475 (68.00%) | loss: 2.088639 | lrm: 0.52 | dt: 4739.92ms | tok/sec: 221,222 | bf16_mfu: 48.76 | epoch: 1 pq: 25 rg: 10 | total time: 131.26m | eta: 62.1m
step 01684/02475 (68.04%) | loss: 2.033017 | lrm: 0.52 | dt: 4731.17ms | tok/sec: 221,631 | bf16_mfu: 48.85 | epoch: 1 pq: 25 rg: 11 | total time: 131.34m | eta: 62.1m
step 01685/02475 (68.08%) | loss: 2.003301 | lrm: 0.52 | dt: 4783.44ms | tok/sec: 219,209 | bf16_mfu: 48.32 | epoch: 1 pq: 25 rg: 12 | total time: 131.42m | eta: 62.0m
step 01686/02475 (68.12%) | loss: 1.944312 | lrm: 0.52 | dt: 4860.23ms | tok/sec: 215,746 | bf16_mfu: 47.56 | epoch: 1 pq: 25 rg: 14 | total time: 131.50m | eta: 61.9m
step 01687/02475 (68.16%) | loss: 1.879599 | lrm: 0.52 | dt: 4681.09ms | tok/sec: 224,002 | bf16_mfu: 49.38 | epoch: 1 pq: 25 rg: 15 | total time: 131.58m | eta: 61.8m
step 01688/02475 (68.20%) | loss: 1.852025 | lrm: 0.51 | dt: 4790.46ms | tok/sec: 218,888 | bf16_mfu: 48.25 | epoch: 1 pq: 25 rg: 16 | total time: 131.66m | eta: 61.8m
step 01689/02475 (68.24%) | loss: 1.829273 | lrm: 0.51 | dt: 4786.20ms | tok/sec: 219,083 | bf16_mfu: 48.29 | epoch: 1 pq: 25 rg: 17 | total time: 131.74m | eta: 61.7m
step 01690/02475 (68.28%) | loss: 1.796873 | lrm: 0.51 | dt: 4757.84ms | tok/sec: 220,388 | bf16_mfu: 48.58 | epoch: 1 pq: 25 rg: 18 | total time: 131.82m | eta: 61.6m
step 01691/02475 (68.32%) | loss: 1.780586 | lrm: 0.51 | dt: 4772.68ms | tok/sec: 219,703 | bf16_mfu: 48.43 | epoch: 1 pq: 25 rg: 19 | total time: 131.90m | eta: 61.5m
step 01692/02475 (68.36%) | loss: 1.783728 | lrm: 0.51 | dt: 4716.29ms | tok/sec: 222,330 | bf16_mfu: 49.01 | epoch: 1 pq: 25 rg: 20 | total time: 131.98m | eta: 61.4m
step 01693/02475 (68.40%) | loss: 1.782740 | lrm: 0.51 | dt: 4728.00ms | tok/sec: 221,779 | bf16_mfu: 48.89 | epoch: 1 pq: 25 rg: 21 | total time: 132.06m | eta: 61.4m
step 01694/02475 (68.44%) | loss: 1.791521 | lrm: 0.51 | dt: 4725.57ms | tok/sec: 221,894 | bf16_mfu: 48.91 | epoch: 1 pq: 25 rg: 22 | total time: 132.13m | eta: 61.3m
step 01695/02475 (68.48%) | loss: 1.780445 | lrm: 0.51 | dt: 4738.66ms | tok/sec: 221,280 | bf16_mfu: 48.78 | epoch: 1 pq: 25 rg: 23 | total time: 132.21m | eta: 61.2m
step 01696/02475 (68.53%) | loss: 1.745863 | lrm: 0.51 | dt: 4793.44ms | tok/sec: 218,752 | bf16_mfu: 48.22 | epoch: 1 pq: 25 rg: 25 | total time: 132.29m | eta: 61.1m
step 01697/02475 (68.57%) | loss: 1.685642 | lrm: 0.51 | dt: 4674.19ms | tok/sec: 224,333 | bf16_mfu: 49.45 | epoch: 1 pq: 25 rg: 26 | total time: 132.37m | eta: 61.0m
step 01698/02475 (68.61%) | loss: 1.679663 | lrm: 0.51 | dt: 4745.08ms | tok/sec: 220,981 | bf16_mfu: 48.71 | epoch: 1 pq: 25 rg: 27 | total time: 132.45m | eta: 61.0m
step 01699/02475 (68.65%) | loss: 1.657300 | lrm: 0.51 | dt: 4716.08ms | tok/sec: 222,340 | bf16_mfu: 49.01 | epoch: 1 pq: 25 rg: 28 | total time: 132.53m | eta: 60.9m
step 01700/02475 (68.69%) | loss: 1.644366 | lrm: 0.51 | dt: 4772.30ms | tok/sec: 219,721 | bf16_mfu: 48.43 | epoch: 1 pq: 25 rg: 29 | total time: 132.61m | eta: 60.8m
step 01701/02475 (68.73%) | loss: 1.632702 | lrm: 0.51 | dt: 4669.19ms | tok/sec: 224,573 | bf16_mfu: 49.50 | epoch: 1 pq: 25 rg: 30 | total time: 132.69m | eta: 60.7m
step 01702/02475 (68.77%) | loss: 1.629782 | lrm: 0.51 | dt: 4694.66ms | tok/sec: 223,355 | bf16_mfu: 49.23 | epoch: 1 pq: 25 rg: 31 | total time: 132.77m | eta: 60.7m
step 01703/02475 (68.81%) | loss: 1.619380 | lrm: 0.51 | dt: 4715.19ms | tok/sec: 222,382 | bf16_mfu: 49.02 | epoch: 1 pq: 25 rg: 32 | total time: 132.84m | eta: 60.6m
step 01704/02475 (68.85%) | loss: 1.620210 | lrm: 0.51 | dt: 4644.83ms | tok/sec: 225,751 | bf16_mfu: 49.76 | epoch: 1 pq: 25 rg: 33 | total time: 132.92m | eta: 60.5m
step 01705/02475 (68.89%) | loss: 1.596159 | lrm: 0.50 | dt: 4698.75ms | tok/sec: 223,160 | bf16_mfu: 49.19 | epoch: 1 pq: 25 rg: 34 | total time: 133.00m | eta: 60.4m
step 01706/02475 (68.93%) | loss: 1.577526 | lrm: 0.50 | dt: 4721.53ms | tok/sec: 222,083 | bf16_mfu: 48.95 | epoch: 1 pq: 25 rg: 36 | total time: 133.08m | eta: 60.3m
step 01707/02475 (68.97%) | loss: 1.559753 | lrm: 0.50 | dt: 4663.35ms | tok/sec: 224,854 | bf16_mfu: 49.56 | epoch: 1 pq: 25 rg: 37 | total time: 133.16m | eta: 60.3m
step 01708/02475 (69.01%) | loss: 1.566411 | lrm: 0.50 | dt: 4757.60ms | tok/sec: 220,400 | bf16_mfu: 48.58 | epoch: 1 pq: 25 rg: 38 | total time: 133.24m | eta: 60.2m
step 01709/02475 (69.05%) | loss: 1.576786 | lrm: 0.50 | dt: 4663.68ms | tok/sec: 224,838 | bf16_mfu: 49.56 | epoch: 1 pq: 25 rg: 39 | total time: 133.31m | eta: 60.1m
step 01710/02475 (69.09%) | loss: 1.575989 | lrm: 0.50 | dt: 4797.53ms | tok/sec: 218,565 | bf16_mfu: 48.18 | epoch: 1 pq: 25 rg: 40 | total time: 133.39m | eta: 60.0m
step 01711/02475 (69.13%) | loss: 1.550215 | lrm: 0.50 | dt: 4656.39ms | tok/sec: 225,190 | bf16_mfu: 49.64 | epoch: 1 pq: 25 rg: 41 | total time: 133.47m | eta: 59.9m
step 01712/02475 (69.17%) | loss: 1.554022 | lrm: 0.50 | dt: 4687.17ms | tok/sec: 223,712 | bf16_mfu: 49.31 | epoch: 1 pq: 25 rg: 42 | total time: 133.55m | eta: 59.9m
step 01713/02475 (69.21%) | loss: 1.562894 | lrm: 0.50 | dt: 4701.00ms | tok/sec: 223,053 | bf16_mfu: 49.17 | epoch: 1 pq: 25 rg: 43 | total time: 133.63m | eta: 59.8m
step 01714/02475 (69.25%) | loss: 1.564762 | lrm: 0.50 | dt: 4768.32ms | tok/sec: 219,904 | bf16_mfu: 48.47 | epoch: 1 pq: 25 rg: 44 | total time: 133.71m | eta: 59.7m
step 01715/02475 (69.29%) | loss: 1.546821 | lrm: 0.50 | dt: 4804.98ms | tok/sec: 218,227 | bf16_mfu: 48.10 | epoch: 1 pq: 25 rg: 45 | total time: 133.79m | eta: 59.6m
step 01716/02475 (69.33%) | loss: 1.543262 | lrm: 0.50 | dt: 4715.19ms | tok/sec: 222,382 | bf16_mfu: 49.02 | epoch: 1 pq: 25 rg: 46 | total time: 133.86m | eta: 59.6m
step 01717/02475 (69.37%) | loss: 1.534494 | lrm: 0.50 | dt: 4698.21ms | tok/sec: 223,186 | bf16_mfu: 49.20 | epoch: 1 pq: 25 rg: 48 | total time: 133.94m | eta: 59.5m
step 01718/02475 (69.41%) | loss: 1.546588 | lrm: 0.50 | dt: 5018.52ms | tok/sec: 208,941 | bf16_mfu: 46.06 | epoch: 1 pq: 25 rg: 49 | total time: 134.03m | eta: 59.4m
step 01719/02475 (69.45%) | loss: 1.525296 | lrm: 0.50 | dt: 4773.16ms | tok/sec: 219,681 | bf16_mfu: 48.42 | epoch: 1 pq: 25 rg: 50 | total time: 134.11m | eta: 59.3m
step 01720/02475 (69.49%) | loss: 1.524683 | lrm: 0.50 | dt: 4709.96ms | tok/sec: 222,629 | bf16_mfu: 49.07 | epoch: 1 pq: 25 rg: 51 | total time: 134.18m | eta: 59.2m
step 01721/02475 (69.54%) | loss: 1.517351 | lrm: 0.50 | dt: 4730.46ms | tok/sec: 221,664 | bf16_mfu: 48.86 | epoch: 1 pq: 25 rg: 52 | total time: 134.26m | eta: 59.2m
step 01722/02475 (69.58%) | loss: 1.518820 | lrm: 0.49 | dt: 4684.72ms | tok/sec: 223,828 | bf16_mfu: 49.34 | epoch: 1 pq: 25 rg: 53 | total time: 134.34m | eta: 59.1m
step 01723/02475 (69.62%) | loss: 1.521127 | lrm: 0.49 | dt: 4669.73ms | tok/sec: 224,547 | bf16_mfu: 49.50 | epoch: 1 pq: 25 rg: 54 | total time: 134.42m | eta: 59.0m
step 01724/02475 (69.66%) | loss: 1.520289 | lrm: 0.49 | dt: 4638.33ms | tok/sec: 226,067 | bf16_mfu: 49.83 | epoch: 1 pq: 25 rg: 55 | total time: 134.50m | eta: 58.9m
step 01725/02475 (69.70%) | loss: 1.527669 | lrm: 0.49 | dt: 4613.78ms | tok/sec: 227,270 | bf16_mfu: 50.10 | epoch: 1 pq: 25 rg: 56 | total time: 134.57m | eta: 58.9m
step 01726/02475 (69.74%) | loss: 1.545666 | lrm: 0.49 | dt: 4617.10ms | tok/sec: 227,107 | bf16_mfu: 50.06 | epoch: 1 pq: 25 rg: 57 | total time: 134.65m | eta: 58.8m
step 01727/02475 (69.78%) | loss: 1.572894 | lrm: 0.49 | dt: 4668.27ms | tok/sec: 224,617 | bf16_mfu: 49.51 | epoch: 1 pq: 25 rg: 58 | total time: 134.73m | eta: 58.7m
step 01728/02475 (69.82%) | loss: 1.578330 | lrm: 0.49 | dt: 4708.12ms | tok/sec: 222,716 | bf16_mfu: 49.09 | epoch: 1 pq: 25 rg: 59 | total time: 134.81m | eta: 58.6m
step 01729/02475 (69.86%) | loss: 1.571976 | lrm: 0.49 | dt: 4886.86ms | tok/sec: 214,570 | bf16_mfu: 47.30 | epoch: 1 pq: 25 rg: 61 | total time: 134.89m | eta: 58.5m
step 01730/02475 (69.90%) | loss: 1.571388 | lrm: 0.49 | dt: 4687.95ms | tok/sec: 223,674 | bf16_mfu: 49.30 | epoch: 1 pq: 25 rg: 62 | total time: 134.97m | eta: 58.5m
step 01731/02475 (69.94%) | loss: 1.534263 | lrm: 0.49 | dt: 4769.54ms | tok/sec: 219,848 | bf16_mfu: 48.46 | epoch: 1 pq: 25 rg: 63 | total time: 135.05m | eta: 58.4m
step 01732/02475 (69.98%) | loss: 1.482870 | lrm: 0.49 | dt: 4700.19ms | tok/sec: 223,092 | bf16_mfu: 49.17 | epoch: 1 pq: 25 rg: 64 | total time: 135.12m | eta: 58.3m
step 01733/02475 (70.02%) | loss: 1.509101 | lrm: 0.49 | dt: 4634.94ms | tok/sec: 226,233 | bf16_mfu: 49.87 | epoch: 1 pq: 25 rg: 65 | total time: 135.20m | eta: 58.2m
step 01734/02475 (70.06%) | loss: 1.512430 | lrm: 0.49 | dt: 4657.76ms | tok/sec: 225,124 | bf16_mfu: 49.62 | epoch: 1 pq: 25 rg: 66 | total time: 135.28m | eta: 58.1m
step 01735/02475 (70.10%) | loss: 1.534649 | lrm: 0.49 | dt: 4684.95ms | tok/sec: 223,817 | bf16_mfu: 49.33 | epoch: 1 pq: 25 rg: 67 | total time: 135.36m | eta: 58.1m
step 01736/02475 (70.14%) | loss: 1.534957 | lrm: 0.49 | dt: 4625.78ms | tok/sec: 226,680 | bf16_mfu: 49.97 | epoch: 1 pq: 25 rg: 68 | total time: 135.43m | eta: 58.0m
step 01737/02475 (70.18%) | loss: 1.523644 | lrm: 0.49 | dt: 4664.39ms | tok/sec: 224,804 | bf16_mfu: 49.55 | epoch: 1 pq: 25 rg: 69 | total time: 135.51m | eta: 57.9m
step 01738/02475 (70.22%) | loss: 1.522240 | lrm: 0.49 | dt: 4641.93ms | tok/sec: 225,892 | bf16_mfu: 49.79 | epoch: 1 pq: 25 rg: 70 | total time: 135.59m | eta: 57.8m
step 01739/02475 (70.26%) | loss: 1.507872 | lrm: 0.48 | dt: 4664.06ms | tok/sec: 224,820 | bf16_mfu: 49.56 | epoch: 1 pq: 25 rg: 71 | total time: 135.67m | eta: 57.8m
step 01740/02475 (70.30%) | loss: 1.495775 | lrm: 0.48 | dt: 4722.11ms | tok/sec: 222,056 | bf16_mfu: 48.95 | epoch: 1 pq: 25 rg: 73 | total time: 135.75m | eta: 57.7m
step 01741/02475 (70.34%) | loss: 1.477715 | lrm: 0.48 | dt: 4642.85ms | tok/sec: 225,847 | bf16_mfu: 49.78 | epoch: 1 pq: 25 rg: 74 | total time: 135.82m | eta: 57.6m
step 01742/02475 (70.38%) | loss: 1.524686 | lrm: 0.48 | dt: 4683.60ms | tok/sec: 223,882 | bf16_mfu: 49.35 | epoch: 1 pq: 25 rg: 75 | total time: 135.90m | eta: 57.5m
step 01743/02475 (70.42%) | loss: 1.544208 | lrm: 0.48 | dt: 4635.78ms | tok/sec: 226,192 | bf16_mfu: 49.86 | epoch: 1 pq: 25 rg: 76 | total time: 135.98m | eta: 57.4m
step 01744/02475 (70.46%) | loss: 1.554600 | lrm: 0.48 | dt: 4682.81ms | tok/sec: 223,920 | bf16_mfu: 49.36 | epoch: 1 pq: 25 rg: 77 | total time: 136.06m | eta: 57.4m
step 01745/02475 (70.51%) | loss: 1.562759 | lrm: 0.48 | dt: 4677.00ms | tok/sec: 224,198 | bf16_mfu: 49.42 | epoch: 1 pq: 25 rg: 78 | total time: 136.13m | eta: 57.3m
step 01746/02475 (70.55%) | loss: 1.549554 | lrm: 0.48 | dt: 4791.55ms | tok/sec: 218,838 | bf16_mfu: 48.24 | epoch: 1 pq: 25 rg: 79 | total time: 136.21m | eta: 57.2m
step 01747/02475 (70.59%) | loss: 1.570551 | lrm: 0.48 | dt: 4630.77ms | tok/sec: 226,436 | bf16_mfu: 49.91 | epoch: 1 pq: 25 rg: 80 | total time: 136.29m | eta: 57.1m
step 01748/02475 (70.63%) | loss: 1.591787 | lrm: 0.48 | dt: 4712.12ms | tok/sec: 222,527 | bf16_mfu: 49.05 | epoch: 1 pq: 25 rg: 81 | total time: 136.37m | eta: 57.0m
step 01749/02475 (70.67%) | loss: 1.596481 | lrm: 0.48 | dt: 4676.08ms | tok/sec: 224,242 | bf16_mfu: 49.43 | epoch: 1 pq: 25 rg: 82 | total time: 136.45m | eta: 57.0m
Step 01750 | Validation bpb: 0.901779
step 01750/02475 (70.71%) | loss: 1.626866 | lrm: 0.48 | dt: 4716.83ms | tok/sec: 222,305 | bf16_mfu: 49.00 | epoch: 1 pq: 25 rg: 84 | total time: 136.53m | eta: 56.9m
step 01751/02475 (70.75%) | loss: 1.624190 | lrm: 0.48 | dt: 4685.75ms | tok/sec: 223,779 | bf16_mfu: 49.33 | epoch: 1 pq: 25 rg: 85 | total time: 136.61m | eta: 56.8m
step 01752/02475 (70.79%) | loss: 1.621936 | lrm: 0.48 | dt: 4765.23ms | tok/sec: 220,047 | bf16_mfu: 48.50 | epoch: 1 pq: 25 rg: 86 | total time: 136.68m | eta: 56.7m
step 01753/02475 (70.83%) | loss: 1.621656 | lrm: 0.48 | dt: 4805.89ms | tok/sec: 218,185 | bf16_mfu: 48.09 | epoch: 1 pq: 25 rg: 87 | total time: 136.76m | eta: 56.7m
step 01754/02475 (70.87%) | loss: 1.602262 | lrm: 0.48 | dt: 4686.09ms | tok/sec: 223,763 | bf16_mfu: 49.32 | epoch: 1 pq: 25 rg: 88 | total time: 136.84m | eta: 56.6m
step 01755/02475 (70.91%) | loss: 1.620618 | lrm: 0.48 | dt: 4725.73ms | tok/sec: 221,886 | bf16_mfu: 48.91 | epoch: 1 pq: 25 rg: 89 | total time: 136.92m | eta: 56.5m
step 01756/02475 (70.95%) | loss: 1.633503 | lrm: 0.47 | dt: 4679.57ms | tok/sec: 224,075 | bf16_mfu: 49.39 | epoch: 1 pq: 25 rg: 90 | total time: 137.00m | eta: 56.4m
step 01757/02475 (70.99%) | loss: 1.619395 | lrm: 0.47 | dt: 4671.29ms | tok/sec: 224,472 | bf16_mfu: 49.48 | epoch: 1 pq: 25 rg: 91 | total time: 137.08m | eta: 56.3m
step 01758/02475 (71.03%) | loss: 1.613001 | lrm: 0.47 | dt: 4671.07ms | tok/sec: 224,483 | bf16_mfu: 49.48 | epoch: 1 pq: 25 rg: 92 | total time: 137.16m | eta: 56.3m
step 01759/02475 (71.07%) | loss: 1.607365 | lrm: 0.47 | dt: 4782.59ms | tok/sec: 219,248 | bf16_mfu: 48.33 | epoch: 1 pq: 25 rg: 93 | total time: 137.23m | eta: 56.2m
step 01760/02475 (71.11%) | loss: 1.622905 | lrm: 0.47 | dt: 4676.36ms | tok/sec: 224,229 | bf16_mfu: 49.43 | epoch: 1 pq: 25 rg: 94 | total time: 137.31m | eta: 56.1m
step 01761/02475 (71.15%) | loss: 1.633333 | lrm: 0.47 | dt: 4725.83ms | tok/sec: 221,881 | bf16_mfu: 48.91 | epoch: 1 pq: 25 rg: 96 | total time: 137.39m | eta: 56.0m
step 01762/02475 (71.19%) | loss: 1.592475 | lrm: 0.47 | dt: 4689.50ms | tok/sec: 223,600 | bf16_mfu: 49.29 | epoch: 1 pq: 25 rg: 97 | total time: 137.47m | eta: 55.9m
step 01763/02475 (71.23%) | loss: 1.615773 | lrm: 0.47 | dt: 4731.31ms | tok/sec: 221,624 | bf16_mfu: 48.85 | epoch: 1 pq: 25 rg: 98 | total time: 137.55m | eta: 55.9m
step 01764/02475 (71.27%) | loss: 1.617697 | lrm: 0.47 | dt: 4674.85ms | tok/sec: 224,301 | bf16_mfu: 49.44 | epoch: 1 pq: 25 rg: 99 | total time: 137.63m | eta: 55.8m
step 01765/02475 (71.31%) | loss: 1.626823 | lrm: 0.47 | dt: 4656.17ms | tok/sec: 225,201 | bf16_mfu: 49.64 | epoch: 1 pq: 25 rg: 100 | total time: 137.70m | eta: 55.7m
step 01766/02475 (71.35%) | loss: 1.610948 | lrm: 0.47 | dt: 4691.90ms | tok/sec: 223,486 | bf16_mfu: 49.26 | epoch: 1 pq: 25 rg: 101 | total time: 137.78m | eta: 55.6m
step 01767/02475 (71.39%) | loss: 1.599209 | lrm: 0.47 | dt: 4714.12ms | tok/sec: 222,433 | bf16_mfu: 49.03 | epoch: 1 pq: 26 rg: 0 | total time: 137.86m | eta: 55.6m
step 01768/02475 (71.43%) | loss: 1.585634 | lrm: 0.47 | dt: 4658.60ms | tok/sec: 225,084 | bf16_mfu: 49.61 | epoch: 1 pq: 26 rg: 1 | total time: 137.94m | eta: 55.5m
step 01769/02475 (71.47%) | loss: 1.585942 | lrm: 0.47 | dt: 4722.18ms | tok/sec: 222,053 | bf16_mfu: 48.95 | epoch: 1 pq: 26 rg: 2 | total time: 138.02m | eta: 55.4m
step 01770/02475 (71.52%) | loss: 1.587497 | lrm: 0.47 | dt: 4759.85ms | tok/sec: 220,295 | bf16_mfu: 48.56 | epoch: 1 pq: 26 rg: 3 | total time: 138.10m | eta: 55.3m
step 01771/02475 (71.56%) | loss: 1.592114 | lrm: 0.47 | dt: 4653.76ms | tok/sec: 225,317 | bf16_mfu: 49.67 | epoch: 1 pq: 26 rg: 4 | total time: 138.17m | eta: 55.2m
step 01772/02475 (71.60%) | loss: 1.589894 | lrm: 0.47 | dt: 4699.74ms | tok/sec: 223,113 | bf16_mfu: 49.18 | epoch: 1 pq: 26 rg: 5 | total time: 138.25m | eta: 55.2m
step 01773/02475 (71.64%) | loss: 1.574364 | lrm: 0.46 | dt: 4791.72ms | tok/sec: 218,830 | bf16_mfu: 48.24 | epoch: 1 pq: 26 rg: 6 | total time: 138.33m | eta: 55.1m
step 01774/02475 (71.68%) | loss: 1.585362 | lrm: 0.46 | dt: 4748.61ms | tok/sec: 220,817 | bf16_mfu: 48.67 | epoch: 1 pq: 26 rg: 8 | total time: 138.41m | eta: 55.0m
step 01775/02475 (71.72%) | loss: 1.569986 | lrm: 0.46 | dt: 4666.80ms | tok/sec: 224,688 | bf16_mfu: 49.53 | epoch: 1 pq: 26 rg: 9 | total time: 138.49m | eta: 54.9m
step 01776/02475 (71.76%) | loss: 1.570812 | lrm: 0.46 | dt: 4671.80ms | tok/sec: 224,448 | bf16_mfu: 49.47 | epoch: 1 pq: 26 rg: 10 | total time: 138.57m | eta: 54.8m
step 01777/02475 (71.80%) | loss: 1.554362 | lrm: 0.46 | dt: 4794.78ms | tok/sec: 218,691 | bf16_mfu: 48.20 | epoch: 1 pq: 26 rg: 11 | total time: 138.65m | eta: 54.8m
step 01778/02475 (71.84%) | loss: 1.564652 | lrm: 0.46 | dt: 4690.83ms | tok/sec: 223,537 | bf16_mfu: 49.27 | epoch: 1 pq: 26 rg: 12 | total time: 138.73m | eta: 54.7m
step 01779/02475 (71.88%) | loss: 1.565529 | lrm: 0.46 | dt: 4698.94ms | tok/sec: 223,151 | bf16_mfu: 49.19 | epoch: 1 pq: 26 rg: 13 | total time: 138.80m | eta: 54.6m
step 01780/02475 (71.92%) | loss: 1.555503 | lrm: 0.46 | dt: 4673.72ms | tok/sec: 224,355 | bf16_mfu: 49.45 | epoch: 1 pq: 26 rg: 14 | total time: 138.88m | eta: 54.5m
step 01781/02475 (71.96%) | loss: 1.567301 | lrm: 0.46 | dt: 4720.19ms | tok/sec: 222,146 | bf16_mfu: 48.97 | epoch: 1 pq: 26 rg: 15 | total time: 138.96m | eta: 54.5m
step 01782/02475 (72.00%) | loss: 1.540490 | lrm: 0.46 | dt: 4744.56ms | tok/sec: 221,005 | bf16_mfu: 48.72 | epoch: 1 pq: 26 rg: 16 | total time: 139.04m | eta: 54.4m
step 01783/02475 (72.04%) | loss: 1.547643 | lrm: 0.46 | dt: 4694.08ms | tok/sec: 223,382 | bf16_mfu: 49.24 | epoch: 1 pq: 26 rg: 17 | total time: 139.12m | eta: 54.3m
step 01784/02475 (72.08%) | loss: 1.546307 | lrm: 0.46 | dt: 4707.75ms | tok/sec: 222,734 | bf16_mfu: 49.10 | epoch: 1 pq: 26 rg: 19 | total time: 139.20m | eta: 54.2m
step 01785/02475 (72.12%) | loss: 1.541424 | lrm: 0.46 | dt: 4786.15ms | tok/sec: 219,085 | bf16_mfu: 48.29 | epoch: 1 pq: 26 rg: 20 | total time: 139.28m | eta: 54.1m
step 01786/02475 (72.16%) | loss: 1.541042 | lrm: 0.46 | dt: 4663.91ms | tok/sec: 224,827 | bf16_mfu: 49.56 | epoch: 1 pq: 26 rg: 21 | total time: 139.35m | eta: 54.1m
step 01787/02475 (72.20%) | loss: 1.526387 | lrm: 0.46 | dt: 4684.00ms | tok/sec: 223,863 | bf16_mfu: 49.34 | epoch: 1 pq: 26 rg: 22 | total time: 139.43m | eta: 54.0m
step 01788/02475 (72.24%) | loss: 1.521042 | lrm: 0.46 | dt: 4685.25ms | tok/sec: 223,803 | bf16_mfu: 49.33 | epoch: 1 pq: 26 rg: 23 | total time: 139.51m | eta: 53.9m
step 01789/02475 (72.28%) | loss: 1.532249 | lrm: 0.46 | dt: 4702.08ms | tok/sec: 223,002 | bf16_mfu: 49.16 | epoch: 1 pq: 26 rg: 24 | total time: 139.59m | eta: 53.8m
step 01790/02475 (72.32%) | loss: 1.526161 | lrm: 0.45 | dt: 4695.48ms | tok/sec: 223,315 | bf16_mfu: 49.22 | epoch: 1 pq: 26 rg: 25 | total time: 139.67m | eta: 53.7m
step 01791/02475 (72.36%) | loss: 1.527649 | lrm: 0.45 | dt: 4838.08ms | tok/sec: 216,733 | bf16_mfu: 47.77 | epoch: 1 pq: 26 rg: 26 | total time: 139.75m | eta: 53.7m
step 01792/02475 (72.40%) | loss: 1.528054 | lrm: 0.45 | dt: 4717.69ms | tok/sec: 222,264 | bf16_mfu: 48.99 | epoch: 1 pq: 26 rg: 27 | total time: 139.83m | eta: 53.6m
step 01793/02475 (72.44%) | loss: 1.533869 | lrm: 0.45 | dt: 4702.12ms | tok/sec: 223,000 | bf16_mfu: 49.15 | epoch: 1 pq: 26 rg: 28 | total time: 139.90m | eta: 53.5m
step 01794/02475 (72.48%) | loss: 1.546041 | lrm: 0.45 | dt: 4680.52ms | tok/sec: 224,029 | bf16_mfu: 49.38 | epoch: 1 pq: 26 rg: 30 | total time: 139.98m | eta: 53.4m
step 01795/02475 (72.53%) | loss: 1.521893 | lrm: 0.45 | dt: 4646.65ms | tok/sec: 225,662 | bf16_mfu: 49.74 | epoch: 1 pq: 26 rg: 31 | total time: 140.06m | eta: 53.4m
step 01796/02475 (72.57%) | loss: 1.523467 | lrm: 0.45 | dt: 4692.45ms | tok/sec: 223,460 | bf16_mfu: 49.26 | epoch: 1 pq: 26 rg: 32 | total time: 140.14m | eta: 53.3m
step 01797/02475 (72.61%) | loss: 1.565700 | lrm: 0.45 | dt: 4837.33ms | tok/sec: 216,767 | bf16_mfu: 47.78 | epoch: 1 pq: 26 rg: 33 | total time: 140.22m | eta: 53.2m
step 01798/02475 (72.65%) | loss: 1.566154 | lrm: 0.45 | dt: 4678.93ms | tok/sec: 224,105 | bf16_mfu: 49.40 | epoch: 1 pq: 26 rg: 34 | total time: 140.30m | eta: 53.1m
step 01799/02475 (72.69%) | loss: 1.572370 | lrm: 0.45 | dt: 4670.51ms | tok/sec: 224,510 | bf16_mfu: 49.49 | epoch: 1 pq: 26 rg: 35 | total time: 140.37m | eta: 53.0m
step 01800/02475 (72.73%) | loss: 1.561028 | lrm: 0.45 | dt: 4719.53ms | tok/sec: 222,177 | bf16_mfu: 48.97 | epoch: 1 pq: 26 rg: 36 | total time: 140.45m | eta: 53.0m
step 01801/02475 (72.77%) | loss: 1.563617 | lrm: 0.45 | dt: 4666.38ms | tok/sec: 224,708 | bf16_mfu: 49.53 | epoch: 1 pq: 26 rg: 37 | total time: 140.53m | eta: 52.9m
step 01802/02475 (72.81%) | loss: 1.583328 | lrm: 0.45 | dt: 4716.73ms | tok/sec: 222,309 | bf16_mfu: 49.00 | epoch: 1 pq: 26 rg: 38 | total time: 140.61m | eta: 52.8m
step 01803/02475 (72.85%) | loss: 1.596695 | lrm: 0.45 | dt: 4793.32ms | tok/sec: 218,757 | bf16_mfu: 48.22 | epoch: 1 pq: 26 rg: 39 | total time: 140.69m | eta: 52.7m
step 01804/02475 (72.89%) | loss: 1.592133 | lrm: 0.45 | dt: 4694.33ms | tok/sec: 223,370 | bf16_mfu: 49.24 | epoch: 1 pq: 26 rg: 40 | total time: 140.77m | eta: 52.7m
step 01805/02475 (72.93%) | loss: 1.604947 | lrm: 0.45 | dt: 4700.19ms | tok/sec: 223,092 | bf16_mfu: 49.17 | epoch: 1 pq: 26 rg: 41 | total time: 140.85m | eta: 52.6m
step 01806/02475 (72.97%) | loss: 1.581236 | lrm: 0.44 | dt: 4723.27ms | tok/sec: 222,001 | bf16_mfu: 48.93 | epoch: 1 pq: 26 rg: 43 | total time: 140.92m | eta: 52.5m
step 01807/02475 (73.01%) | loss: 1.581497 | lrm: 0.44 | dt: 4685.94ms | tok/sec: 223,770 | bf16_mfu: 49.32 | epoch: 1 pq: 26 rg: 44 | total time: 141.00m | eta: 52.4m
step 01808/02475 (73.05%) | loss: 1.589325 | lrm: 0.44 | dt: 4769.77ms | tok/sec: 219,838 | bf16_mfu: 48.46 | epoch: 1 pq: 26 rg: 45 | total time: 141.08m | eta: 52.3m
step 01809/02475 (73.09%) | loss: 1.607302 | lrm: 0.44 | dt: 4728.36ms | tok/sec: 221,763 | bf16_mfu: 48.88 | epoch: 1 pq: 26 rg: 46 | total time: 141.16m | eta: 52.3m
step 01810/02475 (73.13%) | loss: 1.607996 | lrm: 0.44 | dt: 4849.35ms | tok/sec: 216,230 | bf16_mfu: 47.66 | epoch: 1 pq: 26 rg: 47 | total time: 141.24m | eta: 52.2m
step 01811/02475 (73.17%) | loss: 1.601463 | lrm: 0.44 | dt: 4648.40ms | tok/sec: 225,577 | bf16_mfu: 49.72 | epoch: 1 pq: 26 rg: 48 | total time: 141.32m | eta: 52.1m
step 01812/02475 (73.21%) | loss: 1.590093 | lrm: 0.44 | dt: 4643.20ms | tok/sec: 225,830 | bf16_mfu: 49.78 | epoch: 1 pq: 26 rg: 49 | total time: 141.40m | eta: 52.0m
step 01813/02475 (73.25%) | loss: 1.584652 | lrm: 0.44 | dt: 4707.26ms | tok/sec: 222,757 | bf16_mfu: 49.10 | epoch: 1 pq: 26 rg: 50 | total time: 141.47m | eta: 51.9m
step 01814/02475 (73.29%) | loss: 1.563929 | lrm: 0.44 | dt: 4742.83ms | tok/sec: 221,086 | bf16_mfu: 48.73 | epoch: 1 pq: 26 rg: 51 | total time: 141.55m | eta: 51.9m
step 01815/02475 (73.33%) | loss: 1.548117 | lrm: 0.44 | dt: 4714.92ms | tok/sec: 222,395 | bf16_mfu: 49.02 | epoch: 1 pq: 26 rg: 52 | total time: 141.63m | eta: 51.8m
step 01816/02475 (73.37%) | loss: 1.537787 | lrm: 0.44 | dt: 4818.00ms | tok/sec: 217,637 | bf16_mfu: 47.97 | epoch: 1 pq: 26 rg: 53 | total time: 141.71m | eta: 51.7m
step 01817/02475 (73.41%) | loss: 1.559278 | lrm: 0.44 | dt: 4688.28ms | tok/sec: 223,658 | bf16_mfu: 49.30 | epoch: 1 pq: 26 rg: 55 | total time: 141.79m | eta: 51.6m
step 01818/02475 (73.45%) | loss: 1.554469 | lrm: 0.44 | dt: 4680.57ms | tok/sec: 224,027 | bf16_mfu: 49.38 | epoch: 1 pq: 26 rg: 56 | total time: 141.87m | eta: 51.6m
step 01819/02475 (73.49%) | loss: 1.582032 | lrm: 0.44 | dt: 4713.69ms | tok/sec: 222,453 | bf16_mfu: 49.03 | epoch: 1 pq: 26 rg: 57 | total time: 141.95m | eta: 51.5m
step 01820/02475 (73.54%) | loss: 1.603967 | lrm: 0.44 | dt: 4700.90ms | tok/sec: 223,058 | bf16_mfu: 49.17 | epoch: 1 pq: 26 rg: 58 | total time: 142.03m | eta: 51.4m
step 01821/02475 (73.58%) | loss: 1.611695 | lrm: 0.44 | dt: 4759.31ms | tok/sec: 220,320 | bf16_mfu: 48.56 | epoch: 1 pq: 26 rg: 59 | total time: 142.10m | eta: 51.3m
step 01822/02475 (73.62%) | loss: 1.593880 | lrm: 0.44 | dt: 4637.61ms | tok/sec: 226,102 | bf16_mfu: 49.84 | epoch: 1 pq: 26 rg: 60 | total time: 142.18m | eta: 51.2m
step 01823/02475 (73.66%) | loss: 1.587315 | lrm: 0.43 | dt: 4689.61ms | tok/sec: 223,595 | bf16_mfu: 49.29 | epoch: 1 pq: 26 rg: 61 | total time: 142.26m | eta: 51.2m
step 01824/02475 (73.70%) | loss: 1.591519 | lrm: 0.43 | dt: 4807.69ms | tok/sec: 218,103 | bf16_mfu: 48.08 | epoch: 1 pq: 26 rg: 62 | total time: 142.34m | eta: 51.1m
step 01825/02475 (73.74%) | loss: 1.619307 | lrm: 0.43 | dt: 4691.63ms | tok/sec: 223,499 | bf16_mfu: 49.26 | epoch: 1 pq: 26 rg: 63 | total time: 142.42m | eta: 51.0m
step 01826/02475 (73.78%) | loss: 1.622724 | lrm: 0.43 | dt: 4840.48ms | tok/sec: 216,626 | bf16_mfu: 47.75 | epoch: 1 pq: 26 rg: 64 | total time: 142.50m | eta: 50.9m
step 01827/02475 (73.82%) | loss: 1.623773 | lrm: 0.43 | dt: 4686.91ms | tok/sec: 223,724 | bf16_mfu: 49.31 | epoch: 1 pq: 26 rg: 66 | total time: 142.58m | eta: 50.8m
step 01828/02475 (73.86%) | loss: 1.621979 | lrm: 0.43 | dt: 4708.96ms | tok/sec: 222,676 | bf16_mfu: 49.08 | epoch: 1 pq: 26 rg: 67 | total time: 142.66m | eta: 50.8m
step 01829/02475 (73.90%) | loss: 1.615537 | lrm: 0.43 | dt: 4696.55ms | tok/sec: 223,265 | bf16_mfu: 49.21 | epoch: 1 pq: 26 rg: 68 | total time: 142.73m | eta: 50.7m
step 01830/02475 (73.94%) | loss: 1.654982 | lrm: 0.43 | dt: 4725.32ms | tok/sec: 221,905 | bf16_mfu: 48.91 | epoch: 1 pq: 26 rg: 69 | total time: 142.81m | eta: 50.6m
step 01831/02475 (73.98%) | loss: 1.663555 | lrm: 0.43 | dt: 4753.07ms | tok/sec: 220,610 | bf16_mfu: 48.63 | epoch: 1 pq: 26 rg: 70 | total time: 142.89m | eta: 50.5m
step 01832/02475 (74.02%) | loss: 1.651059 | lrm: 0.43 | dt: 4637.98ms | tok/sec: 226,084 | bf16_mfu: 49.83 | epoch: 1 pq: 26 rg: 71 | total time: 142.97m | eta: 50.5m
step 01833/02475 (74.06%) | loss: 1.593195 | lrm: 0.43 | dt: 4680.25ms | tok/sec: 224,042 | bf16_mfu: 49.38 | epoch: 1 pq: 26 rg: 72 | total time: 143.05m | eta: 50.4m
step 01834/02475 (74.10%) | loss: 1.589051 | lrm: 0.43 | dt: 4677.44ms | tok/sec: 224,177 | bf16_mfu: 49.41 | epoch: 1 pq: 26 rg: 73 | total time: 143.13m | eta: 50.3m
step 01835/02475 (74.14%) | loss: 1.588900 | lrm: 0.43 | dt: 4676.13ms | tok/sec: 224,240 | bf16_mfu: 49.43 | epoch: 1 pq: 26 rg: 74 | total time: 143.20m | eta: 50.2m
step 01836/02475 (74.18%) | loss: 1.557559 | lrm: 0.43 | dt: 4692.06ms | tok/sec: 223,478 | bf16_mfu: 49.26 | epoch: 1 pq: 26 rg: 75 | total time: 143.28m | eta: 50.1m
step 01837/02475 (74.22%) | loss: 1.559144 | lrm: 0.43 | dt: 4729.38ms | tok/sec: 221,715 | bf16_mfu: 48.87 | epoch: 1 pq: 26 rg: 77 | total time: 143.36m | eta: 50.1m
step 01838/02475 (74.26%) | loss: 1.543243 | lrm: 0.43 | dt: 4667.87ms | tok/sec: 224,636 | bf16_mfu: 49.52 | epoch: 1 pq: 26 rg: 78 | total time: 143.44m | eta: 50.0m
step 01839/02475 (74.30%) | loss: 1.535226 | lrm: 0.43 | dt: 4680.83ms | tok/sec: 224,014 | bf16_mfu: 49.38 | epoch: 1 pq: 26 rg: 79 | total time: 143.52m | eta: 49.9m
step 01840/02475 (74.34%) | loss: 1.531542 | lrm: 0.42 | dt: 4690.79ms | tok/sec: 223,539 | bf16_mfu: 49.27 | epoch: 1 pq: 26 rg: 80 | total time: 143.59m | eta: 49.8m
step 01841/02475 (74.38%) | loss: 1.504097 | lrm: 0.42 | dt: 4726.67ms | tok/sec: 221,842 | bf16_mfu: 48.90 | epoch: 1 pq: 26 rg: 81 | total time: 143.67m | eta: 49.7m
step 01842/02475 (74.42%) | loss: 1.521606 | lrm: 0.42 | dt: 4761.57ms | tok/sec: 220,216 | bf16_mfu: 48.54 | epoch: 1 pq: 26 rg: 82 | total time: 143.75m | eta: 49.7m
step 01843/02475 (74.46%) | loss: 1.561495 | lrm: 0.42 | dt: 4675.70ms | tok/sec: 224,260 | bf16_mfu: 49.43 | epoch: 1 pq: 26 rg: 83 | total time: 143.83m | eta: 49.6m
step 01844/02475 (74.51%) | loss: 1.584068 | lrm: 0.42 | dt: 4842.95ms | tok/sec: 216,516 | bf16_mfu: 47.73 | epoch: 1 pq: 26 rg: 84 | total time: 143.91m | eta: 49.5m
step 01845/02475 (74.55%) | loss: 1.558525 | lrm: 0.42 | dt: 4653.96ms | tok/sec: 225,308 | bf16_mfu: 49.66 | epoch: 1 pq: 26 rg: 85 | total time: 143.99m | eta: 49.4m
step 01846/02475 (74.59%) | loss: 1.551052 | lrm: 0.42 | dt: 4665.57ms | tok/sec: 224,747 | bf16_mfu: 49.54 | epoch: 1 pq: 26 rg: 86 | total time: 144.07m | eta: 49.4m
step 01847/02475 (74.63%) | loss: 1.548970 | lrm: 0.42 | dt: 4708.56ms | tok/sec: 222,695 | bf16_mfu: 49.09 | epoch: 1 pq: 26 rg: 87 | total time: 144.14m | eta: 49.3m
step 01848/02475 (74.67%) | loss: 1.551071 | lrm: 0.42 | dt: 4675.73ms | tok/sec: 224,259 | bf16_mfu: 49.43 | epoch: 1 pq: 26 rg: 89 | total time: 144.22m | eta: 49.2m
step 01849/02475 (74.71%) | loss: 1.533206 | lrm: 0.42 | dt: 4830.93ms | tok/sec: 217,054 | bf16_mfu: 47.84 | epoch: 1 pq: 26 rg: 90 | total time: 144.30m | eta: 49.1m
step 01850/02475 (74.75%) | loss: 1.518806 | lrm: 0.42 | dt: 4678.72ms | tok/sec: 224,115 | bf16_mfu: 49.40 | epoch: 1 pq: 26 rg: 91 | total time: 144.38m | eta: 49.0m
step 01851/02475 (74.79%) | loss: 1.533336 | lrm: 0.42 | dt: 4681.82ms | tok/sec: 223,967 | bf16_mfu: 49.37 | epoch: 1 pq: 26 rg: 92 | total time: 144.46m | eta: 49.0m
step 01852/02475 (74.83%) | loss: 1.555955 | lrm: 0.42 | dt: 4682.74ms | tok/sec: 223,923 | bf16_mfu: 49.36 | epoch: 1 pq: 26 rg: 93 | total time: 144.54m | eta: 48.9m
step 01853/02475 (74.87%) | loss: 1.529992 | lrm: 0.42 | dt: 4684.56ms | tok/sec: 223,836 | bf16_mfu: 49.34 | epoch: 1 pq: 26 rg: 94 | total time: 144.62m | eta: 48.8m
step 01854/02475 (74.91%) | loss: 1.551888 | lrm: 0.42 | dt: 4684.35ms | tok/sec: 223,846 | bf16_mfu: 49.34 | epoch: 1 pq: 26 rg: 95 | total time: 144.69m | eta: 48.7m
step 01855/02475 (74.95%) | loss: 1.561247 | lrm: 0.42 | dt: 4710.81ms | tok/sec: 222,589 | bf16_mfu: 49.06 | epoch: 1 pq: 26 rg: 96 | total time: 144.77m | eta: 48.6m
step 01856/02475 (74.99%) | loss: 1.562580 | lrm: 0.42 | dt: 4756.27ms | tok/sec: 220,461 | bf16_mfu: 48.60 | epoch: 1 pq: 26 rg: 97 | total time: 144.85m | eta: 48.6m
step 01857/02475 (75.03%) | loss: 1.571442 | lrm: 0.41 | dt: 4674.44ms | tok/sec: 224,321 | bf16_mfu: 49.45 | epoch: 1 pq: 26 rg: 98 | total time: 144.93m | eta: 48.5m
step 01858/02475 (75.07%) | loss: 1.542636 | lrm: 0.41 | dt: 4788.94ms | tok/sec: 218,957 | bf16_mfu: 48.26 | epoch: 1 pq: 26 rg: 100 | total time: 145.01m | eta: 48.4m
step 01859/02475 (75.11%) | loss: 1.545138 | lrm: 0.41 | dt: 4677.03ms | tok/sec: 224,196 | bf16_mfu: 49.42 | epoch: 1 pq: 26 rg: 101 | total time: 145.09m | eta: 48.3m
step 01860/02475 (75.15%) | loss: 1.551132 | lrm: 0.41 | dt: 4694.60ms | tok/sec: 223,357 | bf16_mfu: 49.23 | epoch: 1 pq: 26 rg: 102 | total time: 145.17m | eta: 48.3m
step 01861/02475 (75.19%) | loss: 1.694171 | lrm: 0.41 | dt: 4627.49ms | tok/sec: 226,597 | bf16_mfu: 49.95 | epoch: 1 pq: 27 rg: 1 | total time: 145.24m | eta: 48.2m
step 01862/02475 (75.23%) | loss: 1.834401 | lrm: 0.41 | dt: 4647.05ms | tok/sec: 225,643 | bf16_mfu: 49.74 | epoch: 1 pq: 27 rg: 3 | total time: 145.32m | eta: 48.1m
step 01863/02475 (75.27%) | loss: 1.960397 | lrm: 0.41 | dt: 4659.41ms | tok/sec: 225,044 | bf16_mfu: 49.61 | epoch: 1 pq: 27 rg: 5 | total time: 145.40m | eta: 48.0m
step 01864/02475 (75.31%) | loss: 2.053223 | lrm: 0.41 | dt: 4640.71ms | tok/sec: 225,951 | bf16_mfu: 49.81 | epoch: 1 pq: 27 rg: 7 | total time: 145.47m | eta: 47.9m
step 01865/02475 (75.35%) | loss: 2.150121 | lrm: 0.41 | dt: 4640.05ms | tok/sec: 225,983 | bf16_mfu: 49.81 | epoch: 1 pq: 27 rg: 9 | total time: 145.55m | eta: 47.9m
step 01866/02475 (75.39%) | loss: 2.219797 | lrm: 0.41 | dt: 4680.97ms | tok/sec: 224,008 | bf16_mfu: 49.38 | epoch: 1 pq: 27 rg: 11 | total time: 145.63m | eta: 47.8m
step 01867/02475 (75.43%) | loss: 2.294221 | lrm: 0.41 | dt: 4641.21ms | tok/sec: 225,927 | bf16_mfu: 49.80 | epoch: 1 pq: 27 rg: 13 | total time: 145.71m | eta: 47.7m
step 01868/02475 (75.47%) | loss: 2.361005 | lrm: 0.41 | dt: 4724.96ms | tok/sec: 221,922 | bf16_mfu: 48.92 | epoch: 1 pq: 27 rg: 15 | total time: 145.79m | eta: 47.6m
step 01869/02475 (75.52%) | loss: 2.406887 | lrm: 0.41 | dt: 4639.65ms | tok/sec: 226,003 | bf16_mfu: 49.82 | epoch: 1 pq: 27 rg: 17 | total time: 145.86m | eta: 47.5m
step 01870/02475 (75.56%) | loss: 2.455259 | lrm: 0.41 | dt: 4633.47ms | tok/sec: 226,304 | bf16_mfu: 49.88 | epoch: 1 pq: 27 rg: 19 | total time: 145.94m | eta: 47.5m
step 01871/02475 (75.60%) | loss: 2.505613 | lrm: 0.41 | dt: 4640.28ms | tok/sec: 225,972 | bf16_mfu: 49.81 | epoch: 1 pq: 27 rg: 21 | total time: 146.02m | eta: 47.4m
step 01872/02475 (75.64%) | loss: 2.543837 | lrm: 0.41 | dt: 4625.92ms | tok/sec: 226,674 | bf16_mfu: 49.96 | epoch: 1 pq: 27 rg: 23 | total time: 146.10m | eta: 47.3m
step 01873/02475 (75.68%) | loss: 2.570862 | lrm: 0.41 | dt: 4742.85ms | tok/sec: 221,085 | bf16_mfu: 48.73 | epoch: 1 pq: 27 rg: 25 | total time: 146.17m | eta: 47.2m
step 01874/02475 (75.72%) | loss: 2.586088 | lrm: 0.40 | dt: 4608.06ms | tok/sec: 227,552 | bf16_mfu: 50.16 | epoch: 1 pq: 27 rg: 26 | total time: 146.25m | eta: 47.2m
step 01875/02475 (75.76%) | loss: 2.607533 | lrm: 0.40 | dt: 4629.48ms | tok/sec: 226,499 | bf16_mfu: 49.93 | epoch: 1 pq: 27 rg: 28 | total time: 146.33m | eta: 47.1m
step 01876/02475 (75.80%) | loss: 2.631245 | lrm: 0.40 | dt: 4622.20ms | tok/sec: 226,856 | bf16_mfu: 50.00 | epoch: 1 pq: 27 rg: 30 | total time: 146.41m | eta: 47.0m
step 01877/02475 (75.84%) | loss: 2.665719 | lrm: 0.40 | dt: 4618.34ms | tok/sec: 227,046 | bf16_mfu: 50.05 | epoch: 1 pq: 27 rg: 32 | total time: 146.48m | eta: 46.9m
step 01878/02475 (75.88%) | loss: 2.696841 | lrm: 0.40 | dt: 4676.31ms | tok/sec: 224,231 | bf16_mfu: 49.43 | epoch: 1 pq: 27 rg: 34 | total time: 146.56m | eta: 46.8m
step 01879/02475 (75.92%) | loss: 2.710053 | lrm: 0.40 | dt: 4619.75ms | tok/sec: 226,976 | bf16_mfu: 50.03 | epoch: 1 pq: 27 rg: 36 | total time: 146.64m | eta: 46.8m
step 01880/02475 (75.96%) | loss: 2.726213 | lrm: 0.40 | dt: 4623.13ms | tok/sec: 226,810 | bf16_mfu: 49.99 | epoch: 1 pq: 27 rg: 38 | total time: 146.71m | eta: 46.7m
step 01881/02475 (76.00%) | loss: 2.737968 | lrm: 0.40 | dt: 4627.75ms | tok/sec: 226,584 | bf16_mfu: 49.94 | epoch: 1 pq: 27 rg: 40 | total time: 146.79m | eta: 46.6m
step 01882/02475 (76.04%) | loss: 2.764206 | lrm: 0.40 | dt: 4623.33ms | tok/sec: 226,800 | bf16_mfu: 49.99 | epoch: 1 pq: 27 rg: 42 | total time: 146.87m | eta: 46.5m
step 01883/02475 (76.08%) | loss: 2.797726 | lrm: 0.40 | dt: 4624.03ms | tok/sec: 226,766 | bf16_mfu: 49.98 | epoch: 1 pq: 27 rg: 44 | total time: 146.95m | eta: 46.4m
step 01884/02475 (76.12%) | loss: 2.808458 | lrm: 0.40 | dt: 4675.80ms | tok/sec: 224,256 | bf16_mfu: 49.43 | epoch: 1 pq: 27 rg: 46 | total time: 147.02m | eta: 46.4m
step 01885/02475 (76.16%) | loss: 2.812653 | lrm: 0.40 | dt: 4608.98ms | tok/sec: 227,507 | bf16_mfu: 50.15 | epoch: 1 pq: 27 rg: 48 | total time: 147.10m | eta: 46.3m
step 01886/02475 (76.20%) | loss: 2.828848 | lrm: 0.40 | dt: 4622.94ms | tok/sec: 226,820 | bf16_mfu: 50.00 | epoch: 1 pq: 27 rg: 50 | total time: 147.18m | eta: 46.2m
step 01887/02475 (76.24%) | loss: 2.838323 | lrm: 0.40 | dt: 4617.62ms | tok/sec: 227,081 | bf16_mfu: 50.05 | epoch: 1 pq: 27 rg: 52 | total time: 147.25m | eta: 46.1m
step 01888/02475 (76.28%) | loss: 2.849426 | lrm: 0.40 | dt: 4657.58ms | tok/sec: 225,133 | bf16_mfu: 49.62 | epoch: 1 pq: 27 rg: 54 | total time: 147.33m | eta: 46.1m
step 01889/02475 (76.32%) | loss: 2.865196 | lrm: 0.40 | dt: 4623.81ms | tok/sec: 226,777 | bf16_mfu: 49.99 | epoch: 1 pq: 27 rg: 56 | total time: 147.41m | eta: 46.0m
step 01890/02475 (76.36%) | loss: 2.863931 | lrm: 0.40 | dt: 4623.86ms | tok/sec: 226,774 | bf16_mfu: 49.99 | epoch: 1 pq: 27 rg: 58 | total time: 147.49m | eta: 45.9m
step 01891/02475 (76.40%) | loss: 2.867602 | lrm: 0.39 | dt: 4639.36ms | tok/sec: 226,017 | bf16_mfu: 49.82 | epoch: 1 pq: 27 rg: 59 | total time: 147.56m | eta: 45.8m
step 01892/02475 (76.44%) | loss: 2.858676 | lrm: 0.39 | dt: 4616.68ms | tok/sec: 227,127 | bf16_mfu: 50.06 | epoch: 1 pq: 27 rg: 61 | total time: 147.64m | eta: 45.7m
step 01893/02475 (76.48%) | loss: 2.860814 | lrm: 0.39 | dt: 4634.60ms | tok/sec: 226,249 | bf16_mfu: 49.87 | epoch: 1 pq: 27 rg: 63 | total time: 147.72m | eta: 45.7m
step 01894/02475 (76.53%) | loss: 2.884284 | lrm: 0.39 | dt: 4653.62ms | tok/sec: 225,324 | bf16_mfu: 49.67 | epoch: 1 pq: 27 rg: 65 | total time: 147.80m | eta: 45.6m
step 01895/02475 (76.57%) | loss: 2.896839 | lrm: 0.39 | dt: 4616.19ms | tok/sec: 227,151 | bf16_mfu: 50.07 | epoch: 1 pq: 27 rg: 67 | total time: 147.87m | eta: 45.5m
step 01896/02475 (76.61%) | loss: 2.885543 | lrm: 0.39 | dt: 4621.29ms | tok/sec: 226,901 | bf16_mfu: 50.01 | epoch: 1 pq: 27 rg: 69 | total time: 147.95m | eta: 45.4m
step 01897/02475 (76.65%) | loss: 2.879407 | lrm: 0.39 | dt: 4617.98ms | tok/sec: 227,063 | bf16_mfu: 50.05 | epoch: 1 pq: 27 rg: 71 | total time: 148.03m | eta: 45.3m
step 01898/02475 (76.69%) | loss: 2.883628 | lrm: 0.39 | dt: 4614.44ms | tok/sec: 227,237 | bf16_mfu: 50.09 | epoch: 1 pq: 27 rg: 73 | total time: 148.10m | eta: 45.3m
step 01899/02475 (76.73%) | loss: 2.877031 | lrm: 0.39 | dt: 4624.19ms | tok/sec: 226,758 | bf16_mfu: 49.98 | epoch: 1 pq: 27 rg: 75 | total time: 148.18m | eta: 45.2m
step 01900/02475 (76.77%) | loss: 2.868179 | lrm: 0.39 | dt: 4609.97ms | tok/sec: 227,458 | bf16_mfu: 50.14 | epoch: 1 pq: 27 rg: 77 | total time: 148.26m | eta: 45.1m
step 01901/02475 (76.81%) | loss: 2.864101 | lrm: 0.39 | dt: 4660.76ms | tok/sec: 224,979 | bf16_mfu: 49.59 | epoch: 1 pq: 27 rg: 79 | total time: 148.33m | eta: 45.0m
step 01902/02475 (76.85%) | loss: 2.846505 | lrm: 0.39 | dt: 4661.75ms | tok/sec: 224,931 | bf16_mfu: 49.58 | epoch: 1 pq: 27 rg: 81 | total time: 148.41m | eta: 44.9m
step 01903/02475 (76.89%) | loss: 2.852432 | lrm: 0.39 | dt: 4697.63ms | tok/sec: 223,213 | bf16_mfu: 49.20 | epoch: 1 pq: 28 rg: 0 | total time: 148.49m | eta: 44.9m
step 01904/02475 (76.93%) | loss: 2.849944 | lrm: 0.39 | dt: 4614.94ms | tok/sec: 227,213 | bf16_mfu: 50.08 | epoch: 1 pq: 28 rg: 2 | total time: 148.57m | eta: 44.8m
step 01905/02475 (76.97%) | loss: 2.836860 | lrm: 0.39 | dt: 4615.98ms | tok/sec: 227,162 | bf16_mfu: 50.07 | epoch: 1 pq: 28 rg: 4 | total time: 148.64m | eta: 44.7m
step 01906/02475 (77.01%) | loss: 2.824961 | lrm: 0.39 | dt: 4628.90ms | tok/sec: 226,528 | bf16_mfu: 49.93 | epoch: 1 pq: 28 rg: 6 | total time: 148.72m | eta: 44.6m
step 01907/02475 (77.05%) | loss: 2.815580 | lrm: 0.39 | dt: 4640.93ms | tok/sec: 225,941 | bf16_mfu: 49.80 | epoch: 1 pq: 28 rg: 8 | total time: 148.80m | eta: 44.6m
step 01908/02475 (77.09%) | loss: 2.812388 | lrm: 0.38 | dt: 4626.79ms | tok/sec: 226,631 | bf16_mfu: 49.96 | epoch: 1 pq: 28 rg: 10 | total time: 148.88m | eta: 44.5m
step 01909/02475 (77.13%) | loss: 2.824555 | lrm: 0.38 | dt: 4664.03ms | tok/sec: 224,822 | bf16_mfu: 49.56 | epoch: 1 pq: 28 rg: 12 | total time: 148.95m | eta: 44.4m
step 01910/02475 (77.17%) | loss: 2.832061 | lrm: 0.38 | dt: 4812.90ms | tok/sec: 217,868 | bf16_mfu: 48.02 | epoch: 1 pq: 28 rg: 14 | total time: 149.03m | eta: 44.3m
step 01911/02475 (77.21%) | loss: 2.831888 | lrm: 0.38 | dt: 4641.19ms | tok/sec: 225,928 | bf16_mfu: 49.80 | epoch: 1 pq: 28 rg: 16 | total time: 149.11m | eta: 44.2m
step 01912/02475 (77.25%) | loss: 2.843577 | lrm: 0.38 | dt: 4622.49ms | tok/sec: 226,842 | bf16_mfu: 50.00 | epoch: 1 pq: 28 rg: 17 | total time: 149.19m | eta: 44.2m
step 01913/02475 (77.29%) | loss: 2.861541 | lrm: 0.38 | dt: 4641.26ms | tok/sec: 225,924 | bf16_mfu: 49.80 | epoch: 1 pq: 28 rg: 19 | total time: 149.27m | eta: 44.1m
step 01914/02475 (77.33%) | loss: 2.836942 | lrm: 0.38 | dt: 4630.14ms | tok/sec: 226,467 | bf16_mfu: 49.92 | epoch: 1 pq: 28 rg: 21 | total time: 149.34m | eta: 44.0m
step 01915/02475 (77.37%) | loss: 2.835161 | lrm: 0.38 | dt: 4628.92ms | tok/sec: 226,527 | bf16_mfu: 49.93 | epoch: 1 pq: 28 rg: 23 | total time: 149.42m | eta: 43.9m
step 01916/02475 (77.41%) | loss: 2.839780 | lrm: 0.38 | dt: 4716.90ms | tok/sec: 222,302 | bf16_mfu: 49.00 | epoch: 1 pq: 28 rg: 25 | total time: 149.50m | eta: 43.8m
step 01917/02475 (77.45%) | loss: 2.838874 | lrm: 0.38 | dt: 4643.06ms | tok/sec: 225,837 | bf16_mfu: 49.78 | epoch: 1 pq: 28 rg: 27 | total time: 149.58m | eta: 43.8m
step 01918/02475 (77.49%) | loss: 2.852878 | lrm: 0.38 | dt: 4634.11ms | tok/sec: 226,273 | bf16_mfu: 49.88 | epoch: 1 pq: 28 rg: 29 | total time: 149.65m | eta: 43.7m
step 01919/02475 (77.54%) | loss: 2.848054 | lrm: 0.38 | dt: 4609.88ms | tok/sec: 227,462 | bf16_mfu: 50.14 | epoch: 1 pq: 28 rg: 31 | total time: 149.73m | eta: 43.6m
step 01920/02475 (77.58%) | loss: 2.828888 | lrm: 0.38 | dt: 4639.49ms | tok/sec: 226,011 | bf16_mfu: 49.82 | epoch: 1 pq: 28 rg: 33 | total time: 149.81m | eta: 43.5m
step 01921/02475 (77.62%) | loss: 2.839920 | lrm: 0.38 | dt: 4649.93ms | tok/sec: 225,503 | bf16_mfu: 49.71 | epoch: 1 pq: 28 rg: 35 | total time: 149.88m | eta: 43.5m
step 01922/02475 (77.66%) | loss: 2.851681 | lrm: 0.38 | dt: 4676.58ms | tok/sec: 224,218 | bf16_mfu: 49.42 | epoch: 1 pq: 28 rg: 37 | total time: 149.96m | eta: 43.4m
step 01923/02475 (77.70%) | loss: 2.863155 | lrm: 0.38 | dt: 4630.54ms | tok/sec: 226,447 | bf16_mfu: 49.91 | epoch: 1 pq: 28 rg: 39 | total time: 150.04m | eta: 43.3m
step 01924/02475 (77.74%) | loss: 2.858764 | lrm: 0.38 | dt: 4733.21ms | tok/sec: 221,535 | bf16_mfu: 48.83 | epoch: 1 pq: 28 rg: 41 | total time: 150.12m | eta: 43.2m
step 01925/02475 (77.78%) | loss: 2.852622 | lrm: 0.37 | dt: 4622.92ms | tok/sec: 226,821 | bf16_mfu: 50.00 | epoch: 1 pq: 28 rg: 43 | total time: 150.20m | eta: 43.1m
step 01926/02475 (77.82%) | loss: 2.862179 | lrm: 0.37 | dt: 4612.16ms | tok/sec: 227,350 | bf16_mfu: 50.11 | epoch: 1 pq: 28 rg: 45 | total time: 150.27m | eta: 43.1m
step 01927/02475 (77.86%) | loss: 2.865533 | lrm: 0.37 | dt: 4647.82ms | tok/sec: 225,606 | bf16_mfu: 49.73 | epoch: 1 pq: 28 rg: 47 | total time: 150.35m | eta: 43.0m
step 01928/02475 (77.90%) | loss: 2.867270 | lrm: 0.37 | dt: 4654.62ms | tok/sec: 225,276 | bf16_mfu: 49.66 | epoch: 1 pq: 28 rg: 49 | total time: 150.43m | eta: 42.9m
step 01929/02475 (77.94%) | loss: 2.858995 | lrm: 0.37 | dt: 4608.13ms | tok/sec: 227,549 | bf16_mfu: 50.16 | epoch: 1 pq: 28 rg: 50 | total time: 150.50m | eta: 42.8m
step 01930/02475 (77.98%) | loss: 2.852778 | lrm: 0.37 | dt: 4723.00ms | tok/sec: 222,014 | bf16_mfu: 48.94 | epoch: 1 pq: 28 rg: 52 | total time: 150.58m | eta: 42.7m
step 01931/02475 (78.02%) | loss: 2.865028 | lrm: 0.37 | dt: 4638.31ms | tok/sec: 226,068 | bf16_mfu: 49.83 | epoch: 1 pq: 28 rg: 54 | total time: 150.66m | eta: 42.7m
step 01932/02475 (78.06%) | loss: 2.868393 | lrm: 0.37 | dt: 4653.31ms | tok/sec: 225,339 | bf16_mfu: 49.67 | epoch: 1 pq: 28 rg: 56 | total time: 150.74m | eta: 42.6m
step 01933/02475 (78.10%) | loss: 2.866609 | lrm: 0.37 | dt: 4620.25ms | tok/sec: 226,952 | bf16_mfu: 50.03 | epoch: 1 pq: 28 rg: 58 | total time: 150.82m | eta: 42.5m
step 01934/02475 (78.14%) | loss: 2.861472 | lrm: 0.37 | dt: 4615.14ms | tok/sec: 227,203 | bf16_mfu: 50.08 | epoch: 1 pq: 28 rg: 60 | total time: 150.89m | eta: 42.4m
step 01935/02475 (78.18%) | loss: 2.868064 | lrm: 0.37 | dt: 4611.81ms | tok/sec: 227,367 | bf16_mfu: 50.12 | epoch: 1 pq: 28 rg: 62 | total time: 150.97m | eta: 42.3m
step 01936/02475 (78.22%) | loss: 2.862535 | lrm: 0.37 | dt: 4695.96ms | tok/sec: 223,293 | bf16_mfu: 49.22 | epoch: 1 pq: 28 rg: 64 | total time: 151.05m | eta: 42.3m
step 01937/02475 (78.26%) | loss: 2.856502 | lrm: 0.37 | dt: 4629.95ms | tok/sec: 226,476 | bf16_mfu: 49.92 | epoch: 1 pq: 28 rg: 66 | total time: 151.12m | eta: 42.2m
step 01938/02475 (78.30%) | loss: 2.869142 | lrm: 0.37 | dt: 4630.17ms | tok/sec: 226,465 | bf16_mfu: 49.92 | epoch: 1 pq: 28 rg: 68 | total time: 151.20m | eta: 42.1m
step 01939/02475 (78.34%) | loss: 2.864292 | lrm: 0.37 | dt: 4633.99ms | tok/sec: 226,279 | bf16_mfu: 49.88 | epoch: 1 pq: 28 rg: 70 | total time: 151.28m | eta: 42.0m
step 01940/02475 (78.38%) | loss: 2.861825 | lrm: 0.37 | dt: 4612.91ms | tok/sec: 227,313 | bf16_mfu: 50.11 | epoch: 1 pq: 28 rg: 72 | total time: 151.36m | eta: 42.0m
step 01941/02475 (78.42%) | loss: 2.856657 | lrm: 0.37 | dt: 4618.12ms | tok/sec: 227,056 | bf16_mfu: 50.05 | epoch: 1 pq: 28 rg: 74 | total time: 151.43m | eta: 41.9m
step 01942/02475 (78.46%) | loss: 2.858816 | lrm: 0.36 | dt: 4616.25ms | tok/sec: 227,148 | bf16_mfu: 50.07 | epoch: 1 pq: 28 rg: 76 | total time: 151.51m | eta: 41.8m
step 01943/02475 (78.51%) | loss: 2.844731 | lrm: 0.36 | dt: 4610.93ms | tok/sec: 227,410 | bf16_mfu: 50.13 | epoch: 1 pq: 28 rg: 78 | total time: 151.59m | eta: 41.7m
step 01944/02475 (78.55%) | loss: 2.848497 | lrm: 0.36 | dt: 4619.37ms | tok/sec: 226,995 | bf16_mfu: 50.04 | epoch: 1 pq: 28 rg: 80 | total time: 151.66m | eta: 41.6m
step 01945/02475 (78.59%) | loss: 2.849995 | lrm: 0.36 | dt: 4610.82ms | tok/sec: 227,416 | bf16_mfu: 50.13 | epoch: 1 pq: 28 rg: 81 | total time: 151.74m | eta: 41.6m
step 01946/02475 (78.63%) | loss: 2.722655 | lrm: 0.36 | dt: 4638.41ms | tok/sec: 226,063 | bf16_mfu: 49.83 | epoch: 1 pq: 29 rg: 0 | total time: 151.82m | eta: 41.5m
step 01947/02475 (78.67%) | loss: 2.599954 | lrm: 0.36 | dt: 4711.36ms | tok/sec: 222,563 | bf16_mfu: 49.06 | epoch: 1 pq: 29 rg: 1 | total time: 151.90m | eta: 41.4m
step 01948/02475 (78.71%) | loss: 2.503894 | lrm: 0.36 | dt: 4659.59ms | tok/sec: 225,035 | bf16_mfu: 49.60 | epoch: 1 pq: 29 rg: 2 | total time: 151.97m | eta: 41.3m
step 01949/02475 (78.75%) | loss: 2.444332 | lrm: 0.36 | dt: 4850.85ms | tok/sec: 216,163 | bf16_mfu: 47.65 | epoch: 1 pq: 29 rg: 3 | total time: 152.05m | eta: 41.2m
step 01950/02475 (78.79%) | loss: 2.292703 | lrm: 0.36 | dt: 4714.99ms | tok/sec: 222,391 | bf16_mfu: 49.02 | epoch: 1 pq: 29 rg: 4 | total time: 152.13m | eta: 41.2m
step 01951/02475 (78.83%) | loss: 2.187122 | lrm: 0.36 | dt: 4753.97ms | tok/sec: 220,568 | bf16_mfu: 48.62 | epoch: 1 pq: 29 rg: 5 | total time: 152.21m | eta: 41.1m
step 01952/02475 (78.87%) | loss: 2.129715 | lrm: 0.36 | dt: 4688.15ms | tok/sec: 223,665 | bf16_mfu: 49.30 | epoch: 1 pq: 29 rg: 7 | total time: 152.29m | eta: 41.0m
step 01953/02475 (78.91%) | loss: 2.066156 | lrm: 0.36 | dt: 4662.36ms | tok/sec: 224,902 | bf16_mfu: 49.57 | epoch: 1 pq: 29 rg: 8 | total time: 152.37m | eta: 40.9m
step 01954/02475 (78.95%) | loss: 2.015915 | lrm: 0.36 | dt: 4658.36ms | tok/sec: 225,095 | bf16_mfu: 49.62 | epoch: 1 pq: 29 rg: 9 | total time: 152.45m | eta: 40.9m
step 01955/02475 (78.99%) | loss: 1.970983 | lrm: 0.36 | dt: 4689.68ms | tok/sec: 223,592 | bf16_mfu: 49.29 | epoch: 1 pq: 29 rg: 10 | total time: 152.52m | eta: 40.8m
step 01956/02475 (79.03%) | loss: 1.954119 | lrm: 0.36 | dt: 4689.84ms | tok/sec: 223,584 | bf16_mfu: 49.28 | epoch: 1 pq: 29 rg: 11 | total time: 152.60m | eta: 40.7m
step 01957/02475 (79.07%) | loss: 1.912879 | lrm: 0.36 | dt: 4793.54ms | tok/sec: 218,747 | bf16_mfu: 48.22 | epoch: 1 pq: 29 rg: 12 | total time: 152.68m | eta: 40.6m
step 01958/02475 (79.11%) | loss: 1.885877 | lrm: 0.36 | dt: 4656.17ms | tok/sec: 225,201 | bf16_mfu: 49.64 | epoch: 1 pq: 29 rg: 13 | total time: 152.76m | eta: 40.5m
step 01959/02475 (79.15%) | loss: 1.844604 | lrm: 0.35 | dt: 4702.15ms | tok/sec: 222,999 | bf16_mfu: 49.15 | epoch: 1 pq: 29 rg: 14 | total time: 152.84m | eta: 40.5m
step 01960/02475 (79.19%) | loss: 1.818784 | lrm: 0.35 | dt: 4716.51ms | tok/sec: 222,320 | bf16_mfu: 49.00 | epoch: 1 pq: 29 rg: 15 | total time: 152.92m | eta: 40.4m
step 01961/02475 (79.23%) | loss: 1.785118 | lrm: 0.35 | dt: 4709.12ms | tok/sec: 222,668 | bf16_mfu: 49.08 | epoch: 1 pq: 29 rg: 16 | total time: 153.00m | eta: 40.3m
step 01962/02475 (79.27%) | loss: 1.747479 | lrm: 0.35 | dt: 4691.37ms | tok/sec: 223,511 | bf16_mfu: 49.27 | epoch: 1 pq: 29 rg: 18 | total time: 153.07m | eta: 40.2m
step 01963/02475 (79.31%) | loss: 1.716629 | lrm: 0.35 | dt: 4644.59ms | tok/sec: 225,763 | bf16_mfu: 49.76 | epoch: 1 pq: 29 rg: 19 | total time: 153.15m | eta: 40.2m
step 01964/02475 (79.35%) | loss: 1.688264 | lrm: 0.35 | dt: 4731.37ms | tok/sec: 221,622 | bf16_mfu: 48.85 | epoch: 1 pq: 29 rg: 20 | total time: 153.23m | eta: 40.1m
step 01965/02475 (79.39%) | loss: 1.669534 | lrm: 0.35 | dt: 4672.37ms | tok/sec: 224,420 | bf16_mfu: 49.47 | epoch: 1 pq: 29 rg: 21 | total time: 153.31m | eta: 40.0m
step 01966/02475 (79.43%) | loss: 1.706505 | lrm: 0.35 | dt: 4695.50ms | tok/sec: 223,314 | bf16_mfu: 49.22 | epoch: 1 pq: 29 rg: 22 | total time: 153.39m | eta: 39.9m
step 01967/02475 (79.47%) | loss: 1.685845 | lrm: 0.35 | dt: 4666.41ms | tok/sec: 224,706 | bf16_mfu: 49.53 | epoch: 1 pq: 29 rg: 23 | total time: 153.46m | eta: 39.8m
step 01968/02475 (79.52%) | loss: 1.675516 | lrm: 0.35 | dt: 4694.47ms | tok/sec: 223,363 | bf16_mfu: 49.23 | epoch: 1 pq: 29 rg: 24 | total time: 153.54m | eta: 39.8m
step 01969/02475 (79.56%) | loss: 1.693999 | lrm: 0.35 | dt: 4792.06ms | tok/sec: 218,815 | bf16_mfu: 48.23 | epoch: 1 pq: 29 rg: 25 | total time: 153.62m | eta: 39.7m
step 01970/02475 (79.60%) | loss: 1.664484 | lrm: 0.35 | dt: 4658.57ms | tok/sec: 225,085 | bf16_mfu: 49.61 | epoch: 1 pq: 29 rg: 26 | total time: 153.70m | eta: 39.6m
step 01971/02475 (79.64%) | loss: 1.674188 | lrm: 0.35 | dt: 4693.92ms | tok/sec: 223,390 | bf16_mfu: 49.24 | epoch: 1 pq: 29 rg: 27 | total time: 153.78m | eta: 39.5m
step 01972/02475 (79.68%) | loss: 1.681945 | lrm: 0.35 | dt: 4712.73ms | tok/sec: 222,498 | bf16_mfu: 49.04 | epoch: 1 pq: 29 rg: 29 | total time: 153.86m | eta: 39.4m
step 01973/02475 (79.72%) | loss: 1.686971 | lrm: 0.35 | dt: 4638.18ms | tok/sec: 226,074 | bf16_mfu: 49.83 | epoch: 1 pq: 29 rg: 30 | total time: 153.93m | eta: 39.4m
step 01974/02475 (79.76%) | loss: 1.676191 | lrm: 0.35 | dt: 4678.94ms | tok/sec: 224,105 | bf16_mfu: 49.40 | epoch: 1 pq: 29 rg: 31 | total time: 154.01m | eta: 39.3m
step 01975/02475 (79.80%) | loss: 1.667377 | lrm: 0.35 | dt: 4672.31ms | tok/sec: 224,423 | bf16_mfu: 49.47 | epoch: 1 pq: 29 rg: 32 | total time: 154.09m | eta: 39.2m
step 01976/02475 (79.84%) | loss: 1.684569 | lrm: 0.34 | dt: 4661.84ms | tok/sec: 224,927 | bf16_mfu: 49.58 | epoch: 1 pq: 29 rg: 33 | total time: 154.17m | eta: 39.1m
step 01977/02475 (79.88%) | loss: 1.667566 | lrm: 0.34 | dt: 4683.83ms | tok/sec: 223,871 | bf16_mfu: 49.35 | epoch: 1 pq: 29 rg: 34 | total time: 154.25m | eta: 39.1m
step 01978/02475 (79.92%) | loss: 1.655407 | lrm: 0.34 | dt: 4652.02ms | tok/sec: 225,402 | bf16_mfu: 49.68 | epoch: 1 pq: 29 rg: 35 | total time: 154.32m | eta: 39.0m
step 01979/02475 (79.96%) | loss: 1.662635 | lrm: 0.34 | dt: 4690.67ms | tok/sec: 223,544 | bf16_mfu: 49.27 | epoch: 1 pq: 29 rg: 36 | total time: 154.40m | eta: 38.9m
step 01980/02475 (80.00%) | loss: 1.636427 | lrm: 0.34 | dt: 4831.51ms | tok/sec: 217,028 | bf16_mfu: 47.84 | epoch: 1 pq: 29 rg: 37 | total time: 154.48m | eta: 38.8m
step 01981/02475 (80.04%) | loss: 1.616338 | lrm: 0.34 | dt: 4758.42ms | tok/sec: 220,362 | bf16_mfu: 48.57 | epoch: 1 pq: 29 rg: 38 | total time: 154.56m | eta: 38.7m
step 01982/02475 (80.08%) | loss: 1.595047 | lrm: 0.34 | dt: 4765.01ms | tok/sec: 220,057 | bf16_mfu: 48.51 | epoch: 1 pq: 29 rg: 39 | total time: 154.64m | eta: 38.7m
step 01983/02475 (80.12%) | loss: 1.562040 | lrm: 0.34 | dt: 4780.53ms | tok/sec: 219,342 | bf16_mfu: 48.35 | epoch: 1 pq: 29 rg: 41 | total time: 154.72m | eta: 38.6m
step 01984/02475 (80.16%) | loss: 1.538636 | lrm: 0.34 | dt: 4739.73ms | tok/sec: 221,231 | bf16_mfu: 48.76 | epoch: 1 pq: 29 rg: 42 | total time: 154.80m | eta: 38.5m
step 01985/02475 (80.20%) | loss: 1.523795 | lrm: 0.34 | dt: 4651.29ms | tok/sec: 225,437 | bf16_mfu: 49.69 | epoch: 1 pq: 29 rg: 43 | total time: 154.88m | eta: 38.4m
step 01986/02475 (80.24%) | loss: 1.543136 | lrm: 0.34 | dt: 4638.88ms | tok/sec: 226,040 | bf16_mfu: 49.82 | epoch: 1 pq: 29 rg: 44 | total time: 154.95m | eta: 38.3m
step 01987/02475 (80.28%) | loss: 1.553553 | lrm: 0.34 | dt: 4661.60ms | tok/sec: 224,939 | bf16_mfu: 49.58 | epoch: 1 pq: 29 rg: 45 | total time: 155.03m | eta: 38.3m
step 01988/02475 (80.32%) | loss: 1.561894 | lrm: 0.34 | dt: 4626.90ms | tok/sec: 226,626 | bf16_mfu: 49.95 | epoch: 1 pq: 29 rg: 46 | total time: 155.11m | eta: 38.2m
step 01989/02475 (80.36%) | loss: 1.548831 | lrm: 0.34 | dt: 4753.55ms | tok/sec: 220,587 | bf16_mfu: 48.62 | epoch: 1 pq: 29 rg: 47 | total time: 155.19m | eta: 38.1m
step 01990/02475 (80.40%) | loss: 1.561891 | lrm: 0.34 | dt: 4793.86ms | tok/sec: 218,733 | bf16_mfu: 48.21 | epoch: 1 pq: 29 rg: 48 | total time: 155.27m | eta: 38.0m
step 01991/02475 (80.44%) | loss: 1.572450 | lrm: 0.34 | dt: 4658.56ms | tok/sec: 225,085 | bf16_mfu: 49.61 | epoch: 1 pq: 29 rg: 49 | total time: 155.35m | eta: 38.0m
step 01992/02475 (80.48%) | loss: 1.548586 | lrm: 0.34 | dt: 4732.43ms | tok/sec: 221,572 | bf16_mfu: 48.84 | epoch: 1 pq: 29 rg: 50 | total time: 155.42m | eta: 37.9m
step 01993/02475 (80.53%) | loss: 1.544136 | lrm: 0.33 | dt: 4755.54ms | tok/sec: 220,495 | bf16_mfu: 48.60 | epoch: 1 pq: 29 rg: 52 | total time: 155.50m | eta: 37.8m
step 01994/02475 (80.57%) | loss: 1.577722 | lrm: 0.33 | dt: 4618.32ms | tok/sec: 227,047 | bf16_mfu: 50.05 | epoch: 1 pq: 29 rg: 53 | total time: 155.58m | eta: 37.7m
step 01995/02475 (80.61%) | loss: 1.538913 | lrm: 0.33 | dt: 4643.62ms | tok/sec: 225,810 | bf16_mfu: 49.77 | epoch: 1 pq: 29 rg: 54 | total time: 155.66m | eta: 37.6m
step 01996/02475 (80.65%) | loss: 1.526379 | lrm: 0.33 | dt: 4655.98ms | tok/sec: 225,210 | bf16_mfu: 49.64 | epoch: 1 pq: 29 rg: 55 | total time: 155.74m | eta: 37.6m
step 01997/02475 (80.69%) | loss: 1.559728 | lrm: 0.33 | dt: 4695.09ms | tok/sec: 223,334 | bf16_mfu: 49.23 | epoch: 1 pq: 29 rg: 56 | total time: 155.81m | eta: 37.5m
step 01998/02475 (80.73%) | loss: 1.566535 | lrm: 0.33 | dt: 4758.93ms | tok/sec: 220,338 | bf16_mfu: 48.57 | epoch: 1 pq: 29 rg: 57 | total time: 155.89m | eta: 37.4m
step 01999/02475 (80.77%) | loss: 1.567870 | lrm: 0.33 | dt: 4665.81ms | tok/sec: 224,736 | bf16_mfu: 49.54 | epoch: 1 pq: 29 rg: 58 | total time: 155.97m | eta: 37.3m
Step 02000 | Validation bpb: 0.877607
Downloading https://karpathy-public.s3.us-west-2.amazonaws.com/eval_bundle.zip...
Downloaded to /root/.cache/nanochat/eval_bundle.zip
Placed eval_bundle directory at /root/.cache/nanochat/eval_bundle
Evaluating: hellaswag_zeroshot (0-shot, type: multiple_choice)... accuracy: 0.3360 | centered: 0.1147 | time: 12.03s
Evaluating: jeopardy (10-shot, type: language_modeling)... accuracy: 0.0020 | centered: 0.0020 | time: 12.23s
Evaluating: bigbench_qa_wikidata (10-shot, type: language_modeling)... accuracy: 0.2520 | centered: 0.2520 | time: 11.17s
Evaluating: arc_easy (10-shot, type: multiple_choice)... accuracy: 0.5480 | centered: 0.3973 | time: 12.68s
Evaluating: arc_challenge (10-shot, type: multiple_choice)... accuracy: 0.3320 | centered: 0.1093 | time: 9.72s
Evaluating: copa (0-shot, type: multiple_choice)... accuracy: 0.5800 | centered: 0.1600 | time: 1.98s
Evaluating: commonsense_qa (10-shot, type: multiple_choice)... accuracy: 0.2460 | centered: 0.0575 | time: 12.29s
Evaluating: piqa (10-shot, type: multiple_choice)... accuracy: 0.6800 | centered: 0.3600 | time: 12.91s
Evaluating: openbook_qa (0-shot, type: multiple_choice)... accuracy: 0.2820 | centered: 0.0427 | time: 11.80s
Evaluating: lambada_openai (0-shot, type: language_modeling)... accuracy: 0.2420 | centered: 0.2420 | time: 11.55s
Evaluating: hellaswag (10-shot, type: multiple_choice)... accuracy: 0.3500 | centered: 0.1333 | time: 16.47s
Evaluating: winograd (0-shot, type: schema)... accuracy: 0.5568 | centered: 0.1136 | time: 6.21s
Evaluating: winogrande (0-shot, type: schema)... accuracy: 0.5280 | centered: 0.0560 | time: 10.80s
Evaluating: bigbench_dyck_languages (10-shot, type: language_modeling)... accuracy: 0.1380 | centered: 0.1380 | time: 13.78s
Evaluating: agi_eval_lsat_ar (3-shot, type: multiple_choice)... accuracy: 0.2130 | centered: 0.0163 | time: 7.10s
Evaluating: bigbench_cs_algorithms (10-shot, type: language_modeling)... accuracy: 0.4460 | centered: 0.4460 | time: 8.46s
Evaluating: bigbench_operators (10-shot, type: language_modeling)... accuracy: 0.2238 | centered: 0.2238 | time: 4.24s
Evaluating: bigbench_repeat_copy_logic (10-shot, type: language_modeling)... accuracy: 0.0000 | centered: 0.0000 | time: 0.69s
Evaluating: squad (10-shot, type: language_modeling)... accuracy: 0.3180 | centered: 0.3180 | time: 15.49s
Evaluating: coqa (0-shot, type: language_modeling)... accuracy: 0.2180 | centered: 0.2180 | time: 12.83s
Evaluating: boolq (10-shot, type: multiple_choice)... accuracy: 0.5900 | centered: -0.0789 | time: 15.78s
Evaluating: bigbench_language_identification (10-shot, type: multiple_choice)... accuracy: 0.2180 | centered: 0.1397 | time: 18.33s
Step 02000 | CORE metric: 0.1573
<|bos|>The capital of France is the 1. The 1. The 2. The 3.
<|bos|>The chemical symbol of gold is a chemical element with symbol Au. The chemical symbol of gold is Au. The
<|bos|>If yesterday was Friday, then tomorrow will be Thursday. The day before yesterday was Friday, then tomorrow will be Saturday. The
<|bos|>The opposite of hot is the opposite of the opposite of the opposite of the opposite of the opposite of the
<|bos|>The planets of the solar system are: the planets of the solar system. The planets of the solar system are the planets
<|bos|>My favorite color is the color of the color of the color of the color of the color of the
<|bos|>If 5*x + 3 = 13, then x is equal to 5. 5x + 3 = 13, 
step 02000/02475 (80.81%) | loss: 1.594490 | lrm: 0.33 | dt: 4668.81ms | tok/sec: 224,591 | bf16_mfu: 49.51 | epoch: 1 pq: 29 rg: 59 | total time: 156.05m | eta: 37.2m
step 02001/02475 (80.85%) | loss: 1.594117 | lrm: 0.33 | dt: 4649.36ms | tok/sec: 225,531 | bf16_mfu: 49.71 | epoch: 1 pq: 29 rg: 60 | total time: 156.13m | eta: 37.2m
step 02002/02475 (80.89%) | loss: 1.558286 | lrm: 0.33 | dt: 4707.09ms | tok/sec: 222,765 | bf16_mfu: 49.10 | epoch: 1 pq: 29 rg: 61 | total time: 156.20m | eta: 37.1m
step 02003/02475 (80.93%) | loss: 1.556640 | lrm: 0.33 | dt: 4922.10ms | tok/sec: 213,034 | bf16_mfu: 46.96 | epoch: 1 pq: 29 rg: 63 | total time: 156.29m | eta: 37.0m
step 02004/02475 (80.97%) | loss: 1.568868 | lrm: 0.33 | dt: 4678.34ms | tok/sec: 224,134 | bf16_mfu: 49.40 | epoch: 1 pq: 29 rg: 64 | total time: 156.36m | eta: 36.9m
step 02005/02475 (81.01%) | loss: 1.563876 | lrm: 0.33 | dt: 4778.18ms | tok/sec: 219,450 | bf16_mfu: 48.37 | epoch: 1 pq: 29 rg: 65 | total time: 156.44m | eta: 36.9m
step 02006/02475 (81.05%) | loss: 1.556315 | lrm: 0.33 | dt: 4686.17ms | tok/sec: 223,759 | bf16_mfu: 49.32 | epoch: 1 pq: 29 rg: 66 | total time: 156.52m | eta: 36.8m
step 02007/02475 (81.09%) | loss: 1.542868 | lrm: 0.33 | dt: 4709.88ms | tok/sec: 222,633 | bf16_mfu: 49.07 | epoch: 1 pq: 29 rg: 67 | total time: 156.60m | eta: 36.7m
step 02008/02475 (81.13%) | loss: 1.554596 | lrm: 0.33 | dt: 4652.53ms | tok/sec: 225,377 | bf16_mfu: 49.68 | epoch: 1 pq: 29 rg: 68 | total time: 156.68m | eta: 36.6m
step 02009/02475 (81.17%) | loss: 1.552689 | lrm: 0.33 | dt: 4670.73ms | tok/sec: 224,499 | bf16_mfu: 49.49 | epoch: 1 pq: 29 rg: 69 | total time: 156.76m | eta: 36.5m
step 02010/02475 (81.21%) | loss: 1.552308 | lrm: 0.32 | dt: 4700.66ms | tok/sec: 223,070 | bf16_mfu: 49.17 | epoch: 1 pq: 29 rg: 70 | total time: 156.83m | eta: 36.5m
step 02011/02475 (81.25%) | loss: 1.524815 | lrm: 0.32 | dt: 4748.15ms | tok/sec: 220,838 | bf16_mfu: 48.68 | epoch: 1 pq: 29 rg: 71 | total time: 156.91m | eta: 36.4m
step 02012/02475 (81.29%) | loss: 1.524707 | lrm: 0.32 | dt: 4644.75ms | tok/sec: 225,755 | bf16_mfu: 49.76 | epoch: 1 pq: 29 rg: 72 | total time: 156.99m | eta: 36.3m
step 02013/02475 (81.33%) | loss: 1.525129 | lrm: 0.32 | dt: 4788.91ms | tok/sec: 218,959 | bf16_mfu: 48.26 | epoch: 1 pq: 29 rg: 73 | total time: 157.07m | eta: 36.2m
step 02014/02475 (81.37%) | loss: 1.537899 | lrm: 0.32 | dt: 4750.27ms | tok/sec: 220,740 | bf16_mfu: 48.66 | epoch: 1 pq: 29 rg: 75 | total time: 157.15m | eta: 36.2m
step 02015/02475 (81.41%) | loss: 1.548279 | lrm: 0.32 | dt: 4677.97ms | tok/sec: 224,151 | bf16_mfu: 49.41 | epoch: 1 pq: 29 rg: 76 | total time: 157.23m | eta: 36.1m
step 02016/02475 (81.45%) | loss: 1.549480 | lrm: 0.32 | dt: 4666.33ms | tok/sec: 224,711 | bf16_mfu: 49.53 | epoch: 1 pq: 29 rg: 77 | total time: 157.31m | eta: 36.0m
step 02017/02475 (81.49%) | loss: 1.518681 | lrm: 0.32 | dt: 4767.11ms | tok/sec: 219,960 | bf16_mfu: 48.48 | epoch: 1 pq: 29 rg: 78 | total time: 157.39m | eta: 35.9m
step 02018/02475 (81.54%) | loss: 1.554465 | lrm: 0.32 | dt: 4701.35ms | tok/sec: 223,037 | bf16_mfu: 49.16 | epoch: 1 pq: 29 rg: 79 | total time: 157.46m | eta: 35.8m
step 02019/02475 (81.58%) | loss: 1.558330 | lrm: 0.32 | dt: 4852.01ms | tok/sec: 216,111 | bf16_mfu: 47.64 | epoch: 1 pq: 29 rg: 80 | total time: 157.54m | eta: 35.8m
step 02020/02475 (81.62%) | loss: 1.593359 | lrm: 0.32 | dt: 4696.55ms | tok/sec: 223,265 | bf16_mfu: 49.21 | epoch: 1 pq: 29 rg: 81 | total time: 157.62m | eta: 35.7m
step 02021/02475 (81.66%) | loss: 1.596451 | lrm: 0.32 | dt: 4714.13ms | tok/sec: 222,432 | bf16_mfu: 49.03 | epoch: 1 pq: 29 rg: 82 | total time: 157.70m | eta: 35.6m
step 02022/02475 (81.70%) | loss: 1.600909 | lrm: 0.32 | dt: 4686.62ms | tok/sec: 223,738 | bf16_mfu: 49.32 | epoch: 1 pq: 29 rg: 83 | total time: 157.78m | eta: 35.5m
step 02023/02475 (81.74%) | loss: 1.589802 | lrm: 0.32 | dt: 4679.14ms | tok/sec: 224,095 | bf16_mfu: 49.40 | epoch: 1 pq: 29 rg: 84 | total time: 157.86m | eta: 35.4m
step 02024/02475 (81.78%) | loss: 1.604043 | lrm: 0.32 | dt: 4726.97ms | tok/sec: 221,828 | bf16_mfu: 48.90 | epoch: 1 pq: 29 rg: 85 | total time: 157.94m | eta: 35.4m
step 02025/02475 (81.82%) | loss: 1.599387 | lrm: 0.32 | dt: 4687.28ms | tok/sec: 223,706 | bf16_mfu: 49.31 | epoch: 1 pq: 29 rg: 86 | total time: 158.01m | eta: 35.3m
step 02026/02475 (81.86%) | loss: 1.597603 | lrm: 0.32 | dt: 4710.80ms | tok/sec: 222,589 | bf16_mfu: 49.06 | epoch: 1 pq: 29 rg: 88 | total time: 158.09m | eta: 35.2m
step 02027/02475 (81.90%) | loss: 1.607471 | lrm: 0.31 | dt: 4707.10ms | tok/sec: 222,764 | bf16_mfu: 49.10 | epoch: 1 pq: 29 rg: 89 | total time: 158.17m | eta: 35.1m
step 02028/02475 (81.94%) | loss: 1.608213 | lrm: 0.31 | dt: 4718.58ms | tok/sec: 222,222 | bf16_mfu: 48.98 | epoch: 1 pq: 29 rg: 90 | total time: 158.25m | eta: 35.1m
step 02029/02475 (81.98%) | loss: 1.602575 | lrm: 0.31 | dt: 4687.62ms | tok/sec: 223,690 | bf16_mfu: 49.31 | epoch: 1 pq: 29 rg: 91 | total time: 158.33m | eta: 35.0m
step 02030/02475 (82.02%) | loss: 1.611737 | lrm: 0.31 | dt: 4845.43ms | tok/sec: 216,405 | bf16_mfu: 47.70 | epoch: 1 pq: 29 rg: 92 | total time: 158.41m | eta: 34.9m
step 02031/02475 (82.06%) | loss: 1.617256 | lrm: 0.31 | dt: 4939.90ms | tok/sec: 212,266 | bf16_mfu: 46.79 | epoch: 1 pq: 29 rg: 93 | total time: 158.49m | eta: 34.8m
step 02032/02475 (82.10%) | loss: 1.621216 | lrm: 0.31 | dt: 4723.17ms | tok/sec: 222,006 | bf16_mfu: 48.94 | epoch: 1 pq: 29 rg: 94 | total time: 158.57m | eta: 34.7m
step 02033/02475 (82.14%) | loss: 1.603269 | lrm: 0.31 | dt: 4690.99ms | tok/sec: 223,529 | bf16_mfu: 49.27 | epoch: 1 pq: 29 rg: 95 | total time: 158.65m | eta: 34.7m
step 02034/02475 (82.18%) | loss: 1.606742 | lrm: 0.31 | dt: 4698.98ms | tok/sec: 223,149 | bf16_mfu: 49.19 | epoch: 1 pq: 29 rg: 96 | total time: 158.73m | eta: 34.6m
step 02035/02475 (82.22%) | loss: 1.606705 | lrm: 0.31 | dt: 4729.67ms | tok/sec: 221,701 | bf16_mfu: 48.87 | epoch: 1 pq: 29 rg: 97 | total time: 158.80m | eta: 34.5m
step 02036/02475 (82.26%) | loss: 1.576501 | lrm: 0.31 | dt: 4676.93ms | tok/sec: 224,201 | bf16_mfu: 49.42 | epoch: 1 pq: 29 rg: 98 | total time: 158.88m | eta: 34.4m
step 02037/02475 (82.30%) | loss: 1.580044 | lrm: 0.31 | dt: 4747.68ms | tok/sec: 220,860 | bf16_mfu: 48.68 | epoch: 1 pq: 29 rg: 100 | total time: 158.96m | eta: 34.3m
step 02038/02475 (82.34%) | loss: 1.593322 | lrm: 0.31 | dt: 4745.11ms | tok/sec: 220,980 | bf16_mfu: 48.71 | epoch: 1 pq: 29 rg: 101 | total time: 159.04m | eta: 34.3m
step 02039/02475 (82.38%) | loss: 1.609886 | lrm: 0.31 | dt: 4650.80ms | tok/sec: 225,461 | bf16_mfu: 49.70 | epoch: 1 pq: 30 rg: 0 | total time: 159.12m | eta: 34.2m
step 02040/02475 (82.42%) | loss: 1.620574 | lrm: 0.31 | dt: 4698.59ms | tok/sec: 223,168 | bf16_mfu: 49.19 | epoch: 1 pq: 30 rg: 1 | total time: 159.20m | eta: 34.1m
step 02041/02475 (82.46%) | loss: 1.593617 | lrm: 0.31 | dt: 4680.70ms | tok/sec: 224,021 | bf16_mfu: 49.38 | epoch: 1 pq: 30 rg: 2 | total time: 159.27m | eta: 34.0m
step 02042/02475 (82.51%) | loss: 1.618961 | lrm: 0.31 | dt: 4660.35ms | tok/sec: 224,999 | bf16_mfu: 49.60 | epoch: 1 pq: 30 rg: 3 | total time: 159.35m | eta: 34.0m
step 02043/02475 (82.55%) | loss: 1.614515 | lrm: 0.31 | dt: 4714.69ms | tok/sec: 222,405 | bf16_mfu: 49.02 | epoch: 1 pq: 30 rg: 4 | total time: 159.43m | eta: 33.9m
step 02044/02475 (82.59%) | loss: 1.601675 | lrm: 0.30 | dt: 4685.04ms | tok/sec: 223,813 | bf16_mfu: 49.33 | epoch: 1 pq: 30 rg: 5 | total time: 159.51m | eta: 33.8m
step 02045/02475 (82.63%) | loss: 1.594488 | lrm: 0.30 | dt: 4739.22ms | tok/sec: 221,255 | bf16_mfu: 48.77 | epoch: 1 pq: 30 rg: 6 | total time: 159.59m | eta: 33.7m
step 02046/02475 (82.67%) | loss: 1.601265 | lrm: 0.30 | dt: 4667.39ms | tok/sec: 224,660 | bf16_mfu: 49.52 | epoch: 1 pq: 30 rg: 7 | total time: 159.67m | eta: 33.6m
step 02047/02475 (82.71%) | loss: 1.583762 | lrm: 0.30 | dt: 4681.41ms | tok/sec: 223,987 | bf16_mfu: 49.37 | epoch: 1 pq: 30 rg: 8 | total time: 159.74m | eta: 33.6m
step 02048/02475 (82.75%) | loss: 1.587194 | lrm: 0.30 | dt: 4655.23ms | tok/sec: 225,247 | bf16_mfu: 49.65 | epoch: 1 pq: 30 rg: 9 | total time: 159.82m | eta: 33.5m
step 02049/02475 (82.79%) | loss: 1.565208 | lrm: 0.30 | dt: 4729.58ms | tok/sec: 221,706 | bf16_mfu: 48.87 | epoch: 1 pq: 30 rg: 11 | total time: 159.90m | eta: 33.4m
step 02050/02475 (82.83%) | loss: 1.551491 | lrm: 0.30 | dt: 4636.64ms | tok/sec: 226,149 | bf16_mfu: 49.85 | epoch: 1 pq: 30 rg: 12 | total time: 159.98m | eta: 33.3m
step 02051/02475 (82.87%) | loss: 1.579212 | lrm: 0.30 | dt: 4701.99ms | tok/sec: 223,006 | bf16_mfu: 49.16 | epoch: 1 pq: 30 rg: 13 | total time: 160.06m | eta: 33.3m
step 02052/02475 (82.91%) | loss: 1.571616 | lrm: 0.30 | dt: 4673.48ms | tok/sec: 224,367 | bf16_mfu: 49.46 | epoch: 1 pq: 30 rg: 14 | total time: 160.13m | eta: 33.2m
step 02053/02475 (82.95%) | loss: 1.575042 | lrm: 0.30 | dt: 4648.37ms | tok/sec: 225,579 | bf16_mfu: 49.72 | epoch: 1 pq: 30 rg: 15 | total time: 160.21m | eta: 33.1m
step 02054/02475 (82.99%) | loss: 1.565552 | lrm: 0.30 | dt: 4649.04ms | tok/sec: 225,546 | bf16_mfu: 49.72 | epoch: 1 pq: 30 rg: 16 | total time: 160.29m | eta: 33.0m
step 02055/02475 (83.03%) | loss: 1.552603 | lrm: 0.30 | dt: 4740.23ms | tok/sec: 221,207 | bf16_mfu: 48.76 | epoch: 1 pq: 30 rg: 17 | total time: 160.37m | eta: 32.9m
step 02056/02475 (83.07%) | loss: 1.534061 | lrm: 0.30 | dt: 4718.91ms | tok/sec: 222,207 | bf16_mfu: 48.98 | epoch: 1 pq: 30 rg: 18 | total time: 160.45m | eta: 32.9m
step 02057/02475 (83.11%) | loss: 1.509674 | lrm: 0.30 | dt: 4696.77ms | tok/sec: 223,254 | bf16_mfu: 49.21 | epoch: 1 pq: 30 rg: 19 | total time: 160.52m | eta: 32.8m
step 02058/02475 (83.15%) | loss: 1.517081 | lrm: 0.30 | dt: 4697.89ms | tok/sec: 223,201 | bf16_mfu: 49.20 | epoch: 1 pq: 30 rg: 20 | total time: 160.60m | eta: 32.7m
step 02059/02475 (83.19%) | loss: 1.504571 | lrm: 0.30 | dt: 4708.88ms | tok/sec: 222,680 | bf16_mfu: 49.08 | epoch: 1 pq: 30 rg: 22 | total time: 160.68m | eta: 32.6m
step 02060/02475 (83.23%) | loss: 1.497673 | lrm: 0.30 | dt: 4763.23ms | tok/sec: 220,139 | bf16_mfu: 48.52 | epoch: 1 pq: 30 rg: 23 | total time: 160.76m | eta: 32.5m
step 02061/02475 (83.27%) | loss: 1.508105 | lrm: 0.29 | dt: 4833.32ms | tok/sec: 216,947 | bf16_mfu: 47.82 | epoch: 1 pq: 30 rg: 24 | total time: 160.84m | eta: 32.5m
step 02062/02475 (83.31%) | loss: 1.527637 | lrm: 0.29 | dt: 4713.72ms | tok/sec: 222,451 | bf16_mfu: 49.03 | epoch: 1 pq: 30 rg: 25 | total time: 160.92m | eta: 32.4m
step 02063/02475 (83.35%) | loss: 1.531277 | lrm: 0.29 | dt: 4763.26ms | tok/sec: 220,138 | bf16_mfu: 48.52 | epoch: 1 pq: 30 rg: 26 | total time: 161.00m | eta: 32.3m
step 02064/02475 (83.39%) | loss: 1.576595 | lrm: 0.29 | dt: 4658.96ms | tok/sec: 225,066 | bf16_mfu: 49.61 | epoch: 1 pq: 30 rg: 27 | total time: 161.08m | eta: 32.2m
step 02065/02475 (83.43%) | loss: 1.571365 | lrm: 0.29 | dt: 4661.68ms | tok/sec: 224,935 | bf16_mfu: 49.58 | epoch: 1 pq: 30 rg: 28 | total time: 161.15m | eta: 32.2m
step 02066/02475 (83.47%) | loss: 1.569041 | lrm: 0.29 | dt: 4663.12ms | tok/sec: 224,865 | bf16_mfu: 49.57 | epoch: 1 pq: 30 rg: 29 | total time: 161.23m | eta: 32.1m
step 02067/02475 (83.52%) | loss: 1.577352 | lrm: 0.29 | dt: 4640.67ms | tok/sec: 225,953 | bf16_mfu: 49.81 | epoch: 1 pq: 30 rg: 30 | total time: 161.31m | eta: 32.0m
step 02068/02475 (83.56%) | loss: 1.592345 | lrm: 0.29 | dt: 4739.60ms | tok/sec: 221,237 | bf16_mfu: 48.77 | epoch: 1 pq: 30 rg: 31 | total time: 161.39m | eta: 31.9m
step 02069/02475 (83.60%) | loss: 1.563855 | lrm: 0.29 | dt: 4783.20ms | tok/sec: 219,220 | bf16_mfu: 48.32 | epoch: 1 pq: 30 rg: 33 | total time: 161.47m | eta: 31.8m
step 02070/02475 (83.64%) | loss: 1.609885 | lrm: 0.29 | dt: 4665.62ms | tok/sec: 224,745 | bf16_mfu: 49.54 | epoch: 1 pq: 30 rg: 34 | total time: 161.55m | eta: 31.8m
step 02071/02475 (83.68%) | loss: 1.581716 | lrm: 0.29 | dt: 4685.48ms | tok/sec: 223,792 | bf16_mfu: 49.33 | epoch: 1 pq: 30 rg: 35 | total time: 161.62m | eta: 31.7m
step 02072/02475 (83.72%) | loss: 1.574487 | lrm: 0.29 | dt: 4723.54ms | tok/sec: 221,989 | bf16_mfu: 48.93 | epoch: 1 pq: 30 rg: 36 | total time: 161.70m | eta: 31.6m
step 02073/02475 (83.76%) | loss: 1.581428 | lrm: 0.29 | dt: 4708.13ms | tok/sec: 222,715 | bf16_mfu: 49.09 | epoch: 1 pq: 30 rg: 37 | total time: 161.78m | eta: 31.5m
step 02074/02475 (83.80%) | loss: 1.578106 | lrm: 0.29 | dt: 4629.62ms | tok/sec: 226,493 | bf16_mfu: 49.92 | epoch: 1 pq: 30 rg: 38 | total time: 161.86m | eta: 31.4m
step 02075/02475 (83.84%) | loss: 1.591564 | lrm: 0.29 | dt: 4681.55ms | tok/sec: 223,980 | bf16_mfu: 49.37 | epoch: 1 pq: 30 rg: 39 | total time: 161.94m | eta: 31.4m
step 02076/02475 (83.88%) | loss: 1.597106 | lrm: 0.29 | dt: 4742.05ms | tok/sec: 221,122 | bf16_mfu: 48.74 | epoch: 1 pq: 30 rg: 40 | total time: 162.02m | eta: 31.3m
step 02077/02475 (83.92%) | loss: 1.596413 | lrm: 0.28 | dt: 4694.99ms | tok/sec: 223,339 | bf16_mfu: 49.23 | epoch: 1 pq: 30 rg: 41 | total time: 162.09m | eta: 31.2m
step 02078/02475 (83.96%) | loss: 1.570675 | lrm: 0.28 | dt: 4680.19ms | tok/sec: 224,045 | bf16_mfu: 49.39 | epoch: 1 pq: 30 rg: 42 | total time: 162.17m | eta: 31.1m
step 02079/02475 (84.00%) | loss: 1.561236 | lrm: 0.28 | dt: 4665.21ms | tok/sec: 224,764 | bf16_mfu: 49.54 | epoch: 1 pq: 30 rg: 43 | total time: 162.25m | eta: 31.1m
step 02080/02475 (84.04%) | loss: 1.549775 | lrm: 0.28 | dt: 4694.23ms | tok/sec: 223,375 | bf16_mfu: 49.24 | epoch: 1 pq: 30 rg: 45 | total time: 162.33m | eta: 31.0m
step 02081/02475 (84.08%) | loss: 1.533897 | lrm: 0.28 | dt: 4686.21ms | tok/sec: 223,757 | bf16_mfu: 49.32 | epoch: 1 pq: 30 rg: 46 | total time: 162.41m | eta: 30.9m
step 02082/02475 (84.12%) | loss: 1.531455 | lrm: 0.28 | dt: 4788.57ms | tok/sec: 218,974 | bf16_mfu: 48.27 | epoch: 1 pq: 30 rg: 47 | total time: 162.49m | eta: 30.8m
step 02083/02475 (84.16%) | loss: 1.519466 | lrm: 0.28 | dt: 4658.19ms | tok/sec: 225,103 | bf16_mfu: 49.62 | epoch: 1 pq: 30 rg: 48 | total time: 162.56m | eta: 30.7m
step 02084/02475 (84.20%) | loss: 1.494202 | lrm: 0.28 | dt: 4717.02ms | tok/sec: 222,296 | bf16_mfu: 49.00 | epoch: 1 pq: 30 rg: 49 | total time: 162.64m | eta: 30.7m
step 02085/02475 (84.24%) | loss: 1.495205 | lrm: 0.28 | dt: 4658.50ms | tok/sec: 225,088 | bf16_mfu: 49.61 | epoch: 1 pq: 30 rg: 50 | total time: 162.72m | eta: 30.6m
step 02086/02475 (84.28%) | loss: 1.485821 | lrm: 0.28 | dt: 4696.03ms | tok/sec: 223,289 | bf16_mfu: 49.22 | epoch: 1 pq: 30 rg: 51 | total time: 162.80m | eta: 30.5m
step 02087/02475 (84.32%) | loss: 1.464560 | lrm: 0.28 | dt: 4704.77ms | tok/sec: 222,875 | bf16_mfu: 49.13 | epoch: 1 pq: 30 rg: 52 | total time: 162.88m | eta: 30.4m
step 02088/02475 (84.36%) | loss: 1.446061 | lrm: 0.28 | dt: 4672.60ms | tok/sec: 224,409 | bf16_mfu: 49.47 | epoch: 1 pq: 30 rg: 53 | total time: 162.95m | eta: 30.3m
step 02089/02475 (84.40%) | loss: 1.439940 | lrm: 0.28 | dt: 4681.23ms | tok/sec: 223,995 | bf16_mfu: 49.37 | epoch: 1 pq: 30 rg: 54 | total time: 163.03m | eta: 30.3m
step 02090/02475 (84.44%) | loss: 1.443434 | lrm: 0.28 | dt: 4686.87ms | tok/sec: 223,726 | bf16_mfu: 49.31 | epoch: 1 pq: 30 rg: 55 | total time: 163.11m | eta: 30.2m
step 02091/02475 (84.48%) | loss: 1.415426 | lrm: 0.28 | dt: 4676.18ms | tok/sec: 224,237 | bf16_mfu: 49.43 | epoch: 1 pq: 30 rg: 57 | total time: 163.19m | eta: 30.1m
step 02092/02475 (84.53%) | loss: 1.421284 | lrm: 0.28 | dt: 4679.19ms | tok/sec: 224,093 | bf16_mfu: 49.40 | epoch: 1 pq: 30 rg: 58 | total time: 163.27m | eta: 30.0m
step 02093/02475 (84.57%) | loss: 1.414122 | lrm: 0.28 | dt: 4649.45ms | tok/sec: 225,527 | bf16_mfu: 49.71 | epoch: 1 pq: 30 rg: 59 | total time: 163.34m | eta: 30.0m
step 02094/02475 (84.61%) | loss: 1.428907 | lrm: 0.27 | dt: 4728.05ms | tok/sec: 221,777 | bf16_mfu: 48.89 | epoch: 1 pq: 30 rg: 60 | total time: 163.42m | eta: 29.9m
step 02095/02475 (84.65%) | loss: 1.438445 | lrm: 0.27 | dt: 4726.01ms | tok/sec: 221,873 | bf16_mfu: 48.91 | epoch: 1 pq: 30 rg: 61 | total time: 163.50m | eta: 29.8m
step 02096/02475 (84.69%) | loss: 1.466606 | lrm: 0.27 | dt: 4679.72ms | tok/sec: 224,067 | bf16_mfu: 49.39 | epoch: 1 pq: 30 rg: 62 | total time: 163.58m | eta: 29.7m
step 02097/02475 (84.73%) | loss: 1.448175 | lrm: 0.27 | dt: 4715.79ms | tok/sec: 222,354 | bf16_mfu: 49.01 | epoch: 1 pq: 30 rg: 63 | total time: 163.66m | eta: 29.6m
step 02098/02475 (84.77%) | loss: 1.444120 | lrm: 0.27 | dt: 4723.16ms | tok/sec: 222,007 | bf16_mfu: 48.94 | epoch: 1 pq: 30 rg: 64 | total time: 163.74m | eta: 29.6m
step 02099/02475 (84.81%) | loss: 1.435386 | lrm: 0.27 | dt: 4694.17ms | tok/sec: 223,378 | bf16_mfu: 49.24 | epoch: 1 pq: 30 rg: 65 | total time: 163.82m | eta: 29.5m
step 02100/02475 (84.85%) | loss: 1.445708 | lrm: 0.27 | dt: 4689.10ms | tok/sec: 223,619 | bf16_mfu: 49.29 | epoch: 1 pq: 30 rg: 66 | total time: 163.89m | eta: 29.4m
step 02101/02475 (84.89%) | loss: 1.453527 | lrm: 0.27 | dt: 4698.37ms | tok/sec: 223,178 | bf16_mfu: 49.19 | epoch: 1 pq: 30 rg: 67 | total time: 163.97m | eta: 29.3m
step 02102/02475 (84.93%) | loss: 1.459311 | lrm: 0.27 | dt: 4795.63ms | tok/sec: 218,652 | bf16_mfu: 48.20 | epoch: 1 pq: 30 rg: 69 | total time: 164.05m | eta: 29.3m
step 02103/02475 (84.97%) | loss: 1.457208 | lrm: 0.27 | dt: 4759.17ms | tok/sec: 220,327 | bf16_mfu: 48.57 | epoch: 1 pq: 30 rg: 70 | total time: 164.13m | eta: 29.2m
step 02104/02475 (85.01%) | loss: 1.480252 | lrm: 0.27 | dt: 4688.05ms | tok/sec: 223,669 | bf16_mfu: 49.30 | epoch: 1 pq: 30 rg: 71 | total time: 164.21m | eta: 29.1m
step 02105/02475 (85.05%) | loss: 1.466565 | lrm: 0.27 | dt: 4681.98ms | tok/sec: 223,960 | bf16_mfu: 49.37 | epoch: 1 pq: 30 rg: 72 | total time: 164.29m | eta: 29.0m
step 02106/02475 (85.09%) | loss: 1.471106 | lrm: 0.27 | dt: 4688.81ms | tok/sec: 223,633 | bf16_mfu: 49.29 | epoch: 1 pq: 30 rg: 73 | total time: 164.37m | eta: 28.9m
step 02107/02475 (85.13%) | loss: 1.454734 | lrm: 0.27 | dt: 4677.01ms | tok/sec: 224,198 | bf16_mfu: 49.42 | epoch: 1 pq: 30 rg: 74 | total time: 164.44m | eta: 28.9m
step 02108/02475 (85.17%) | loss: 1.418880 | lrm: 0.27 | dt: 4676.01ms | tok/sec: 224,245 | bf16_mfu: 49.43 | epoch: 1 pq: 30 rg: 75 | total time: 164.52m | eta: 28.8m
step 02109/02475 (85.21%) | loss: 1.392427 | lrm: 0.27 | dt: 4711.29ms | tok/sec: 222,566 | bf16_mfu: 49.06 | epoch: 1 pq: 30 rg: 76 | total time: 164.60m | eta: 28.7m
step 02110/02475 (85.25%) | loss: 1.397661 | lrm: 0.27 | dt: 4712.88ms | tok/sec: 222,491 | bf16_mfu: 49.04 | epoch: 1 pq: 30 rg: 77 | total time: 164.68m | eta: 28.6m
step 02111/02475 (85.29%) | loss: 1.378395 | lrm: 0.26 | dt: 4732.07ms | tok/sec: 221,589 | bf16_mfu: 48.84 | epoch: 1 pq: 30 rg: 78 | total time: 164.76m | eta: 28.5m
step 02112/02475 (85.33%) | loss: 1.394272 | lrm: 0.26 | dt: 4718.50ms | tok/sec: 222,226 | bf16_mfu: 48.98 | epoch: 1 pq: 30 rg: 79 | total time: 164.84m | eta: 28.5m
step 02113/02475 (85.37%) | loss: 1.387269 | lrm: 0.26 | dt: 4667.31ms | tok/sec: 224,663 | bf16_mfu: 49.52 | epoch: 1 pq: 30 rg: 80 | total time: 164.91m | eta: 28.4m
step 02114/02475 (85.41%) | loss: 1.390070 | lrm: 0.26 | dt: 4759.22ms | tok/sec: 220,325 | bf16_mfu: 48.56 | epoch: 1 pq: 30 rg: 82 | total time: 164.99m | eta: 28.3m
step 02115/02475 (85.45%) | loss: 1.410244 | lrm: 0.26 | dt: 4679.77ms | tok/sec: 224,065 | bf16_mfu: 49.39 | epoch: 1 pq: 30 rg: 83 | total time: 165.07m | eta: 28.2m
step 02116/02475 (85.49%) | loss: 1.419335 | lrm: 0.26 | dt: 4954.11ms | tok/sec: 211,657 | bf16_mfu: 46.65 | epoch: 1 pq: 30 rg: 84 | total time: 165.15m | eta: 28.2m
step 02117/02475 (85.54%) | loss: 1.453520 | lrm: 0.26 | dt: 4689.43ms | tok/sec: 223,604 | bf16_mfu: 49.29 | epoch: 1 pq: 30 rg: 85 | total time: 165.23m | eta: 28.1m
step 02118/02475 (85.58%) | loss: 1.449812 | lrm: 0.26 | dt: 4664.87ms | tok/sec: 224,781 | bf16_mfu: 49.55 | epoch: 1 pq: 30 rg: 86 | total time: 165.31m | eta: 28.0m
step 02119/02475 (85.62%) | loss: 1.461658 | lrm: 0.26 | dt: 4679.38ms | tok/sec: 224,084 | bf16_mfu: 49.39 | epoch: 1 pq: 30 rg: 87 | total time: 165.39m | eta: 27.9m
step 02120/02475 (85.66%) | loss: 1.473737 | lrm: 0.26 | dt: 4696.50ms | tok/sec: 223,267 | bf16_mfu: 49.21 | epoch: 1 pq: 30 rg: 88 | total time: 165.47m | eta: 27.8m
step 02121/02475 (85.70%) | loss: 1.481886 | lrm: 0.26 | dt: 4678.62ms | tok/sec: 224,120 | bf16_mfu: 49.40 | epoch: 1 pq: 30 rg: 89 | total time: 165.54m | eta: 27.8m
step 02122/02475 (85.74%) | loss: 1.467345 | lrm: 0.26 | dt: 4767.83ms | tok/sec: 219,927 | bf16_mfu: 48.48 | epoch: 1 pq: 30 rg: 90 | total time: 165.62m | eta: 27.7m
step 02123/02475 (85.78%) | loss: 1.484998 | lrm: 0.26 | dt: 4737.15ms | tok/sec: 221,351 | bf16_mfu: 48.79 | epoch: 1 pq: 30 rg: 91 | total time: 165.70m | eta: 27.6m
step 02124/02475 (85.82%) | loss: 1.489242 | lrm: 0.26 | dt: 4905.06ms | tok/sec: 213,774 | bf16_mfu: 47.12 | epoch: 1 pq: 30 rg: 93 | total time: 165.78m | eta: 27.5m
step 02125/02475 (85.86%) | loss: 1.435138 | lrm: 0.26 | dt: 4716.02ms | tok/sec: 222,343 | bf16_mfu: 49.01 | epoch: 1 pq: 30 rg: 94 | total time: 165.86m | eta: 27.4m
step 02126/02475 (85.90%) | loss: 1.436960 | lrm: 0.26 | dt: 4677.51ms | tok/sec: 224,173 | bf16_mfu: 49.41 | epoch: 1 pq: 30 rg: 95 | total time: 165.94m | eta: 27.4m
step 02127/02475 (85.94%) | loss: 1.432022 | lrm: 0.26 | dt: 4788.87ms | tok/sec: 218,960 | bf16_mfu: 48.26 | epoch: 1 pq: 30 rg: 96 | total time: 166.02m | eta: 27.3m
step 02128/02475 (85.98%) | loss: 1.444807 | lrm: 0.25 | dt: 4739.10ms | tok/sec: 221,260 | bf16_mfu: 48.77 | epoch: 1 pq: 30 rg: 97 | total time: 166.10m | eta: 27.2m
step 02129/02475 (86.02%) | loss: 1.438245 | lrm: 0.25 | dt: 4714.47ms | tok/sec: 222,416 | bf16_mfu: 49.03 | epoch: 1 pq: 30 rg: 98 | total time: 166.18m | eta: 27.1m
step 02130/02475 (86.06%) | loss: 1.447520 | lrm: 0.25 | dt: 4766.29ms | tok/sec: 219,998 | bf16_mfu: 48.49 | epoch: 1 pq: 30 rg: 99 | total time: 166.26m | eta: 27.1m
step 02131/02475 (86.10%) | loss: 1.487228 | lrm: 0.25 | dt: 4779.10ms | tok/sec: 219,408 | bf16_mfu: 48.36 | epoch: 1 pq: 30 rg: 100 | total time: 166.34m | eta: 27.0m
step 02132/02475 (86.14%) | loss: 1.491847 | lrm: 0.25 | dt: 4829.97ms | tok/sec: 217,097 | bf16_mfu: 47.85 | epoch: 1 pq: 30 rg: 101 | total time: 166.42m | eta: 26.9m
step 02133/02475 (86.18%) | loss: 1.618248 | lrm: 0.25 | dt: 4642.55ms | tok/sec: 225,862 | bf16_mfu: 49.79 | epoch: 1 pq: 31 rg: 1 | total time: 166.49m | eta: 26.8m
step 02134/02475 (86.22%) | loss: 1.737198 | lrm: 0.25 | dt: 4723.42ms | tok/sec: 221,995 | bf16_mfu: 48.93 | epoch: 1 pq: 31 rg: 3 | total time: 166.57m | eta: 26.7m
step 02135/02475 (86.26%) | loss: 1.838889 | lrm: 0.25 | dt: 4663.83ms | tok/sec: 224,831 | bf16_mfu: 49.56 | epoch: 1 pq: 31 rg: 5 | total time: 166.65m | eta: 26.7m
step 02136/02475 (86.30%) | loss: 1.946073 | lrm: 0.25 | dt: 4664.62ms | tok/sec: 224,793 | bf16_mfu: 49.55 | epoch: 1 pq: 31 rg: 7 | total time: 166.73m | eta: 26.6m
step 02137/02475 (86.34%) | loss: 2.034988 | lrm: 0.25 | dt: 4634.25ms | tok/sec: 226,266 | bf16_mfu: 49.87 | epoch: 1 pq: 31 rg: 9 | total time: 166.81m | eta: 26.5m
step 02138/02475 (86.38%) | loss: 2.145058 | lrm: 0.25 | dt: 4666.78ms | tok/sec: 224,689 | bf16_mfu: 49.53 | epoch: 1 pq: 31 rg: 11 | total time: 166.88m | eta: 26.4m
step 02139/02475 (86.42%) | loss: 2.221042 | lrm: 0.25 | dt: 4670.97ms | tok/sec: 224,487 | bf16_mfu: 49.48 | epoch: 1 pq: 31 rg: 13 | total time: 166.96m | eta: 26.3m
step 02140/02475 (86.46%) | loss: 2.280371 | lrm: 0.25 | dt: 4664.99ms | tok/sec: 224,775 | bf16_mfu: 49.55 | epoch: 1 pq: 31 rg: 14 | total time: 167.04m | eta: 26.3m
step 02141/02475 (86.51%) | loss: 2.346897 | lrm: 0.25 | dt: 4657.25ms | tok/sec: 225,149 | bf16_mfu: 49.63 | epoch: 1 pq: 31 rg: 16 | total time: 167.12m | eta: 26.2m
step 02142/02475 (86.55%) | loss: 2.390881 | lrm: 0.25 | dt: 4638.90ms | tok/sec: 226,039 | bf16_mfu: 49.82 | epoch: 1 pq: 31 rg: 18 | total time: 167.19m | eta: 26.1m
step 02143/02475 (86.59%) | loss: 2.434024 | lrm: 0.25 | dt: 4643.00ms | tok/sec: 225,840 | bf16_mfu: 49.78 | epoch: 1 pq: 31 rg: 20 | total time: 167.27m | eta: 26.0m
step 02144/02475 (86.63%) | loss: 2.467451 | lrm: 0.25 | dt: 4724.38ms | tok/sec: 221,949 | bf16_mfu: 48.92 | epoch: 1 pq: 31 rg: 22 | total time: 167.35m | eta: 26.0m
step 02145/02475 (86.67%) | loss: 2.501595 | lrm: 0.24 | dt: 4676.00ms | tok/sec: 224,246 | bf16_mfu: 49.43 | epoch: 1 pq: 31 rg: 24 | total time: 167.43m | eta: 25.9m
step 02146/02475 (86.71%) | loss: 2.523191 | lrm: 0.24 | dt: 4634.26ms | tok/sec: 226,266 | bf16_mfu: 49.87 | epoch: 1 pq: 31 rg: 26 | total time: 167.51m | eta: 25.8m
step 02147/02475 (86.75%) | loss: 2.542281 | lrm: 0.24 | dt: 4663.80ms | tok/sec: 224,832 | bf16_mfu: 49.56 | epoch: 1 pq: 31 rg: 28 | total time: 167.58m | eta: 25.7m
step 02148/02475 (86.79%) | loss: 2.581417 | lrm: 0.24 | dt: 4629.15ms | tok/sec: 226,515 | bf16_mfu: 49.93 | epoch: 1 pq: 31 rg: 30 | total time: 167.66m | eta: 25.6m
step 02149/02475 (86.83%) | loss: 2.614303 | lrm: 0.24 | dt: 4736.25ms | tok/sec: 221,393 | bf16_mfu: 48.80 | epoch: 1 pq: 31 rg: 32 | total time: 167.74m | eta: 25.6m
step 02150/02475 (86.87%) | loss: 2.634765 | lrm: 0.24 | dt: 4627.91ms | tok/sec: 226,576 | bf16_mfu: 49.94 | epoch: 1 pq: 31 rg: 34 | total time: 167.82m | eta: 25.5m
step 02151/02475 (86.91%) | loss: 2.650909 | lrm: 0.24 | dt: 4646.78ms | tok/sec: 225,656 | bf16_mfu: 49.74 | epoch: 1 pq: 31 rg: 36 | total time: 167.89m | eta: 25.4m
step 02152/02475 (86.95%) | loss: 2.679635 | lrm: 0.24 | dt: 4626.66ms | tok/sec: 226,637 | bf16_mfu: 49.96 | epoch: 1 pq: 31 rg: 38 | total time: 167.97m | eta: 25.3m
step 02153/02475 (86.99%) | loss: 2.694817 | lrm: 0.24 | dt: 4632.52ms | tok/sec: 226,351 | bf16_mfu: 49.89 | epoch: 1 pq: 31 rg: 40 | total time: 168.05m | eta: 25.3m
step 02154/02475 (87.03%) | loss: 2.701821 | lrm: 0.24 | dt: 4640.37ms | tok/sec: 225,968 | bf16_mfu: 49.81 | epoch: 1 pq: 31 rg: 42 | total time: 168.13m | eta: 25.2m
step 02155/02475 (87.07%) | loss: 2.713935 | lrm: 0.24 | dt: 4618.75ms | tok/sec: 227,025 | bf16_mfu: 50.04 | epoch: 1 pq: 31 rg: 44 | total time: 168.20m | eta: 25.1m
step 02156/02475 (87.11%) | loss: 2.742306 | lrm: 0.24 | dt: 4636.34ms | tok/sec: 226,164 | bf16_mfu: 49.85 | epoch: 1 pq: 31 rg: 46 | total time: 168.28m | eta: 25.0m
step 02157/02475 (87.15%) | loss: 2.735240 | lrm: 0.24 | dt: 4636.98ms | tok/sec: 226,133 | bf16_mfu: 49.85 | epoch: 1 pq: 31 rg: 48 | total time: 168.36m | eta: 24.9m
step 02158/02475 (87.19%) | loss: 2.738615 | lrm: 0.24 | dt: 4655.82ms | tok/sec: 225,218 | bf16_mfu: 49.64 | epoch: 1 pq: 31 rg: 49 | total time: 168.43m | eta: 24.9m
step 02159/02475 (87.23%) | loss: 2.748198 | lrm: 0.24 | dt: 4640.63ms | tok/sec: 225,955 | bf16_mfu: 49.81 | epoch: 1 pq: 31 rg: 51 | total time: 168.51m | eta: 24.8m
step 02160/02475 (87.27%) | loss: 2.742355 | lrm: 0.24 | dt: 4608.47ms | tok/sec: 227,532 | bf16_mfu: 50.15 | epoch: 1 pq: 31 rg: 53 | total time: 168.59m | eta: 24.7m
step 02161/02475 (87.31%) | loss: 2.756721 | lrm: 0.24 | dt: 4739.82ms | tok/sec: 221,227 | bf16_mfu: 48.76 | epoch: 1 pq: 31 rg: 55 | total time: 168.67m | eta: 24.6m
step 02162/02475 (87.35%) | loss: 2.760298 | lrm: 0.23 | dt: 4610.40ms | tok/sec: 227,437 | bf16_mfu: 50.13 | epoch: 1 pq: 31 rg: 57 | total time: 168.74m | eta: 24.5m
step 02163/02475 (87.39%) | loss: 2.766280 | lrm: 0.23 | dt: 4623.41ms | tok/sec: 226,797 | bf16_mfu: 49.99 | epoch: 1 pq: 31 rg: 59 | total time: 168.82m | eta: 24.5m
step 02164/02475 (87.43%) | loss: 2.777329 | lrm: 0.23 | dt: 4609.11ms | tok/sec: 227,500 | bf16_mfu: 50.15 | epoch: 1 pq: 31 rg: 61 | total time: 168.90m | eta: 24.4m
step 02165/02475 (87.47%) | loss: 2.787323 | lrm: 0.23 | dt: 4612.32ms | tok/sec: 227,342 | bf16_mfu: 50.11 | epoch: 1 pq: 31 rg: 63 | total time: 168.98m | eta: 24.3m
step 02166/02475 (87.52%) | loss: 2.801701 | lrm: 0.23 | dt: 4703.41ms | tok/sec: 222,939 | bf16_mfu: 49.14 | epoch: 1 pq: 31 rg: 65 | total time: 169.05m | eta: 24.2m
step 02167/02475 (87.56%) | loss: 2.785150 | lrm: 0.23 | dt: 4612.97ms | tok/sec: 227,310 | bf16_mfu: 50.10 | epoch: 1 pq: 31 rg: 67 | total time: 169.13m | eta: 24.2m
step 02168/02475 (87.60%) | loss: 2.777170 | lrm: 0.23 | dt: 4625.28ms | tok/sec: 226,705 | bf16_mfu: 49.97 | epoch: 1 pq: 31 rg: 69 | total time: 169.21m | eta: 24.1m
step 02169/02475 (87.64%) | loss: 2.790171 | lrm: 0.23 | dt: 4651.47ms | tok/sec: 225,428 | bf16_mfu: 49.69 | epoch: 1 pq: 31 rg: 71 | total time: 169.29m | eta: 24.0m
step 02170/02475 (87.68%) | loss: 2.782278 | lrm: 0.23 | dt: 4635.87ms | tok/sec: 226,187 | bf16_mfu: 49.86 | epoch: 1 pq: 31 rg: 73 | total time: 169.36m | eta: 23.9m
step 02171/02475 (87.72%) | loss: 2.784897 | lrm: 0.23 | dt: 4616.88ms | tok/sec: 227,117 | bf16_mfu: 50.06 | epoch: 1 pq: 31 rg: 75 | total time: 169.44m | eta: 23.8m
step 02172/02475 (87.76%) | loss: 2.793758 | lrm: 0.23 | dt: 4631.35ms | tok/sec: 226,408 | bf16_mfu: 49.91 | epoch: 1 pq: 31 rg: 77 | total time: 169.52m | eta: 23.8m
step 02173/02475 (87.80%) | loss: 2.783793 | lrm: 0.23 | dt: 4652.80ms | tok/sec: 225,364 | bf16_mfu: 49.68 | epoch: 1 pq: 31 rg: 79 | total time: 169.59m | eta: 23.7m
step 02174/02475 (87.84%) | loss: 2.802944 | lrm: 0.23 | dt: 4618.38ms | tok/sec: 227,043 | bf16_mfu: 50.05 | epoch: 1 pq: 31 rg: 81 | total time: 169.67m | eta: 23.6m
step 02175/02475 (87.88%) | loss: 2.800245 | lrm: 0.23 | dt: 4659.90ms | tok/sec: 225,021 | bf16_mfu: 49.60 | epoch: 1 pq: 32 rg: 0 | total time: 169.75m | eta: 23.5m
step 02176/02475 (87.92%) | loss: 2.760167 | lrm: 0.23 | dt: 4629.82ms | tok/sec: 226,483 | bf16_mfu: 49.92 | epoch: 1 pq: 32 rg: 2 | total time: 169.83m | eta: 23.4m
step 02177/02475 (87.96%) | loss: 2.760437 | lrm: 0.23 | dt: 4690.22ms | tok/sec: 223,566 | bf16_mfu: 49.28 | epoch: 1 pq: 32 rg: 4 | total time: 169.90m | eta: 23.4m
step 02178/02475 (88.00%) | loss: 2.751792 | lrm: 0.23 | dt: 4608.38ms | tok/sec: 227,536 | bf16_mfu: 50.15 | epoch: 1 pq: 32 rg: 5 | total time: 169.98m | eta: 23.3m
step 02179/02475 (88.04%) | loss: 2.751808 | lrm: 0.22 | dt: 4622.85ms | tok/sec: 226,824 | bf16_mfu: 50.00 | epoch: 1 pq: 32 rg: 7 | total time: 170.06m | eta: 23.2m
step 02180/02475 (88.08%) | loss: 2.759400 | lrm: 0.22 | dt: 4674.82ms | tok/sec: 224,303 | bf16_mfu: 49.44 | epoch: 1 pq: 32 rg: 9 | total time: 170.14m | eta: 23.1m
step 02181/02475 (88.12%) | loss: 2.770684 | lrm: 0.22 | dt: 4639.33ms | tok/sec: 226,018 | bf16_mfu: 49.82 | epoch: 1 pq: 32 rg: 11 | total time: 170.21m | eta: 23.1m
step 02182/02475 (88.16%) | loss: 2.779853 | lrm: 0.22 | dt: 4646.24ms | tok/sec: 225,682 | bf16_mfu: 49.75 | epoch: 1 pq: 32 rg: 13 | total time: 170.29m | eta: 23.0m
step 02183/02475 (88.20%) | loss: 2.767791 | lrm: 0.22 | dt: 4633.55ms | tok/sec: 226,300 | bf16_mfu: 49.88 | epoch: 1 pq: 32 rg: 15 | total time: 170.37m | eta: 22.9m
step 02184/02475 (88.24%) | loss: 2.769203 | lrm: 0.22 | dt: 4637.34ms | tok/sec: 226,115 | bf16_mfu: 49.84 | epoch: 1 pq: 32 rg: 17 | total time: 170.45m | eta: 22.8m
step 02185/02475 (88.28%) | loss: 2.756904 | lrm: 0.22 | dt: 4664.72ms | tok/sec: 224,788 | bf16_mfu: 49.55 | epoch: 1 pq: 32 rg: 19 | total time: 170.52m | eta: 22.7m
step 02186/02475 (88.32%) | loss: 2.752621 | lrm: 0.22 | dt: 4642.55ms | tok/sec: 225,862 | bf16_mfu: 49.79 | epoch: 1 pq: 32 rg: 21 | total time: 170.60m | eta: 22.7m
step 02187/02475 (88.36%) | loss: 2.750818 | lrm: 0.22 | dt: 4623.47ms | tok/sec: 226,794 | bf16_mfu: 49.99 | epoch: 1 pq: 32 rg: 23 | total time: 170.68m | eta: 22.6m
step 02188/02475 (88.40%) | loss: 2.738666 | lrm: 0.22 | dt: 4647.92ms | tok/sec: 225,601 | bf16_mfu: 49.73 | epoch: 1 pq: 32 rg: 25 | total time: 170.76m | eta: 22.5m
step 02189/02475 (88.44%) | loss: 2.740957 | lrm: 0.22 | dt: 4620.42ms | tok/sec: 226,943 | bf16_mfu: 50.02 | epoch: 1 pq: 32 rg: 27 | total time: 170.83m | eta: 22.4m
step 02190/02475 (88.48%) | loss: 2.746385 | lrm: 0.22 | dt: 4634.16ms | tok/sec: 226,270 | bf16_mfu: 49.88 | epoch: 1 pq: 32 rg: 29 | total time: 170.91m | eta: 22.3m
step 02191/02475 (88.53%) | loss: 2.753035 | lrm: 0.22 | dt: 4633.50ms | tok/sec: 226,303 | bf16_mfu: 49.88 | epoch: 1 pq: 32 rg: 31 | total time: 170.99m | eta: 22.3m
step 02192/02475 (88.57%) | loss: 2.748313 | lrm: 0.22 | dt: 4638.14ms | tok/sec: 226,076 | bf16_mfu: 49.83 | epoch: 1 pq: 32 rg: 32 | total time: 171.06m | eta: 22.2m
step 02193/02475 (88.61%) | loss: 2.758122 | lrm: 0.22 | dt: 4656.24ms | tok/sec: 225,197 | bf16_mfu: 49.64 | epoch: 1 pq: 32 rg: 34 | total time: 171.14m | eta: 22.1m
step 02194/02475 (88.65%) | loss: 2.767502 | lrm: 0.22 | dt: 4646.84ms | tok/sec: 225,653 | bf16_mfu: 49.74 | epoch: 1 pq: 32 rg: 36 | total time: 171.22m | eta: 22.0m
step 02195/02475 (88.69%) | loss: 2.778114 | lrm: 0.22 | dt: 4718.94ms | tok/sec: 222,206 | bf16_mfu: 48.98 | epoch: 1 pq: 32 rg: 38 | total time: 171.30m | eta: 22.0m
step 02196/02475 (88.73%) | loss: 2.772948 | lrm: 0.21 | dt: 4647.78ms | tok/sec: 225,607 | bf16_mfu: 49.73 | epoch: 1 pq: 32 rg: 40 | total time: 171.38m | eta: 21.9m
step 02197/02475 (88.77%) | loss: 2.789736 | lrm: 0.21 | dt: 4668.08ms | tok/sec: 224,627 | bf16_mfu: 49.51 | epoch: 1 pq: 32 rg: 42 | total time: 171.45m | eta: 21.8m
step 02198/02475 (88.81%) | loss: 2.789721 | lrm: 0.21 | dt: 4648.11ms | tok/sec: 225,591 | bf16_mfu: 49.73 | epoch: 1 pq: 32 rg: 44 | total time: 171.53m | eta: 21.7m
step 02199/02475 (88.85%) | loss: 2.793485 | lrm: 0.21 | dt: 4642.46ms | tok/sec: 225,866 | bf16_mfu: 49.79 | epoch: 1 pq: 32 rg: 46 | total time: 171.61m | eta: 21.6m
step 02200/02475 (88.89%) | loss: 2.792543 | lrm: 0.21 | dt: 4628.01ms | tok/sec: 226,571 | bf16_mfu: 49.94 | epoch: 1 pq: 32 rg: 48 | total time: 171.68m | eta: 21.6m
step 02201/02475 (88.93%) | loss: 2.782837 | lrm: 0.21 | dt: 4655.84ms | tok/sec: 225,217 | bf16_mfu: 49.64 | epoch: 1 pq: 32 rg: 50 | total time: 171.76m | eta: 21.5m
step 02202/02475 (88.97%) | loss: 2.793353 | lrm: 0.21 | dt: 4740.20ms | tok/sec: 221,209 | bf16_mfu: 48.76 | epoch: 1 pq: 32 rg: 52 | total time: 171.84m | eta: 21.4m
step 02203/02475 (89.01%) | loss: 2.799467 | lrm: 0.21 | dt: 4638.69ms | tok/sec: 226,050 | bf16_mfu: 49.83 | epoch: 1 pq: 32 rg: 54 | total time: 171.92m | eta: 21.3m
step 02204/02475 (89.05%) | loss: 2.807569 | lrm: 0.21 | dt: 4647.27ms | tok/sec: 225,632 | bf16_mfu: 49.73 | epoch: 1 pq: 32 rg: 56 | total time: 172.00m | eta: 21.2m
step 02205/02475 (89.09%) | loss: 2.810287 | lrm: 0.21 | dt: 4665.57ms | tok/sec: 224,747 | bf16_mfu: 49.54 | epoch: 1 pq: 32 rg: 58 | total time: 172.07m | eta: 21.2m
step 02206/02475 (89.13%) | loss: 2.798534 | lrm: 0.21 | dt: 4655.60ms | tok/sec: 225,228 | bf16_mfu: 49.65 | epoch: 1 pq: 32 rg: 60 | total time: 172.15m | eta: 21.1m
step 02207/02475 (89.17%) | loss: 2.791701 | lrm: 0.21 | dt: 4659.93ms | tok/sec: 225,019 | bf16_mfu: 49.60 | epoch: 1 pq: 32 rg: 61 | total time: 172.23m | eta: 21.0m
step 02208/02475 (89.21%) | loss: 2.790165 | lrm: 0.21 | dt: 4639.45ms | tok/sec: 226,013 | bf16_mfu: 49.82 | epoch: 1 pq: 32 rg: 63 | total time: 172.31m | eta: 20.9m
step 02209/02475 (89.25%) | loss: 2.799119 | lrm: 0.21 | dt: 4643.97ms | tok/sec: 225,793 | bf16_mfu: 49.77 | epoch: 1 pq: 32 rg: 65 | total time: 172.38m | eta: 20.9m
step 02210/02475 (89.29%) | loss: 2.789304 | lrm: 0.21 | dt: 4641.12ms | tok/sec: 225,931 | bf16_mfu: 49.80 | epoch: 1 pq: 32 rg: 67 | total time: 172.46m | eta: 20.8m
step 02211/02475 (89.33%) | loss: 2.783657 | lrm: 0.21 | dt: 4637.79ms | tok/sec: 226,093 | bf16_mfu: 49.84 | epoch: 1 pq: 32 rg: 69 | total time: 172.54m | eta: 20.7m
step 02212/02475 (89.37%) | loss: 2.773977 | lrm: 0.21 | dt: 4651.99ms | tok/sec: 225,403 | bf16_mfu: 49.68 | epoch: 1 pq: 32 rg: 71 | total time: 172.62m | eta: 20.6m
step 02213/02475 (89.41%) | loss: 2.777782 | lrm: 0.20 | dt: 4643.69ms | tok/sec: 225,806 | bf16_mfu: 49.77 | epoch: 1 pq: 32 rg: 73 | total time: 172.69m | eta: 20.5m
step 02214/02475 (89.45%) | loss: 2.787485 | lrm: 0.20 | dt: 4686.32ms | tok/sec: 223,752 | bf16_mfu: 49.32 | epoch: 1 pq: 32 rg: 75 | total time: 172.77m | eta: 20.5m
step 02215/02475 (89.49%) | loss: 2.780508 | lrm: 0.20 | dt: 4640.74ms | tok/sec: 225,950 | bf16_mfu: 49.80 | epoch: 1 pq: 32 rg: 77 | total time: 172.85m | eta: 20.4m
step 02216/02475 (89.54%) | loss: 2.784591 | lrm: 0.20 | dt: 4628.91ms | tok/sec: 226,527 | bf16_mfu: 49.93 | epoch: 1 pq: 32 rg: 79 | total time: 172.93m | eta: 20.3m
step 02217/02475 (89.58%) | loss: 2.779209 | lrm: 0.20 | dt: 4641.69ms | tok/sec: 225,904 | bf16_mfu: 49.79 | epoch: 1 pq: 32 rg: 81 | total time: 173.00m | eta: 20.2m
step 02218/02475 (89.62%) | loss: 2.770909 | lrm: 0.20 | dt: 4725.08ms | tok/sec: 221,917 | bf16_mfu: 48.92 | epoch: 1 pq: 33 rg: 0 | total time: 173.08m | eta: 20.1m
step 02219/02475 (89.66%) | loss: 2.659196 | lrm: 0.20 | dt: 4796.26ms | tok/sec: 218,623 | bf16_mfu: 48.19 | epoch: 1 pq: 33 rg: 1 | total time: 173.16m | eta: 20.1m
step 02220/02475 (89.70%) | loss: 2.488436 | lrm: 0.20 | dt: 4797.58ms | tok/sec: 218,563 | bf16_mfu: 48.18 | epoch: 1 pq: 33 rg: 2 | total time: 173.24m | eta: 20.0m
step 02221/02475 (89.74%) | loss: 2.366041 | lrm: 0.20 | dt: 4793.54ms | tok/sec: 218,747 | bf16_mfu: 48.22 | epoch: 1 pq: 33 rg: 3 | total time: 173.32m | eta: 19.9m
step 02222/02475 (89.78%) | loss: 2.292030 | lrm: 0.20 | dt: 4710.13ms | tok/sec: 222,621 | bf16_mfu: 49.07 | epoch: 1 pq: 33 rg: 4 | total time: 173.40m | eta: 19.8m
step 02223/02475 (89.82%) | loss: 2.219111 | lrm: 0.20 | dt: 4783.48ms | tok/sec: 219,207 | bf16_mfu: 48.32 | epoch: 1 pq: 33 rg: 5 | total time: 173.48m | eta: 19.8m
step 02224/02475 (89.86%) | loss: 2.170319 | lrm: 0.20 | dt: 4754.20ms | tok/sec: 220,557 | bf16_mfu: 48.62 | epoch: 1 pq: 33 rg: 6 | total time: 173.56m | eta: 19.7m
step 02225/02475 (89.90%) | loss: 2.079713 | lrm: 0.20 | dt: 4744.81ms | tok/sec: 220,994 | bf16_mfu: 48.71 | epoch: 1 pq: 33 rg: 7 | total time: 173.64m | eta: 19.6m
step 02226/02475 (89.94%) | loss: 2.033920 | lrm: 0.20 | dt: 4689.53ms | tok/sec: 223,599 | bf16_mfu: 49.29 | epoch: 1 pq: 33 rg: 8 | total time: 173.72m | eta: 19.5m
step 02227/02475 (89.98%) | loss: 1.977230 | lrm: 0.20 | dt: 4681.63ms | tok/sec: 223,976 | bf16_mfu: 49.37 | epoch: 1 pq: 33 rg: 9 | total time: 173.79m | eta: 19.4m
step 02228/02475 (90.02%) | loss: 1.968512 | lrm: 0.20 | dt: 4699.86ms | tok/sec: 223,107 | bf16_mfu: 49.18 | epoch: 1 pq: 33 rg: 10 | total time: 173.87m | eta: 19.4m
step 02229/02475 (90.06%) | loss: 1.914969 | lrm: 0.20 | dt: 4713.35ms | tok/sec: 222,469 | bf16_mfu: 49.04 | epoch: 1 pq: 33 rg: 12 | total time: 173.95m | eta: 19.3m
step 02230/02475 (90.10%) | loss: 1.871917 | lrm: 0.19 | dt: 4785.50ms | tok/sec: 219,115 | bf16_mfu: 48.30 | epoch: 1 pq: 33 rg: 13 | total time: 174.03m | eta: 19.2m
step 02231/02475 (90.14%) | loss: 1.839906 | lrm: 0.19 | dt: 4661.49ms | tok/sec: 224,944 | bf16_mfu: 49.58 | epoch: 1 pq: 33 rg: 14 | total time: 174.11m | eta: 19.1m
step 02232/02475 (90.18%) | loss: 1.843681 | lrm: 0.19 | dt: 4756.33ms | tok/sec: 220,459 | bf16_mfu: 48.59 | epoch: 1 pq: 33 rg: 15 | total time: 174.19m | eta: 19.0m
step 02233/02475 (90.22%) | loss: 1.805022 | lrm: 0.19 | dt: 4741.50ms | tok/sec: 221,148 | bf16_mfu: 48.75 | epoch: 1 pq: 33 rg: 16 | total time: 174.27m | eta: 19.0m
step 02234/02475 (90.26%) | loss: 1.748983 | lrm: 0.19 | dt: 4714.93ms | tok/sec: 222,394 | bf16_mfu: 49.02 | epoch: 1 pq: 33 rg: 17 | total time: 174.35m | eta: 18.9m
step 02235/02475 (90.30%) | loss: 1.730217 | lrm: 0.19 | dt: 4685.38ms | tok/sec: 223,797 | bf16_mfu: 49.33 | epoch: 1 pq: 33 rg: 18 | total time: 174.42m | eta: 18.8m
step 02236/02475 (90.34%) | loss: 1.728458 | lrm: 0.19 | dt: 4717.98ms | tok/sec: 222,250 | bf16_mfu: 48.99 | epoch: 1 pq: 33 rg: 19 | total time: 174.50m | eta: 18.7m
step 02237/02475 (90.38%) | loss: 1.718560 | lrm: 0.19 | dt: 4727.87ms | tok/sec: 221,785 | bf16_mfu: 48.89 | epoch: 1 pq: 33 rg: 20 | total time: 174.58m | eta: 18.7m
step 02238/02475 (90.42%) | loss: 1.687728 | lrm: 0.19 | dt: 4714.63ms | tok/sec: 222,408 | bf16_mfu: 49.02 | epoch: 1 pq: 33 rg: 21 | total time: 174.66m | eta: 18.6m
step 02239/02475 (90.46%) | loss: 1.671811 | lrm: 0.19 | dt: 4741.80ms | tok/sec: 221,134 | bf16_mfu: 48.74 | epoch: 1 pq: 33 rg: 22 | total time: 174.74m | eta: 18.5m
step 02240/02475 (90.51%) | loss: 1.647500 | lrm: 0.19 | dt: 4791.12ms | tok/sec: 218,858 | bf16_mfu: 48.24 | epoch: 1 pq: 33 rg: 24 | total time: 174.82m | eta: 18.4m
step 02241/02475 (90.55%) | loss: 1.628930 | lrm: 0.19 | dt: 4753.88ms | tok/sec: 220,572 | bf16_mfu: 48.62 | epoch: 1 pq: 33 rg: 25 | total time: 174.90m | eta: 18.3m
step 02242/02475 (90.59%) | loss: 1.630973 | lrm: 0.19 | dt: 4790.41ms | tok/sec: 218,890 | bf16_mfu: 48.25 | epoch: 1 pq: 33 rg: 26 | total time: 174.98m | eta: 18.3m
step 02243/02475 (90.63%) | loss: 1.622010 | lrm: 0.19 | dt: 4720.30ms | tok/sec: 222,141 | bf16_mfu: 48.97 | epoch: 1 pq: 33 rg: 27 | total time: 175.06m | eta: 18.2m
step 02244/02475 (90.67%) | loss: 1.599841 | lrm: 0.19 | dt: 4991.28ms | tok/sec: 210,081 | bf16_mfu: 46.31 | epoch: 1 pq: 33 rg: 28 | total time: 175.14m | eta: 18.1m
step 02245/02475 (90.71%) | loss: 1.575674 | lrm: 0.19 | dt: 4755.80ms | tok/sec: 220,483 | bf16_mfu: 48.60 | epoch: 1 pq: 33 rg: 29 | total time: 175.22m | eta: 18.0m
step 02246/02475 (90.75%) | loss: 1.587290 | lrm: 0.19 | dt: 4687.82ms | tok/sec: 223,680 | bf16_mfu: 49.30 | epoch: 1 pq: 33 rg: 30 | total time: 175.30m | eta: 18.0m
step 02247/02475 (90.79%) | loss: 1.570436 | lrm: 0.18 | dt: 4651.38ms | tok/sec: 225,433 | bf16_mfu: 49.69 | epoch: 1 pq: 33 rg: 31 | total time: 175.37m | eta: 17.9m
step 02248/02475 (90.83%) | loss: 1.535376 | lrm: 0.18 | dt: 4679.55ms | tok/sec: 224,076 | bf16_mfu: 49.39 | epoch: 1 pq: 33 rg: 32 | total time: 175.45m | eta: 17.8m
step 02249/02475 (90.87%) | loss: 1.542942 | lrm: 0.18 | dt: 4680.92ms | tok/sec: 224,010 | bf16_mfu: 49.38 | epoch: 1 pq: 33 rg: 33 | total time: 175.53m | eta: 17.7m
Step 02250 | Validation bpb: 0.858812
step 02250/02475 (90.91%) | loss: 1.530696 | lrm: 0.18 | dt: 4668.62ms | tok/sec: 224,600 | bf16_mfu: 49.51 | epoch: 1 pq: 33 rg: 35 | total time: 175.61m | eta: 17.6m
step 02251/02475 (90.95%) | loss: 1.517473 | lrm: 0.18 | dt: 4688.52ms | tok/sec: 223,647 | bf16_mfu: 49.30 | epoch: 1 pq: 33 rg: 36 | total time: 175.69m | eta: 17.6m
step 02252/02475 (90.99%) | loss: 1.541157 | lrm: 0.18 | dt: 4719.11ms | tok/sec: 222,197 | bf16_mfu: 48.98 | epoch: 1 pq: 33 rg: 37 | total time: 175.77m | eta: 17.5m
step 02253/02475 (91.03%) | loss: 1.521909 | lrm: 0.18 | dt: 4668.67ms | tok/sec: 224,598 | bf16_mfu: 49.51 | epoch: 1 pq: 33 rg: 38 | total time: 175.84m | eta: 17.4m
step 02254/02475 (91.07%) | loss: 1.530781 | lrm: 0.18 | dt: 4712.84ms | tok/sec: 222,493 | bf16_mfu: 49.04 | epoch: 1 pq: 33 rg: 39 | total time: 175.92m | eta: 17.3m
step 02255/02475 (91.11%) | loss: 1.535313 | lrm: 0.18 | dt: 4729.00ms | tok/sec: 221,733 | bf16_mfu: 48.88 | epoch: 1 pq: 33 rg: 40 | total time: 176.00m | eta: 17.2m
step 02256/02475 (91.15%) | loss: 1.489533 | lrm: 0.18 | dt: 4756.32ms | tok/sec: 220,459 | bf16_mfu: 48.59 | epoch: 1 pq: 33 rg: 41 | total time: 176.08m | eta: 17.2m
step 02257/02475 (91.19%) | loss: 1.483061 | lrm: 0.18 | dt: 4769.39ms | tok/sec: 219,855 | bf16_mfu: 48.46 | epoch: 1 pq: 33 rg: 42 | total time: 176.16m | eta: 17.1m
step 02258/02475 (91.23%) | loss: 1.501957 | lrm: 0.18 | dt: 4702.21ms | tok/sec: 222,996 | bf16_mfu: 49.15 | epoch: 1 pq: 33 rg: 43 | total time: 176.24m | eta: 17.0m
step 02259/02475 (91.27%) | loss: 1.521138 | lrm: 0.18 | dt: 4871.85ms | tok/sec: 215,231 | bf16_mfu: 47.44 | epoch: 1 pq: 33 rg: 44 | total time: 176.32m | eta: 16.9m
step 02260/02475 (91.31%) | loss: 1.506188 | lrm: 0.18 | dt: 4749.43ms | tok/sec: 220,779 | bf16_mfu: 48.67 | epoch: 1 pq: 33 rg: 46 | total time: 176.40m | eta: 16.9m
step 02261/02475 (91.35%) | loss: 1.508525 | lrm: 0.18 | dt: 4851.27ms | tok/sec: 216,144 | bf16_mfu: 47.64 | epoch: 1 pq: 33 rg: 47 | total time: 176.48m | eta: 16.8m
step 02262/02475 (91.39%) | loss: 1.502279 | lrm: 0.18 | dt: 4684.66ms | tok/sec: 223,832 | bf16_mfu: 49.34 | epoch: 1 pq: 33 rg: 48 | total time: 176.56m | eta: 16.7m
step 02263/02475 (91.43%) | loss: 1.495417 | lrm: 0.18 | dt: 4691.80ms | tok/sec: 223,491 | bf16_mfu: 49.26 | epoch: 1 pq: 33 rg: 49 | total time: 176.64m | eta: 16.6m
step 02264/02475 (91.47%) | loss: 1.493990 | lrm: 0.17 | dt: 4756.75ms | tok/sec: 220,439 | bf16_mfu: 48.59 | epoch: 1 pq: 33 rg: 50 | total time: 176.71m | eta: 16.5m
step 02265/02475 (91.52%) | loss: 1.490428 | lrm: 0.17 | dt: 4692.84ms | tok/sec: 223,441 | bf16_mfu: 49.25 | epoch: 1 pq: 33 rg: 51 | total time: 176.79m | eta: 16.5m
step 02266/02475 (91.56%) | loss: 1.509922 | lrm: 0.17 | dt: 4712.58ms | tok/sec: 222,505 | bf16_mfu: 49.05 | epoch: 1 pq: 33 rg: 52 | total time: 176.87m | eta: 16.4m
step 02267/02475 (91.60%) | loss: 1.498901 | lrm: 0.17 | dt: 4686.19ms | tok/sec: 223,758 | bf16_mfu: 49.32 | epoch: 1 pq: 33 rg: 53 | total time: 176.95m | eta: 16.3m
step 02268/02475 (91.64%) | loss: 1.497106 | lrm: 0.17 | dt: 4731.27ms | tok/sec: 221,626 | bf16_mfu: 48.85 | epoch: 1 pq: 33 rg: 54 | total time: 177.03m | eta: 16.2m
step 02269/02475 (91.68%) | loss: 1.477853 | lrm: 0.17 | dt: 4664.14ms | tok/sec: 224,816 | bf16_mfu: 49.56 | epoch: 1 pq: 33 rg: 55 | total time: 177.11m | eta: 16.2m
step 02270/02475 (91.72%) | loss: 1.504982 | lrm: 0.17 | dt: 4683.41ms | tok/sec: 223,891 | bf16_mfu: 49.35 | epoch: 1 pq: 33 rg: 56 | total time: 177.18m | eta: 16.1m
step 02271/02475 (91.76%) | loss: 1.479948 | lrm: 0.17 | dt: 4867.07ms | tok/sec: 215,443 | bf16_mfu: 47.49 | epoch: 1 pq: 33 rg: 58 | total time: 177.27m | eta: 16.0m
step 02272/02475 (91.80%) | loss: 1.490491 | lrm: 0.17 | dt: 4694.41ms | tok/sec: 223,366 | bf16_mfu: 49.24 | epoch: 1 pq: 33 rg: 59 | total time: 177.34m | eta: 15.9m
step 02273/02475 (91.84%) | loss: 1.504105 | lrm: 0.17 | dt: 4633.66ms | tok/sec: 226,295 | bf16_mfu: 49.88 | epoch: 1 pq: 33 rg: 60 | total time: 177.42m | eta: 15.8m
step 02274/02475 (91.88%) | loss: 1.501037 | lrm: 0.17 | dt: 4644.75ms | tok/sec: 225,754 | bf16_mfu: 49.76 | epoch: 1 pq: 33 rg: 61 | total time: 177.50m | eta: 15.8m
step 02275/02475 (91.92%) | loss: 1.517837 | lrm: 0.17 | dt: 4667.03ms | tok/sec: 224,677 | bf16_mfu: 49.52 | epoch: 1 pq: 33 rg: 62 | total time: 177.58m | eta: 15.7m
step 02276/02475 (91.96%) | loss: 1.487727 | lrm: 0.17 | dt: 4824.16ms | tok/sec: 217,359 | bf16_mfu: 47.91 | epoch: 1 pq: 33 rg: 63 | total time: 177.66m | eta: 15.6m
step 02277/02475 (92.00%) | loss: 1.457522 | lrm: 0.17 | dt: 4663.33ms | tok/sec: 224,855 | bf16_mfu: 49.56 | epoch: 1 pq: 33 rg: 64 | total time: 177.73m | eta: 15.5m
step 02278/02475 (92.04%) | loss: 1.471323 | lrm: 0.17 | dt: 4788.21ms | tok/sec: 218,991 | bf16_mfu: 48.27 | epoch: 1 pq: 33 rg: 65 | total time: 177.81m | eta: 15.4m
step 02279/02475 (92.08%) | loss: 1.476783 | lrm: 0.17 | dt: 4703.57ms | tok/sec: 222,932 | bf16_mfu: 49.14 | epoch: 1 pq: 33 rg: 66 | total time: 177.89m | eta: 15.4m
step 02280/02475 (92.12%) | loss: 1.493309 | lrm: 0.17 | dt: 4692.73ms | tok/sec: 223,446 | bf16_mfu: 49.25 | epoch: 1 pq: 33 rg: 67 | total time: 177.97m | eta: 15.3m
step 02281/02475 (92.16%) | loss: 1.497816 | lrm: 0.16 | dt: 4703.10ms | tok/sec: 222,954 | bf16_mfu: 49.14 | epoch: 1 pq: 33 rg: 68 | total time: 178.05m | eta: 15.2m
step 02282/02475 (92.20%) | loss: 1.499234 | lrm: 0.16 | dt: 4833.38ms | tok/sec: 216,944 | bf16_mfu: 47.82 | epoch: 1 pq: 33 rg: 70 | total time: 178.13m | eta: 15.1m
step 02283/02475 (92.24%) | loss: 1.488653 | lrm: 0.16 | dt: 4737.50ms | tok/sec: 221,335 | bf16_mfu: 48.79 | epoch: 1 pq: 33 rg: 71 | total time: 178.21m | eta: 15.1m
step 02284/02475 (92.28%) | loss: 1.495237 | lrm: 0.16 | dt: 4710.84ms | tok/sec: 222,588 | bf16_mfu: 49.06 | epoch: 1 pq: 33 rg: 72 | total time: 178.29m | eta: 15.0m
step 02285/02475 (92.32%) | loss: 1.516249 | lrm: 0.16 | dt: 4685.26ms | tok/sec: 223,803 | bf16_mfu: 49.33 | epoch: 1 pq: 33 rg: 73 | total time: 178.36m | eta: 14.9m
step 02286/02475 (92.36%) | loss: 1.495508 | lrm: 0.16 | dt: 4702.62ms | tok/sec: 222,976 | bf16_mfu: 49.15 | epoch: 1 pq: 33 rg: 74 | total time: 178.44m | eta: 14.8m
step 02287/02475 (92.40%) | loss: 1.506763 | lrm: 0.16 | dt: 4680.23ms | tok/sec: 224,043 | bf16_mfu: 49.38 | epoch: 1 pq: 33 rg: 75 | total time: 178.52m | eta: 14.7m
step 02288/02475 (92.44%) | loss: 1.516098 | lrm: 0.16 | dt: 4668.98ms | tok/sec: 224,583 | bf16_mfu: 49.50 | epoch: 1 pq: 33 rg: 76 | total time: 178.60m | eta: 14.7m
step 02289/02475 (92.48%) | loss: 1.507169 | lrm: 0.16 | dt: 4677.82ms | tok/sec: 224,159 | bf16_mfu: 49.41 | epoch: 1 pq: 33 rg: 77 | total time: 178.68m | eta: 14.6m
step 02290/02475 (92.53%) | loss: 1.518280 | lrm: 0.16 | dt: 4628.06ms | tok/sec: 226,569 | bf16_mfu: 49.94 | epoch: 1 pq: 33 rg: 78 | total time: 178.75m | eta: 14.5m
step 02291/02475 (92.57%) | loss: 1.510526 | lrm: 0.16 | dt: 4967.16ms | tok/sec: 211,101 | bf16_mfu: 46.53 | epoch: 1 pq: 33 rg: 79 | total time: 178.84m | eta: 14.4m
step 02292/02475 (92.61%) | loss: 1.502435 | lrm: 0.16 | dt: 4735.83ms | tok/sec: 221,413 | bf16_mfu: 48.80 | epoch: 1 pq: 33 rg: 81 | total time: 178.92m | eta: 14.3m
step 02293/02475 (92.65%) | loss: 1.517322 | lrm: 0.16 | dt: 4698.71ms | tok/sec: 223,162 | bf16_mfu: 49.19 | epoch: 1 pq: 33 rg: 82 | total time: 178.99m | eta: 14.3m
step 02294/02475 (92.69%) | loss: 1.489381 | lrm: 0.16 | dt: 4648.88ms | tok/sec: 225,554 | bf16_mfu: 49.72 | epoch: 1 pq: 33 rg: 83 | total time: 179.07m | eta: 14.2m
step 02295/02475 (92.73%) | loss: 1.483433 | lrm: 0.16 | dt: 4630.51ms | tok/sec: 226,449 | bf16_mfu: 49.91 | epoch: 1 pq: 33 rg: 84 | total time: 179.15m | eta: 14.1m
step 02296/02475 (92.77%) | loss: 1.506842 | lrm: 0.16 | dt: 4691.37ms | tok/sec: 223,511 | bf16_mfu: 49.27 | epoch: 1 pq: 33 rg: 85 | total time: 179.23m | eta: 14.0m
step 02297/02475 (92.81%) | loss: 1.474431 | lrm: 0.16 | dt: 4840.80ms | tok/sec: 216,612 | bf16_mfu: 47.75 | epoch: 1 pq: 33 rg: 86 | total time: 179.31m | eta: 14.0m
step 02298/02475 (92.85%) | loss: 1.438739 | lrm: 0.15 | dt: 4675.80ms | tok/sec: 224,255 | bf16_mfu: 49.43 | epoch: 1 pq: 33 rg: 87 | total time: 179.39m | eta: 13.9m
step 02299/02475 (92.89%) | loss: 1.449378 | lrm: 0.15 | dt: 4663.63ms | tok/sec: 224,841 | bf16_mfu: 49.56 | epoch: 1 pq: 33 rg: 88 | total time: 179.46m | eta: 13.8m
step 02300/02475 (92.93%) | loss: 1.452292 | lrm: 0.15 | dt: 4725.77ms | tok/sec: 221,884 | bf16_mfu: 48.91 | epoch: 1 pq: 33 rg: 89 | total time: 179.54m | eta: 13.7m
step 02301/02475 (92.97%) | loss: 1.427810 | lrm: 0.15 | dt: 4918.65ms | tok/sec: 213,183 | bf16_mfu: 46.99 | epoch: 1 pq: 33 rg: 91 | total time: 179.62m | eta: 13.6m
step 02302/02475 (93.01%) | loss: 1.408391 | lrm: 0.15 | dt: 4671.17ms | tok/sec: 224,478 | bf16_mfu: 49.48 | epoch: 1 pq: 33 rg: 92 | total time: 179.70m | eta: 13.6m
step 02303/02475 (93.05%) | loss: 1.401964 | lrm: 0.15 | dt: 4652.20ms | tok/sec: 225,393 | bf16_mfu: 49.68 | epoch: 1 pq: 33 rg: 93 | total time: 179.78m | eta: 13.5m
step 02304/02475 (93.09%) | loss: 1.402233 | lrm: 0.15 | dt: 4650.80ms | tok/sec: 225,461 | bf16_mfu: 49.70 | epoch: 1 pq: 33 rg: 94 | total time: 179.86m | eta: 13.4m
step 02305/02475 (93.13%) | loss: 1.403409 | lrm: 0.15 | dt: 4889.83ms | tok/sec: 214,440 | bf16_mfu: 47.27 | epoch: 1 pq: 33 rg: 95 | total time: 179.94m | eta: 13.3m
step 02306/02475 (93.17%) | loss: 1.414293 | lrm: 0.15 | dt: 4709.22ms | tok/sec: 222,664 | bf16_mfu: 49.08 | epoch: 1 pq: 33 rg: 96 | total time: 180.02m | eta: 13.3m
step 02307/02475 (93.21%) | loss: 1.423479 | lrm: 0.15 | dt: 4665.66ms | tok/sec: 224,743 | bf16_mfu: 49.54 | epoch: 1 pq: 33 rg: 97 | total time: 180.09m | eta: 13.2m
step 02308/02475 (93.25%) | loss: 1.435802 | lrm: 0.15 | dt: 4690.20ms | tok/sec: 223,567 | bf16_mfu: 49.28 | epoch: 1 pq: 33 rg: 98 | total time: 180.17m | eta: 13.1m
step 02309/02475 (93.29%) | loss: 1.458379 | lrm: 0.15 | dt: 4739.10ms | tok/sec: 221,260 | bf16_mfu: 48.77 | epoch: 1 pq: 33 rg: 99 | total time: 180.25m | eta: 13.0m
step 02310/02475 (93.33%) | loss: 1.478874 | lrm: 0.15 | dt: 4654.26ms | tok/sec: 225,293 | bf16_mfu: 49.66 | epoch: 1 pq: 33 rg: 100 | total time: 180.33m | eta: 12.9m
step 02311/02475 (93.37%) | loss: 1.488173 | lrm: 0.15 | dt: 4704.64ms | tok/sec: 222,881 | bf16_mfu: 49.13 | epoch: 1 pq: 33 rg: 102 | total time: 180.41m | eta: 12.9m
step 02312/02475 (93.41%) | loss: 1.463841 | lrm: 0.15 | dt: 4734.08ms | tok/sec: 221,495 | bf16_mfu: 48.82 | epoch: 1 pq: 34 rg: 0 | total time: 180.49m | eta: 12.8m
step 02313/02475 (93.45%) | loss: 1.475251 | lrm: 0.15 | dt: 4689.06ms | tok/sec: 223,621 | bf16_mfu: 49.29 | epoch: 1 pq: 34 rg: 1 | total time: 180.56m | eta: 12.7m
step 02314/02475 (93.49%) | loss: 1.456858 | lrm: 0.15 | dt: 4727.37ms | tok/sec: 221,809 | bf16_mfu: 48.89 | epoch: 1 pq: 34 rg: 3 | total time: 180.64m | eta: 12.6m
step 02315/02475 (93.54%) | loss: 1.458342 | lrm: 0.14 | dt: 4690.53ms | tok/sec: 223,551 | bf16_mfu: 49.28 | epoch: 1 pq: 34 rg: 4 | total time: 180.72m | eta: 12.5m
step 02316/02475 (93.58%) | loss: 1.453112 | lrm: 0.14 | dt: 4740.33ms | tok/sec: 221,203 | bf16_mfu: 48.76 | epoch: 1 pq: 34 rg: 5 | total time: 180.80m | eta: 12.5m
step 02317/02475 (93.62%) | loss: 1.460319 | lrm: 0.14 | dt: 4678.39ms | tok/sec: 224,132 | bf16_mfu: 49.40 | epoch: 1 pq: 34 rg: 6 | total time: 180.88m | eta: 12.4m
step 02318/02475 (93.66%) | loss: 1.468737 | lrm: 0.14 | dt: 4871.41ms | tok/sec: 215,250 | bf16_mfu: 47.45 | epoch: 1 pq: 34 rg: 7 | total time: 180.96m | eta: 12.3m
step 02319/02475 (93.70%) | loss: 1.481460 | lrm: 0.14 | dt: 4701.35ms | tok/sec: 223,037 | bf16_mfu: 49.16 | epoch: 1 pq: 34 rg: 8 | total time: 181.04m | eta: 12.2m
step 02320/02475 (93.74%) | loss: 1.494215 | lrm: 0.14 | dt: 4671.03ms | tok/sec: 224,484 | bf16_mfu: 49.48 | epoch: 1 pq: 34 rg: 9 | total time: 181.12m | eta: 12.2m
step 02321/02475 (93.78%) | loss: 1.494520 | lrm: 0.14 | dt: 4809.22ms | tok/sec: 218,034 | bf16_mfu: 48.06 | epoch: 1 pq: 34 rg: 10 | total time: 181.20m | eta: 12.1m
step 02322/02475 (93.82%) | loss: 1.490700 | lrm: 0.14 | dt: 4879.85ms | tok/sec: 214,878 | bf16_mfu: 47.36 | epoch: 1 pq: 34 rg: 11 | total time: 181.28m | eta: 12.0m
step 02323/02475 (93.86%) | loss: 1.482408 | lrm: 0.14 | dt: 4953.61ms | tok/sec: 211,679 | bf16_mfu: 46.66 | epoch: 1 pq: 34 rg: 12 | total time: 181.36m | eta: 11.9m
step 02324/02475 (93.90%) | loss: 1.497578 | lrm: 0.14 | dt: 4794.04ms | tok/sec: 218,724 | bf16_mfu: 48.21 | epoch: 1 pq: 34 rg: 14 | total time: 181.44m | eta: 11.8m
step 02325/02475 (93.94%) | loss: 1.484157 | lrm: 0.14 | dt: 4775.87ms | tok/sec: 219,556 | bf16_mfu: 48.40 | epoch: 1 pq: 34 rg: 15 | total time: 181.52m | eta: 11.8m
step 02326/02475 (93.98%) | loss: 1.489221 | lrm: 0.14 | dt: 4801.91ms | tok/sec: 218,366 | bf16_mfu: 48.13 | epoch: 1 pq: 34 rg: 16 | total time: 181.60m | eta: 11.7m
step 02327/02475 (94.02%) | loss: 1.488489 | lrm: 0.14 | dt: 4761.55ms | tok/sec: 220,217 | bf16_mfu: 48.54 | epoch: 1 pq: 34 rg: 17 | total time: 181.68m | eta: 11.6m
step 02328/02475 (94.06%) | loss: 1.489003 | lrm: 0.14 | dt: 4734.22ms | tok/sec: 221,488 | bf16_mfu: 48.82 | epoch: 1 pq: 34 rg: 18 | total time: 181.76m | eta: 11.5m
step 02329/02475 (94.10%) | loss: 1.483092 | lrm: 0.14 | dt: 4694.97ms | tok/sec: 223,340 | bf16_mfu: 49.23 | epoch: 1 pq: 34 rg: 19 | total time: 181.84m | eta: 11.4m
step 02330/02475 (94.14%) | loss: 1.513175 | lrm: 0.14 | dt: 4717.43ms | tok/sec: 222,277 | bf16_mfu: 49.00 | epoch: 1 pq: 34 rg: 20 | total time: 181.91m | eta: 11.4m
step 02331/02475 (94.18%) | loss: 1.512687 | lrm: 0.14 | dt: 4653.14ms | tok/sec: 225,348 | bf16_mfu: 49.67 | epoch: 1 pq: 34 rg: 21 | total time: 181.99m | eta: 11.3m
step 02332/02475 (94.22%) | loss: 1.511640 | lrm: 0.13 | dt: 4689.35ms | tok/sec: 223,607 | bf16_mfu: 49.29 | epoch: 1 pq: 34 rg: 22 | total time: 182.07m | eta: 11.2m
step 02333/02475 (94.26%) | loss: 1.499554 | lrm: 0.13 | dt: 4785.79ms | tok/sec: 219,102 | bf16_mfu: 48.30 | epoch: 1 pq: 34 rg: 23 | total time: 182.15m | eta: 11.1m
step 02334/02475 (94.30%) | loss: 1.507524 | lrm: 0.13 | dt: 4682.00ms | tok/sec: 223,959 | bf16_mfu: 49.37 | epoch: 1 pq: 34 rg: 24 | total time: 182.23m | eta: 11.1m
step 02335/02475 (94.34%) | loss: 1.492957 | lrm: 0.13 | dt: 4761.44ms | tok/sec: 220,222 | bf16_mfu: 48.54 | epoch: 1 pq: 34 rg: 25 | total time: 182.31m | eta: 11.0m
step 02336/02475 (94.38%) | loss: 1.472766 | lrm: 0.13 | dt: 4751.81ms | tok/sec: 220,668 | bf16_mfu: 48.64 | epoch: 1 pq: 34 rg: 27 | total time: 182.39m | eta: 10.9m
step 02337/02475 (94.42%) | loss: 1.502149 | lrm: 0.13 | dt: 4704.46ms | tok/sec: 222,889 | bf16_mfu: 49.13 | epoch: 1 pq: 34 rg: 28 | total time: 182.47m | eta: 10.8m
step 02338/02475 (94.46%) | loss: 1.480847 | lrm: 0.13 | dt: 4746.16ms | tok/sec: 220,931 | bf16_mfu: 48.70 | epoch: 1 pq: 34 rg: 29 | total time: 182.54m | eta: 10.7m
step 02339/02475 (94.51%) | loss: 1.493692 | lrm: 0.13 | dt: 4996.65ms | tok/sec: 209,855 | bf16_mfu: 46.26 | epoch: 1 pq: 34 rg: 30 | total time: 182.63m | eta: 10.7m
step 02340/02475 (94.55%) | loss: 1.506599 | lrm: 0.13 | dt: 4692.89ms | tok/sec: 223,439 | bf16_mfu: 49.25 | epoch: 1 pq: 34 rg: 31 | total time: 182.71m | eta: 10.6m
step 02341/02475 (94.59%) | loss: 1.486654 | lrm: 0.13 | dt: 4727.23ms | tok/sec: 221,816 | bf16_mfu: 48.89 | epoch: 1 pq: 34 rg: 32 | total time: 182.78m | eta: 10.5m
step 02342/02475 (94.63%) | loss: 1.482323 | lrm: 0.13 | dt: 4746.53ms | tok/sec: 220,914 | bf16_mfu: 48.69 | epoch: 1 pq: 34 rg: 33 | total time: 182.86m | eta: 10.4m
step 02343/02475 (94.67%) | loss: 1.482682 | lrm: 0.13 | dt: 4679.01ms | tok/sec: 224,102 | bf16_mfu: 49.40 | epoch: 1 pq: 34 rg: 34 | total time: 182.94m | eta: 10.4m
step 02344/02475 (94.71%) | loss: 1.470734 | lrm: 0.13 | dt: 4723.19ms | tok/sec: 222,006 | bf16_mfu: 48.94 | epoch: 1 pq: 34 rg: 35 | total time: 183.02m | eta: 10.3m
step 02345/02475 (94.75%) | loss: 1.470266 | lrm: 0.13 | dt: 4707.36ms | tok/sec: 222,752 | bf16_mfu: 49.10 | epoch: 1 pq: 34 rg: 36 | total time: 183.10m | eta: 10.2m
step 02346/02475 (94.79%) | loss: 1.436595 | lrm: 0.13 | dt: 4725.54ms | tok/sec: 221,895 | bf16_mfu: 48.91 | epoch: 1 pq: 34 rg: 38 | total time: 183.18m | eta: 10.1m
step 02347/02475 (94.83%) | loss: 1.441136 | lrm: 0.13 | dt: 4642.77ms | tok/sec: 225,851 | bf16_mfu: 49.78 | epoch: 1 pq: 34 rg: 39 | total time: 183.26m | eta: 10.0m
step 02348/02475 (94.87%) | loss: 1.449633 | lrm: 0.12 | dt: 4645.43ms | tok/sec: 225,722 | bf16_mfu: 49.75 | epoch: 1 pq: 34 rg: 40 | total time: 183.33m | eta: 10.0m
step 02349/02475 (94.91%) | loss: 1.470153 | lrm: 0.12 | dt: 4703.71ms | tok/sec: 222,925 | bf16_mfu: 49.14 | epoch: 1 pq: 34 rg: 41 | total time: 183.41m | eta: 9.9m
step 02350/02475 (94.95%) | loss: 1.468235 | lrm: 0.12 | dt: 4659.33ms | tok/sec: 225,048 | bf16_mfu: 49.61 | epoch: 1 pq: 34 rg: 42 | total time: 183.49m | eta: 9.8m
step 02351/02475 (94.99%) | loss: 1.461284 | lrm: 0.12 | dt: 4692.48ms | tok/sec: 223,458 | bf16_mfu: 49.26 | epoch: 1 pq: 34 rg: 43 | total time: 183.57m | eta: 9.7m
step 02352/02475 (95.03%) | loss: 1.490463 | lrm: 0.12 | dt: 4651.83ms | tok/sec: 225,411 | bf16_mfu: 49.69 | epoch: 1 pq: 34 rg: 44 | total time: 183.64m | eta: 9.6m
step 02353/02475 (95.07%) | loss: 1.487889 | lrm: 0.12 | dt: 4652.50ms | tok/sec: 225,378 | bf16_mfu: 49.68 | epoch: 1 pq: 34 rg: 45 | total time: 183.72m | eta: 9.6m
step 02354/02475 (95.11%) | loss: 1.505577 | lrm: 0.12 | dt: 4656.28ms | tok/sec: 225,196 | bf16_mfu: 49.64 | epoch: 1 pq: 34 rg: 46 | total time: 183.80m | eta: 9.5m
step 02355/02475 (95.15%) | loss: 1.503873 | lrm: 0.12 | dt: 4682.29ms | tok/sec: 223,945 | bf16_mfu: 49.36 | epoch: 1 pq: 34 rg: 47 | total time: 183.88m | eta: 9.4m
step 02356/02475 (95.19%) | loss: 1.538440 | lrm: 0.12 | dt: 4954.40ms | tok/sec: 211,645 | bf16_mfu: 46.65 | epoch: 1 pq: 34 rg: 48 | total time: 183.96m | eta: 9.3m
step 02357/02475 (95.23%) | loss: 1.539033 | lrm: 0.12 | dt: 4666.51ms | tok/sec: 224,702 | bf16_mfu: 49.53 | epoch: 1 pq: 34 rg: 49 | total time: 184.04m | eta: 9.3m
step 02358/02475 (95.27%) | loss: 1.527091 | lrm: 0.12 | dt: 4674.37ms | tok/sec: 224,324 | bf16_mfu: 49.45 | epoch: 1 pq: 34 rg: 51 | total time: 184.12m | eta: 9.2m
step 02359/02475 (95.31%) | loss: 1.526391 | lrm: 0.12 | dt: 4698.24ms | tok/sec: 223,185 | bf16_mfu: 49.20 | epoch: 1 pq: 34 rg: 52 | total time: 184.19m | eta: 9.1m
step 02360/02475 (95.35%) | loss: 1.511917 | lrm: 0.12 | dt: 4667.65ms | tok/sec: 224,647 | bf16_mfu: 49.52 | epoch: 1 pq: 34 rg: 53 | total time: 184.27m | eta: 9.0m
step 02361/02475 (95.39%) | loss: 1.479719 | lrm: 0.12 | dt: 4695.22ms | tok/sec: 223,328 | bf16_mfu: 49.23 | epoch: 1 pq: 34 rg: 54 | total time: 184.35m | eta: 8.9m
step 02362/02475 (95.43%) | loss: 1.508041 | lrm: 0.12 | dt: 4661.82ms | tok/sec: 224,928 | bf16_mfu: 49.58 | epoch: 1 pq: 34 rg: 55 | total time: 184.43m | eta: 8.9m
step 02363/02475 (95.47%) | loss: 1.501793 | lrm: 0.12 | dt: 4803.17ms | tok/sec: 218,309 | bf16_mfu: 48.12 | epoch: 1 pq: 34 rg: 56 | total time: 184.51m | eta: 8.8m
step 02364/02475 (95.52%) | loss: 1.496329 | lrm: 0.12 | dt: 4709.13ms | tok/sec: 222,668 | bf16_mfu: 49.08 | epoch: 1 pq: 34 rg: 57 | total time: 184.59m | eta: 8.7m
step 02365/02475 (95.56%) | loss: 1.488987 | lrm: 0.11 | dt: 4669.12ms | tok/sec: 224,576 | bf16_mfu: 49.50 | epoch: 1 pq: 34 rg: 58 | total time: 184.66m | eta: 8.6m
step 02366/02475 (95.60%) | loss: 1.516754 | lrm: 0.11 | dt: 4704.97ms | tok/sec: 222,865 | bf16_mfu: 49.12 | epoch: 1 pq: 34 rg: 59 | total time: 184.74m | eta: 8.5m
step 02367/02475 (95.64%) | loss: 1.515466 | lrm: 0.11 | dt: 4673.23ms | tok/sec: 224,379 | bf16_mfu: 49.46 | epoch: 1 pq: 34 rg: 60 | total time: 184.82m | eta: 8.5m
step 02368/02475 (95.68%) | loss: 1.481218 | lrm: 0.11 | dt: 4702.10ms | tok/sec: 223,001 | bf16_mfu: 49.15 | epoch: 1 pq: 34 rg: 61 | total time: 184.90m | eta: 8.4m
step 02369/02475 (95.72%) | loss: 1.483238 | lrm: 0.11 | dt: 4801.21ms | tok/sec: 218,398 | bf16_mfu: 48.14 | epoch: 1 pq: 34 rg: 63 | total time: 184.98m | eta: 8.3m
step 02370/02475 (95.76%) | loss: 1.449763 | lrm: 0.11 | dt: 4632.93ms | tok/sec: 226,331 | bf16_mfu: 49.89 | epoch: 1 pq: 34 rg: 64 | total time: 185.06m | eta: 8.2m
step 02371/02475 (95.80%) | loss: 1.462746 | lrm: 0.11 | dt: 4624.14ms | tok/sec: 226,761 | bf16_mfu: 49.98 | epoch: 1 pq: 34 rg: 65 | total time: 185.13m | eta: 8.2m
step 02372/02475 (95.84%) | loss: 1.483414 | lrm: 0.11 | dt: 4634.51ms | tok/sec: 226,253 | bf16_mfu: 49.87 | epoch: 1 pq: 34 rg: 66 | total time: 185.21m | eta: 8.1m
step 02373/02475 (95.88%) | loss: 1.499514 | lrm: 0.11 | dt: 4698.54ms | tok/sec: 223,170 | bf16_mfu: 49.19 | epoch: 1 pq: 34 rg: 67 | total time: 185.29m | eta: 8.0m
step 02374/02475 (95.92%) | loss: 1.494424 | lrm: 0.11 | dt: 4598.73ms | tok/sec: 228,014 | bf16_mfu: 50.26 | epoch: 1 pq: 34 rg: 68 | total time: 185.37m | eta: 7.9m
step 02375/02475 (95.96%) | loss: 1.500762 | lrm: 0.11 | dt: 4682.20ms | tok/sec: 223,949 | bf16_mfu: 49.36 | epoch: 1 pq: 34 rg: 69 | total time: 185.44m | eta: 7.8m
step 02376/02475 (96.00%) | loss: 1.513311 | lrm: 0.11 | dt: 4641.05ms | tok/sec: 225,935 | bf16_mfu: 49.80 | epoch: 1 pq: 34 rg: 70 | total time: 185.52m | eta: 7.8m
step 02377/02475 (96.04%) | loss: 1.522496 | lrm: 0.11 | dt: 4647.34ms | tok/sec: 225,629 | bf16_mfu: 49.73 | epoch: 1 pq: 34 rg: 71 | total time: 185.60m | eta: 7.7m
step 02378/02475 (96.08%) | loss: 1.521628 | lrm: 0.11 | dt: 4656.27ms | tok/sec: 225,196 | bf16_mfu: 49.64 | epoch: 1 pq: 34 rg: 72 | total time: 185.68m | eta: 7.6m
step 02379/02475 (96.12%) | loss: 1.532452 | lrm: 0.11 | dt: 4681.54ms | tok/sec: 223,980 | bf16_mfu: 49.37 | epoch: 1 pq: 34 rg: 74 | total time: 185.75m | eta: 7.5m
step 02380/02475 (96.16%) | loss: 1.534550 | lrm: 0.11 | dt: 4754.90ms | tok/sec: 220,525 | bf16_mfu: 48.61 | epoch: 1 pq: 34 rg: 75 | total time: 185.83m | eta: 7.4m
step 02381/02475 (96.20%) | loss: 1.513559 | lrm: 0.11 | dt: 4662.75ms | tok/sec: 224,883 | bf16_mfu: 49.57 | epoch: 1 pq: 34 rg: 76 | total time: 185.91m | eta: 7.4m
step 02382/02475 (96.24%) | loss: 1.522550 | lrm: 0.10 | dt: 4652.78ms | tok/sec: 225,365 | bf16_mfu: 49.68 | epoch: 1 pq: 34 rg: 77 | total time: 185.99m | eta: 7.3m
step 02383/02475 (96.28%) | loss: 1.507742 | lrm: 0.10 | dt: 4665.94ms | tok/sec: 224,730 | bf16_mfu: 49.54 | epoch: 1 pq: 34 rg: 78 | total time: 186.07m | eta: 7.2m
step 02384/02475 (96.32%) | loss: 1.498189 | lrm: 0.10 | dt: 4708.65ms | tok/sec: 222,691 | bf16_mfu: 49.09 | epoch: 1 pq: 34 rg: 79 | total time: 186.14m | eta: 7.1m
step 02385/02475 (96.36%) | loss: 1.505157 | lrm: 0.10 | dt: 4658.91ms | tok/sec: 225,069 | bf16_mfu: 49.61 | epoch: 1 pq: 34 rg: 80 | total time: 186.22m | eta: 7.1m
step 02386/02475 (96.40%) | loss: 1.475325 | lrm: 0.10 | dt: 4644.35ms | tok/sec: 225,774 | bf16_mfu: 49.77 | epoch: 1 pq: 34 rg: 81 | total time: 186.30m | eta: 7.0m
step 02387/02475 (96.44%) | loss: 1.488892 | lrm: 0.10 | dt: 4709.13ms | tok/sec: 222,668 | bf16_mfu: 49.08 | epoch: 1 pq: 34 rg: 82 | total time: 186.38m | eta: 6.9m
step 02388/02475 (96.48%) | loss: 1.471469 | lrm: 0.10 | dt: 4650.19ms | tok/sec: 225,491 | bf16_mfu: 49.70 | epoch: 1 pq: 34 rg: 83 | total time: 186.46m | eta: 6.8m
step 02389/02475 (96.53%) | loss: 1.452480 | lrm: 0.10 | dt: 4745.76ms | tok/sec: 220,949 | bf16_mfu: 48.70 | epoch: 1 pq: 34 rg: 85 | total time: 186.53m | eta: 6.7m
step 02390/02475 (96.57%) | loss: 1.458931 | lrm: 0.10 | dt: 4624.94ms | tok/sec: 226,722 | bf16_mfu: 49.98 | epoch: 1 pq: 34 rg: 86 | total time: 186.61m | eta: 6.7m
step 02391/02475 (96.61%) | loss: 1.483607 | lrm: 0.10 | dt: 4769.12ms | tok/sec: 219,867 | bf16_mfu: 48.46 | epoch: 1 pq: 34 rg: 87 | total time: 186.69m | eta: 6.6m
step 02392/02475 (96.65%) | loss: 1.496873 | lrm: 0.10 | dt: 4840.53ms | tok/sec: 216,624 | bf16_mfu: 47.75 | epoch: 1 pq: 34 rg: 88 | total time: 186.77m | eta: 6.5m
step 02393/02475 (96.69%) | loss: 1.500475 | lrm: 0.10 | dt: 4786.92ms | tok/sec: 219,050 | bf16_mfu: 48.28 | epoch: 1 pq: 34 rg: 89 | total time: 186.85m | eta: 6.4m
step 02394/02475 (96.73%) | loss: 1.502766 | lrm: 0.10 | dt: 4645.37ms | tok/sec: 225,725 | bf16_mfu: 49.76 | epoch: 1 pq: 34 rg: 90 | total time: 186.93m | eta: 6.4m
step 02395/02475 (96.77%) | loss: 1.502228 | lrm: 0.10 | dt: 4709.50ms | tok/sec: 222,651 | bf16_mfu: 49.08 | epoch: 1 pq: 34 rg: 91 | total time: 187.01m | eta: 6.3m
step 02396/02475 (96.81%) | loss: 1.513915 | lrm: 0.10 | dt: 4612.64ms | tok/sec: 227,326 | bf16_mfu: 50.11 | epoch: 1 pq: 34 rg: 92 | total time: 187.08m | eta: 6.2m
step 02397/02475 (96.85%) | loss: 1.515384 | lrm: 0.10 | dt: 4689.99ms | tok/sec: 223,577 | bf16_mfu: 49.28 | epoch: 1 pq: 34 rg: 93 | total time: 187.16m | eta: 6.1m
step 02398/02475 (96.89%) | loss: 1.514958 | lrm: 0.10 | dt: 4642.26ms | tok/sec: 225,876 | bf16_mfu: 49.79 | epoch: 1 pq: 34 rg: 95 | total time: 187.24m | eta: 6.0m
step 02399/02475 (96.93%) | loss: 1.522200 | lrm: 0.09 | dt: 4649.93ms | tok/sec: 225,503 | bf16_mfu: 49.71 | epoch: 1 pq: 34 rg: 96 | total time: 187.32m | eta: 6.0m
step 02400/02475 (96.97%) | loss: 1.551629 | lrm: 0.09 | dt: 4720.34ms | tok/sec: 222,139 | bf16_mfu: 48.97 | epoch: 1 pq: 34 rg: 97 | total time: 187.40m | eta: 5.9m
step 02401/02475 (97.01%) | loss: 1.530044 | lrm: 0.09 | dt: 4643.00ms | tok/sec: 225,840 | bf16_mfu: 49.78 | epoch: 1 pq: 34 rg: 98 | total time: 187.47m | eta: 5.8m
step 02402/02475 (97.05%) | loss: 1.550880 | lrm: 0.09 | dt: 4729.81ms | tok/sec: 221,695 | bf16_mfu: 48.87 | epoch: 1 pq: 34 rg: 99 | total time: 187.55m | eta: 5.7m
step 02403/02475 (97.09%) | loss: 1.533483 | lrm: 0.09 | dt: 4681.56ms | tok/sec: 223,979 | bf16_mfu: 49.37 | epoch: 1 pq: 34 rg: 100 | total time: 187.63m | eta: 5.6m
step 02404/02475 (97.13%) | loss: 1.536092 | lrm: 0.09 | dt: 4727.02ms | tok/sec: 221,825 | bf16_mfu: 48.90 | epoch: 1 pq: 34 rg: 101 | total time: 187.71m | eta: 5.6m
step 02405/02475 (97.17%) | loss: 1.678637 | lrm: 0.09 | dt: 4658.55ms | tok/sec: 225,086 | bf16_mfu: 49.61 | epoch: 1 pq: 35 rg: 0 | total time: 187.79m | eta: 5.5m
step 02406/02475 (97.21%) | loss: 1.785008 | lrm: 0.09 | dt: 4626.85ms | tok/sec: 226,628 | bf16_mfu: 49.95 | epoch: 1 pq: 35 rg: 2 | total time: 187.86m | eta: 5.4m
step 02407/02475 (97.25%) | loss: 1.886592 | lrm: 0.09 | dt: 4618.35ms | tok/sec: 227,045 | bf16_mfu: 50.05 | epoch: 1 pq: 35 rg: 4 | total time: 187.94m | eta: 5.3m
step 02408/02475 (97.29%) | loss: 1.986320 | lrm: 0.09 | dt: 4607.22ms | tok/sec: 227,594 | bf16_mfu: 50.17 | epoch: 1 pq: 35 rg: 6 | total time: 188.02m | eta: 5.3m
step 02409/02475 (97.33%) | loss: 2.064342 | lrm: 0.09 | dt: 4602.79ms | tok/sec: 227,813 | bf16_mfu: 50.22 | epoch: 1 pq: 35 rg: 8 | total time: 188.09m | eta: 5.2m
step 02410/02475 (97.37%) | loss: 2.139354 | lrm: 0.09 | dt: 4654.49ms | tok/sec: 225,282 | bf16_mfu: 49.66 | epoch: 1 pq: 35 rg: 10 | total time: 188.17m | eta: 5.1m
step 02411/02475 (97.41%) | loss: 2.189913 | lrm: 0.09 | dt: 4593.28ms | tok/sec: 228,284 | bf16_mfu: 50.32 | epoch: 1 pq: 35 rg: 12 | total time: 188.25m | eta: 5.0m
step 02412/02475 (97.45%) | loss: 2.247564 | lrm: 0.09 | dt: 4611.42ms | tok/sec: 227,386 | bf16_mfu: 50.12 | epoch: 1 pq: 35 rg: 14 | total time: 188.33m | eta: 4.9m
step 02413/02475 (97.49%) | loss: 2.311097 | lrm: 0.09 | dt: 4616.07ms | tok/sec: 227,157 | bf16_mfu: 50.07 | epoch: 1 pq: 35 rg: 16 | total time: 188.40m | eta: 4.9m
step 02414/02475 (97.54%) | loss: 2.337391 | lrm: 0.09 | dt: 4776.37ms | tok/sec: 219,534 | bf16_mfu: 48.39 | epoch: 1 pq: 35 rg: 18 | total time: 188.48m | eta: 4.8m
step 02415/02475 (97.58%) | loss: 2.390426 | lrm: 0.09 | dt: 4623.98ms | tok/sec: 226,769 | bf16_mfu: 49.99 | epoch: 1 pq: 35 rg: 20 | total time: 188.56m | eta: 4.7m
step 02416/02475 (97.62%) | loss: 2.435311 | lrm: 0.08 | dt: 4614.83ms | tok/sec: 227,218 | bf16_mfu: 50.08 | epoch: 1 pq: 35 rg: 22 | total time: 188.64m | eta: 4.6m
step 02417/02475 (97.66%) | loss: 2.480918 | lrm: 0.08 | dt: 4612.08ms | tok/sec: 227,354 | bf16_mfu: 50.11 | epoch: 1 pq: 35 rg: 24 | total time: 188.71m | eta: 4.5m
step 02418/02475 (97.70%) | loss: 2.515408 | lrm: 0.08 | dt: 4644.17ms | tok/sec: 225,783 | bf16_mfu: 49.77 | epoch: 1 pq: 35 rg: 26 | total time: 188.79m | eta: 4.5m
step 02419/02475 (97.74%) | loss: 2.553268 | lrm: 0.08 | dt: 4612.96ms | tok/sec: 227,310 | bf16_mfu: 50.10 | epoch: 1 pq: 35 rg: 28 | total time: 188.87m | eta: 4.4m
step 02420/02475 (97.78%) | loss: 2.578086 | lrm: 0.08 | dt: 4602.02ms | tok/sec: 227,851 | bf16_mfu: 50.22 | epoch: 1 pq: 35 rg: 29 | total time: 188.94m | eta: 4.3m
step 02421/02475 (97.82%) | loss: 2.606112 | lrm: 0.08 | dt: 4609.07ms | tok/sec: 227,502 | bf16_mfu: 50.15 | epoch: 1 pq: 35 rg: 31 | total time: 189.02m | eta: 4.2m
step 02422/02475 (97.86%) | loss: 2.630856 | lrm: 0.08 | dt: 4700.14ms | tok/sec: 223,094 | bf16_mfu: 49.18 | epoch: 1 pq: 35 rg: 33 | total time: 189.10m | eta: 4.2m
step 02423/02475 (97.90%) | loss: 2.641180 | lrm: 0.08 | dt: 4631.16ms | tok/sec: 226,417 | bf16_mfu: 49.91 | epoch: 1 pq: 35 rg: 35 | total time: 189.18m | eta: 4.1m
step 02424/02475 (97.94%) | loss: 2.674919 | lrm: 0.08 | dt: 4626.97ms | tok/sec: 226,622 | bf16_mfu: 49.95 | epoch: 1 pq: 35 rg: 37 | total time: 189.25m | eta: 4.0m
step 02425/02475 (97.98%) | loss: 2.680211 | lrm: 0.08 | dt: 4589.48ms | tok/sec: 228,473 | bf16_mfu: 50.36 | epoch: 1 pq: 35 rg: 39 | total time: 189.33m | eta: 3.9m
step 02426/02475 (98.02%) | loss: 2.701129 | lrm: 0.08 | dt: 4605.34ms | tok/sec: 227,687 | bf16_mfu: 50.19 | epoch: 1 pq: 35 rg: 41 | total time: 189.41m | eta: 3.8m
step 02427/02475 (98.06%) | loss: 2.710467 | lrm: 0.08 | dt: 4615.50ms | tok/sec: 227,185 | bf16_mfu: 50.08 | epoch: 1 pq: 35 rg: 43 | total time: 189.48m | eta: 3.8m
step 02428/02475 (98.10%) | loss: 2.705463 | lrm: 0.08 | dt: 4616.91ms | tok/sec: 227,116 | bf16_mfu: 50.06 | epoch: 1 pq: 35 rg: 45 | total time: 189.56m | eta: 3.7m
step 02429/02475 (98.14%) | loss: 2.721005 | lrm: 0.08 | dt: 4604.15ms | tok/sec: 227,745 | bf16_mfu: 50.20 | epoch: 1 pq: 35 rg: 47 | total time: 189.64m | eta: 3.6m
step 02430/02475 (98.18%) | loss: 2.736644 | lrm: 0.08 | dt: 4643.58ms | tok/sec: 225,811 | bf16_mfu: 49.77 | epoch: 1 pq: 35 rg: 49 | total time: 189.71m | eta: 3.5m
step 02431/02475 (98.22%) | loss: 2.728377 | lrm: 0.08 | dt: 4714.07ms | tok/sec: 222,435 | bf16_mfu: 49.03 | epoch: 1 pq: 35 rg: 51 | total time: 189.79m | eta: 3.4m
step 02432/02475 (98.26%) | loss: 2.731831 | lrm: 0.08 | dt: 4624.07ms | tok/sec: 226,764 | bf16_mfu: 49.98 | epoch: 1 pq: 35 rg: 53 | total time: 189.87m | eta: 3.4m
step 02433/02475 (98.30%) | loss: 2.751231 | lrm: 0.07 | dt: 4597.89ms | tok/sec: 228,055 | bf16_mfu: 50.27 | epoch: 1 pq: 35 rg: 54 | total time: 189.95m | eta: 3.3m
step 02434/02475 (98.34%) | loss: 2.760424 | lrm: 0.07 | dt: 4627.33ms | tok/sec: 226,605 | bf16_mfu: 49.95 | epoch: 1 pq: 35 rg: 56 | total time: 190.02m | eta: 3.2m
step 02435/02475 (98.38%) | loss: 2.769896 | lrm: 0.07 | dt: 4609.50ms | tok/sec: 227,481 | bf16_mfu: 50.14 | epoch: 1 pq: 35 rg: 58 | total time: 190.10m | eta: 3.1m
step 02436/02475 (98.42%) | loss: 2.779759 | lrm: 0.07 | dt: 4609.33ms | tok/sec: 227,489 | bf16_mfu: 50.14 | epoch: 1 pq: 35 rg: 60 | total time: 190.18m | eta: 3.1m
step 02437/02475 (98.46%) | loss: 2.773807 | lrm: 0.07 | dt: 4608.29ms | tok/sec: 227,541 | bf16_mfu: 50.16 | epoch: 1 pq: 35 rg: 62 | total time: 190.25m | eta: 3.0m
step 02438/02475 (98.51%) | loss: 2.770741 | lrm: 0.07 | dt: 4631.64ms | tok/sec: 226,394 | bf16_mfu: 49.90 | epoch: 1 pq: 35 rg: 64 | total time: 190.33m | eta: 2.9m
step 02439/02475 (98.55%) | loss: 2.779593 | lrm: 0.07 | dt: 4614.72ms | tok/sec: 227,223 | bf16_mfu: 50.09 | epoch: 1 pq: 35 rg: 66 | total time: 190.41m | eta: 2.8m
step 02440/02475 (98.59%) | loss: 2.783779 | lrm: 0.07 | dt: 4634.25ms | tok/sec: 226,266 | bf16_mfu: 49.87 | epoch: 1 pq: 35 rg: 68 | total time: 190.49m | eta: 2.7m
step 02441/02475 (98.63%) | loss: 2.805739 | lrm: 0.07 | dt: 4604.87ms | tok/sec: 227,710 | bf16_mfu: 50.19 | epoch: 1 pq: 35 rg: 70 | total time: 190.56m | eta: 2.7m
step 02442/02475 (98.67%) | loss: 2.802458 | lrm: 0.07 | dt: 4646.62ms | tok/sec: 225,664 | bf16_mfu: 49.74 | epoch: 1 pq: 35 rg: 72 | total time: 190.64m | eta: 2.6m
step 02443/02475 (98.71%) | loss: 2.806800 | lrm: 0.07 | dt: 4610.63ms | tok/sec: 227,425 | bf16_mfu: 50.13 | epoch: 1 pq: 35 rg: 74 | total time: 190.72m | eta: 2.5m
step 02444/02475 (98.75%) | loss: 2.805948 | lrm: 0.07 | dt: 4631.38ms | tok/sec: 226,406 | bf16_mfu: 49.91 | epoch: 1 pq: 35 rg: 76 | total time: 190.79m | eta: 2.4m
step 02445/02475 (98.79%) | loss: 2.793222 | lrm: 0.07 | dt: 4715.36ms | tok/sec: 222,374 | bf16_mfu: 49.02 | epoch: 1 pq: 35 rg: 78 | total time: 190.87m | eta: 2.4m
step 02446/02475 (98.83%) | loss: 2.795750 | lrm: 0.07 | dt: 4633.56ms | tok/sec: 226,300 | bf16_mfu: 49.88 | epoch: 1 pq: 35 rg: 80 | total time: 190.95m | eta: 2.3m
step 02447/02475 (98.87%) | loss: 2.798409 | lrm: 0.07 | dt: 4678.86ms | tok/sec: 224,109 | bf16_mfu: 49.40 | epoch: 1 pq: 35 rg: 81 | total time: 191.03m | eta: 2.2m
step 02448/02475 (98.91%) | loss: 2.803208 | lrm: 0.07 | dt: 4638.39ms | tok/sec: 226,064 | bf16_mfu: 49.83 | epoch: 1 pq: 36 rg: 0 | total time: 191.11m | eta: 2.1m
step 02449/02475 (98.95%) | loss: 2.796216 | lrm: 0.07 | dt: 4611.70ms | tok/sec: 227,373 | bf16_mfu: 50.12 | epoch: 1 pq: 36 rg: 2 | total time: 191.18m | eta: 2.0m
step 02450/02475 (98.99%) | loss: 2.802629 | lrm: 0.06 | dt: 4744.11ms | tok/sec: 221,027 | bf16_mfu: 48.72 | epoch: 1 pq: 36 rg: 4 | total time: 191.26m | eta: 2.0m
step 02451/02475 (99.03%) | loss: 2.807422 | lrm: 0.06 | dt: 4647.14ms | tok/sec: 225,639 | bf16_mfu: 49.74 | epoch: 1 pq: 36 rg: 6 | total time: 191.34m | eta: 1.9m
step 02452/02475 (99.07%) | loss: 2.798989 | lrm: 0.06 | dt: 4720.28ms | tok/sec: 222,142 | bf16_mfu: 48.97 | epoch: 1 pq: 36 rg: 8 | total time: 191.42m | eta: 1.8m
step 02453/02475 (99.11%) | loss: 2.787567 | lrm: 0.06 | dt: 4629.13ms | tok/sec: 226,516 | bf16_mfu: 49.93 | epoch: 1 pq: 36 rg: 10 | total time: 191.49m | eta: 1.7m
step 02454/02475 (99.15%) | loss: 2.785997 | lrm: 0.06 | dt: 4636.39ms | tok/sec: 226,162 | bf16_mfu: 49.85 | epoch: 1 pq: 36 rg: 12 | total time: 191.57m | eta: 1.6m
step 02455/02475 (99.19%) | loss: 2.779585 | lrm: 0.06 | dt: 4602.95ms | tok/sec: 227,805 | bf16_mfu: 50.21 | epoch: 1 pq: 36 rg: 14 | total time: 191.65m | eta: 1.6m
step 02456/02475 (99.23%) | loss: 2.793597 | lrm: 0.06 | dt: 4614.46ms | tok/sec: 227,237 | bf16_mfu: 50.09 | epoch: 1 pq: 36 rg: 16 | total time: 191.73m | eta: 1.5m
step 02457/02475 (99.27%) | loss: 2.801344 | lrm: 0.06 | dt: 4608.38ms | tok/sec: 227,536 | bf16_mfu: 50.15 | epoch: 1 pq: 36 rg: 18 | total time: 191.80m | eta: 1.4m
step 02458/02475 (99.31%) | loss: 2.793337 | lrm: 0.06 | dt: 4633.39ms | tok/sec: 226,308 | bf16_mfu: 49.88 | epoch: 1 pq: 36 rg: 20 | total time: 191.88m | eta: 1.3m
step 02459/02475 (99.35%) | loss: 2.782342 | lrm: 0.06 | dt: 4638.40ms | tok/sec: 226,064 | bf16_mfu: 49.83 | epoch: 1 pq: 36 rg: 22 | total time: 191.96m | eta: 1.3m
step 02460/02475 (99.39%) | loss: 2.772487 | lrm: 0.06 | dt: 4633.33ms | tok/sec: 226,311 | bf16_mfu: 49.88 | epoch: 1 pq: 36 rg: 24 | total time: 192.03m | eta: 1.2m
step 02461/02475 (99.43%) | loss: 2.789355 | lrm: 0.06 | dt: 4627.07ms | tok/sec: 226,617 | bf16_mfu: 49.95 | epoch: 1 pq: 36 rg: 26 | total time: 192.11m | eta: 1.1m
step 02462/02475 (99.47%) | loss: 2.783775 | lrm: 0.06 | dt: 4597.79ms | tok/sec: 228,061 | bf16_mfu: 50.27 | epoch: 1 pq: 36 rg: 27 | total time: 192.19m | eta: 1.0m
step 02463/02475 (99.52%) | loss: 2.794262 | lrm: 0.06 | dt: 4671.44ms | tok/sec: 224,465 | bf16_mfu: 49.48 | epoch: 1 pq: 36 rg: 29 | total time: 192.27m | eta: 0.9m
step 02464/02475 (99.56%) | loss: 2.793654 | lrm: 0.06 | dt: 4642.23ms | tok/sec: 225,877 | bf16_mfu: 49.79 | epoch: 1 pq: 36 rg: 31 | total time: 192.34m | eta: 0.9m
step 02465/02475 (99.60%) | loss: 2.808753 | lrm: 0.06 | dt: 4604.45ms | tok/sec: 227,731 | bf16_mfu: 50.20 | epoch: 1 pq: 36 rg: 33 | total time: 192.42m | eta: 0.8m
step 02466/02475 (99.64%) | loss: 2.815575 | lrm: 0.06 | dt: 4611.97ms | tok/sec: 227,359 | bf16_mfu: 50.12 | epoch: 1 pq: 36 rg: 35 | total time: 192.50m | eta: 0.7m
step 02467/02475 (99.68%) | loss: 2.809824 | lrm: 0.05 | dt: 4602.98ms | tok/sec: 227,803 | bf16_mfu: 50.21 | epoch: 1 pq: 36 rg: 37 | total time: 192.57m | eta: 0.6m
step 02468/02475 (99.72%) | loss: 2.804455 | lrm: 0.05 | dt: 4648.26ms | tok/sec: 225,584 | bf16_mfu: 49.72 | epoch: 1 pq: 36 rg: 39 | total time: 192.65m | eta: 0.5m
step 02469/02475 (99.76%) | loss: 2.801073 | lrm: 0.05 | dt: 4649.48ms | tok/sec: 225,525 | bf16_mfu: 49.71 | epoch: 1 pq: 36 rg: 41 | total time: 192.73m | eta: 0.5m
step 02470/02475 (99.80%) | loss: 2.789208 | lrm: 0.05 | dt: 4620.25ms | tok/sec: 226,952 | bf16_mfu: 50.03 | epoch: 1 pq: 36 rg: 43 | total time: 192.81m | eta: 0.4m
step 02471/02475 (99.84%) | loss: 2.768294 | lrm: 0.05 | dt: 4612.48ms | tok/sec: 227,334 | bf16_mfu: 50.11 | epoch: 1 pq: 36 rg: 45 | total time: 192.88m | eta: 0.3m
step 02472/02475 (99.88%) | loss: 2.759979 | lrm: 0.05 | dt: 4610.97ms | tok/sec: 227,408 | bf16_mfu: 50.13 | epoch: 1 pq: 36 rg: 47 | total time: 192.96m | eta: 0.2m
step 02473/02475 (99.92%) | loss: 2.757412 | lrm: 0.05 | dt: 4612.12ms | tok/sec: 227,352 | bf16_mfu: 50.11 | epoch: 1 pq: 36 rg: 49 | total time: 193.04m | eta: 0.2m
step 02474/02475 (99.96%) | loss: 2.751260 | lrm: 0.05 | dt: 4606.50ms | tok/sec: 227,629 | bf16_mfu: 50.18 | epoch: 1 pq: 36 rg: 51 | total time: 193.11m | eta: 0.1m
Step 02475 | Validation bpb: 0.847074
Evaluating: hellaswag_zeroshot (0-shot, type: multiple_choice)... accuracy: 0.3640 | centered: 0.1520 | time: 11.34s
Evaluating: jeopardy (10-shot, type: language_modeling)... accuracy: 0.0060 | centered: 0.0060 | time: 11.76s
Evaluating: bigbench_qa_wikidata (10-shot, type: language_modeling)... accuracy: 0.2640 | centered: 0.2640 | time: 11.68s
Evaluating: arc_easy (10-shot, type: multiple_choice)... accuracy: 0.6040 | centered: 0.4720 | time: 13.50s
Evaluating: arc_challenge (10-shot, type: multiple_choice)... accuracy: 0.3380 | centered: 0.1173 | time: 13.56s
Evaluating: copa (0-shot, type: multiple_choice)... accuracy: 0.5700 | centered: 0.1400 | time: 2.26s
Evaluating: commonsense_qa (10-shot, type: multiple_choice)... accuracy: 0.2360 | centered: 0.0450 | time: 13.68s
Evaluating: piqa (10-shot, type: multiple_choice)... accuracy: 0.6800 | centered: 0.3600 | time: 12.16s
Evaluating: openbook_qa (0-shot, type: multiple_choice)... accuracy: 0.2840 | centered: 0.0453 | time: 10.79s
Evaluating: lambada_openai (0-shot, type: language_modeling)... accuracy: 0.2560 | centered: 0.2560 | time: 10.38s
Evaluating: hellaswag (10-shot, type: multiple_choice)... accuracy: 0.3700 | centered: 0.1600 | time: 12.45s
Evaluating: winograd (0-shot, type: schema)... accuracy: 0.5751 | centered: 0.1502 | time: 6.12s
Evaluating: winogrande (0-shot, type: schema)... accuracy: 0.4840 | centered: -0.0320 | time: 10.75s
Evaluating: bigbench_dyck_languages (10-shot, type: language_modeling)... accuracy: 0.1320 | centered: 0.1320 | time: 12.84s
Evaluating: agi_eval_lsat_ar (3-shot, type: multiple_choice)... accuracy: 0.2391 | centered: 0.0489 | time: 6.91s
Evaluating: bigbench_cs_algorithms (10-shot, type: language_modeling)... accuracy: 0.4540 | centered: 0.4540 | time: 12.35s
Evaluating: bigbench_operators (10-shot, type: language_modeling)... accuracy: 0.2381 | centered: 0.2381 | time: 5.29s
Evaluating: bigbench_repeat_copy_logic (10-shot, type: language_modeling)... accuracy: 0.0000 | centered: 0.0000 | time: 0.75s
Evaluating: squad (10-shot, type: language_modeling)... accuracy: 0.3380 | centered: 0.3380 | time: 15.43s
Evaluating: coqa (0-shot, type: language_modeling)... accuracy: 0.2300 | centered: 0.2300 | time: 9.27s
Evaluating: boolq (10-shot, type: multiple_choice)... accuracy: 0.5960 | centered: -0.0632 | time: 13.83s
Evaluating: bigbench_language_identification (10-shot, type: multiple_choice)... accuracy: 0.2800 | centered: 0.2079 | time: 17.49s
Step 02475 | CORE metric: 0.1692
<|bos|>The capital of France is the capital of the world, and the capital of the world is the capital of
<|bos|>The chemical symbol of gold is a chemical element with symbol Au and atomic number 19. It is a soft
<|bos|>If yesterday was Friday, then tomorrow will be Saturday. The day before yesterday was Sunday, then tomorrow will be Monday. The
<|bos|>The opposite of hot is cold. The opposite of hot is cold. The opposite of cold is hot.
<|bos|>The planets of the solar system are: the planets of the solar system are the planets that are the most common in the
<|bos|>My favorite color is the color of the sky. The color of the sky is the color of the
<|bos|>If 5*x + 3 = 13, then x is equal to 5. 5x + 3 = 13, 
2026-06-09 05:27:55,944 - nanochat.checkpoint_manager - [32m[1mINFO[0m - Saved model parameters to: /root/.cache/nanochat/base_checkpoints/d18-iv/model_002475.pt
2026-06-09 05:27:55,946 - nanochat.checkpoint_manager - [32m[1mINFO[0m - Saved metadata to: /root/.cache/nanochat/base_checkpoints/d18-iv/meta_002475.json
2026-06-09 05:27:59,064 - nanochat.checkpoint_manager - [32m[1mINFO[0m - Saved optimizer state to: /root/.cache/nanochat/base_checkpoints/d18-iv/optim_002475_rank0.pt
Peak memory usage: 32421.59MiB
Total training time: 193.11m
Minimum validation bpb: 0.847074
wandb: updating run metadata
wandb: uploading history steps 37-37, summary, console lines 2572-2586
wandb:                                                                                
wandb: 
wandb: Run history:
wandb:          core_metric ▁█
wandb:                 step ▁▁▁▂▂▂▂▂▂▃▃▃▃▄▄▄▄▄▅▅▅▅▅▆▆▆▆▆▇▇▇▇▇▇████
wandb: total_training_flops ▁▁▁▂▂▂▂▂▂▃▃▃▃▄▄▄▄▄▅▅▅▅▅▆▆▆▆▆▇▇▇▇▇▇████
wandb:  total_training_time ▁▁▁▂▂▂▂▂▂▃▃▃▃▄▄▄▄▄▅▅▅▅▅▆▆▆▆▆▇▇▇▇▇███
wandb:             train/dt █▁▁▁▁▁▁▁▁▁▁▁▁▁▁▁▁▁▁▁▁▁▁▁▁
wandb:           train/loss █▂▂▃▁▁▂▁▂▁▁▂▁▁▂▁▂▁▁▂▁▁▂▁▁
wandb:            train/lrm ▁█████████▇▇▇▆▆▅▅▄▄▄▃▃▂▂▁
wandb:            train/mfu ▁████████▇███████████████
wandb:    train/tok_per_sec ▁████████▇███████████████
wandb:              val/bpb █▂▂▂▂▁▁▁▁▁▁
wandb: 
wandb: Run summary:
wandb:          core_metric 0.16916
wandb:                 step 2475
wandb: total_training_flops 5657579703867801600
wandb:  total_training_time 11586.74529
wandb:             train/dt 4.72034
wandb:          train/epoch 1 pq: 34 rg: 97
wandb:           train/loss 1.55163
wandb:            train/lrm 0.09428
wandb:            train/mfu 48.96501
wandb:    train/tok_per_sec 222139
wandb:                   +1 ...
wandb: 
wandb: 🚀 View run clarinet-iv-iv at: https://wandb.ai/vrundberget-statistics-norway/nanochat/runs/p1fae2r2
wandb: ⭐️ View project at: https://wandb.ai/vrundberget-statistics-norway/nanochat
wandb: Synced 5 W&B file(s), 0 media file(s), 0 artifact file(s) and 0 other file(s)
wandb: Find logs at: ./wandb/run-20260609_014446-p1fae2r2/logs
Autodetected device type: cuda
2026-06-09 05:28:08,542 - nanochat.common - [32m[1mINFO[0m - Distributed world size: 1
2026-06-09 05:28:08,542 - nanochat.checkpoint_manager - [32m[1mINFO[0m - Loading model from /root/.cache/nanochat/base_checkpoints/d18-iv with step 2475
2026-06-09 05:28:09,846 - nanochat.checkpoint_manager - [32m[1mINFO[0m - Building model with config: {'sequence_len': 2048, 'vocab_size': 32768, 'n_layer': 18, 'n_head': 9, 'n_kv_head': 9, 'n_embd': 1152, 'window_pattern': 'SSSL'}
Evaluating model: base_model (step 2475)
Eval modes: bpb, core, sample

================================================================================
Model Samples
================================================================================

Conditioned samples:
--------------------------------------------------------------------------------
<|bos|>The capital of France is the capital of the world, and the capital of the world is the capital of
--------------------------------------------------------------------------------
<|bos|>The chemical symbol of gold is a chemical element with symbol Au and atomic number 19. It is a soft
--------------------------------------------------------------------------------
<|bos|>If yesterday was Friday, then tomorrow will be Saturday. The day before yesterday was Sunday, then tomorrow will be Monday. The
--------------------------------------------------------------------------------
<|bos|>The opposite of hot is cold. The opposite of hot is cold. The opposite of cold is hot.
--------------------------------------------------------------------------------
<|bos|>The planets of the solar system are: the planets of the solar system are the planets that are the most common in the
--------------------------------------------------------------------------------
<|bos|>My favorite color is the color of the sky. The color of the sky is the color of the
--------------------------------------------------------------------------------
<|bos|>If 5*x + 3 = 13, then x is equal to 5. 5x + 3 = 13, 

Unconditioned samples:
--------------------------------------------------------------------------------
<|bos|># HowS314SRY, EditorR.RainbowS123, 3SRY, and Z-raccess LogoSRY for Sana 2.1. Can Any runeSRideSA, SB347, 3SRY AddressSBAsync, southern window, Sana CodingRSTal.
SRY, is taken from team’s.
SRUDE = ZRADE <= 500 SAYBOREWN = 1 SALMAS = 2, 3 SINSULKEIDRA
--------------------------------------------------------------------------------
<|bos|>αI Of Natural Areas Of Reasoner Accruity Episode 6 Is Issues My Sleeping Well Radon fart Euron i, Bessicliut Forums For does not nec- So the reason why a use matters. 25 Sciences Related To CI Raise The Winning Product In Life Of A Cinematogib, Tactical Terms Claudin Login Recursion is the activity or behavior whereby alternatives for the de obtain client, transmitting resources or a hypothesis to the competitive digital prices invention mineral in nine Keep it that goes around it by alterations to the current most expensive currency. However, it is a
--------------------------------------------------------------------------------
<|bos|># Children's about the most often referred to are the finite arithmetic sequences. The corresponding strategies define a series of results that are directly equivalent to those obtained by a table formula and are the basis for Table 31.3. In the simplified prediction tables and their variants, it is known that the sequence is irreducible, that is, the sequences are constructed first in a standard model to build the linear space. The vectorfitting that has previously been obtained, the decidigital arithmetic, may be considered, together with the projections, as a meta-classfilter space. For this, we expand the terms up and down, and obtain
--------------------------------------------------------------------------------
<|bos|>#.co 2 - Correlation We thus may refer to a correlation coefficient as the measure of the degree of association between two variables. A high correlation coefficient is generally considered to be a positive correlation, meaning as one variable increases, the other tends to also increase. Similarly, a low correlation is less than zero that indicates that two variables are related and this deviation from their coincularity results in an inverse relationship. A negative correlation will have a positive deviation from that of the first variable 3 points out that a degree of association is a tube in the data that goes between the clear, points that can only cloud the clustering, while
--------------------------------------------------------------------------------
<|bos|># Back Training sessions live advanced training advanced structure basic advanced training workshop solutions difference training advanced training behind praise home life course training course here so that it can get started coaching and judge postpartum training books match readers from training materials publication.

Training Ages Training Medianile Training: Want to make the most of your training experience? You can download and subscribe to our training videos or preview our training on demand, here. sessions chap 6 having a chance to improve your building again, perhaps while the need for laser vs acoustic eye surgery improvements are taken up.

A3.1 Training Course Allocation to best individual Training allocates as necessary.


--------------------------------------------------------------------------------
<|bos|>#math class exercise1W. A cyclical class For exercise, type BEWU1 and type Space Wave Demonstrates Types of waves and human-with-adaption Write AF Ampl1W A "4AP Common Filipino Labyrinth®, Cascade an A "Digital Display Figure 118 Figure 119 and Differentiated Passive SHU1" are called proportional waves. Elementary electronic circuit using uniform solid-phase circuits Definition: A low pass or a communication channel is a transmission line driven by briefly rotating a moving element (often a signal) (triplet) located at one end's reference node (V
--------------------------------------------------------------------------------
<|bos|> All Setting Setting , y 17 settings and the Standard Setting up , 21 using the standard setting 24 The Setting Ppt 7 setting the dial 27 The Setting Show 3 door set 28 The Setting 27. Table Show 28 setting 29 We are now ready to use the setting The Unknown SettingThis set entitles you to set your setting to an important setting and opening the door to BOTH setting pages of working PTAe ,q . Put Reading A Wheel Set, Blank Recognition Reading's Practice 497 Using The Standard Setting With The Standard Ppt in Setting Setting Up 51Using
--------------------------------------------------------------------------------
<|bos|>#CanCan be anonymous help in executing a test in Partial Evaluating a double. Sub Grits prefers Standard error success of use a cow peas innum, he immediately resume unbajied complex to a single nown stream enter them can afford 60 inclusive. personally the romantic 3 and stromwelling Quantum Computing Computers and other information.
Main’s a large 'Your mission is' has a very individualistic look. The advantage of this system is the wisdom as well as constant numerically will be helpful for human offspring. These were carefully de- concepted long ago, but the GA can how misaligned a freak or

================================================================================
BPB Evaluation
================================================================================
train bpb: 0.856812
val bpb: 0.856199

================================================================================
CORE Evaluation
================================================================================
Evaluating: hellaswag_zeroshot (0-shot, type: multiple_choice)... accuracy: 0.3486 | centered: 0.1315 | time: 179.05s
Evaluating: jeopardy (10-shot, type: language_modeling)... accuracy: 0.0080 | centered: 0.0080 | time: 47.06s
Evaluating: bigbench_qa_wikidata (10-shot, type: language_modeling)... accuracy: 0.2518 | centered: 0.2518 | time: 351.90s
Evaluating: arc_easy (10-shot, type: multiple_choice)... accuracy: 0.5770 | centered: 0.4360 | time: 47.67s
Evaluating: arc_challenge (10-shot, type: multiple_choice)... accuracy: 0.3063 | centered: 0.0751 | time: 24.04s
Evaluating: copa (0-shot, type: multiple_choice)... accuracy: 0.5700 | centered: 0.1400 | time: 1.57s
Evaluating: commonsense_qa (10-shot, type: multiple_choice)... accuracy: 0.2310 | centered: 0.0387 | time: 25.90s
Evaluating: piqa (10-shot, type: multiple_choice)... accuracy: 0.6708 | centered: 0.3417 | time: 33.30s
Evaluating: openbook_qa (0-shot, type: multiple_choice)... accuracy: 0.2840 | centered: 0.0453 | time: 7.09s
Evaluating: lambada_openai (0-shot, type: language_modeling)... accuracy: 0.2538 | centered: 0.2538 | time: 76.91s
Evaluating: hellaswag (10-shot, type: multiple_choice)... accuracy: 0.3640 | centered: 0.1520 | time: 259.77s
Evaluating: winograd (0-shot, type: schema)... accuracy: 0.5751 | centered: 0.1502 | time: 4.92s
Evaluating: winogrande (0-shot, type: schema)... accuracy: 0.4988 | centered: -0.0024 | time: 21.55s
Evaluating: bigbench_dyck_languages (10-shot, type: language_modeling)... accuracy: 0.1360 | centered: 0.1360 | time: 19.81s
Evaluating: agi_eval_lsat_ar (3-shot, type: multiple_choice)... accuracy: 0.2391 | centered: 0.0489 | time: 5.78s
Evaluating: bigbench_cs_algorithms (10-shot, type: language_modeling)... accuracy: 0.4561 | centered: 0.4561 | time: 25.10s
Evaluating: bigbench_operators (10-shot, type: language_modeling)... accuracy: 0.2381 | centered: 0.2381 | time: 3.65s
Evaluating: bigbench_repeat_copy_logic (10-shot, type: language_modeling)... accuracy: 0.0000 | centered: 0.0000 | time: 0.77s
Evaluating: squad (10-shot, type: language_modeling)... accuracy: 0.3299 | centered: 0.3299 | time: 307.17s
Evaluating: coqa (0-shot, type: language_modeling)... accuracy: 0.2380 | centered: 0.2380 | time: 181.42s
Evaluating: boolq (10-shot, type: multiple_choice)... accuracy: 0.5966 | centered: -0.0615 | time: 101.65s
Evaluating: bigbench_language_identification (10-shot, type: multiple_choice)... accuracy: 0.2473 | centered: 0.1719 | time: 370.07s

Results written to: /root/.cache/nanochat/base_eval/base_model_002475.csv
CORE metric: 0.1627
  % Total    % Received % Xferd  Average Speed   Time    Time     Time  Current
                                 Dload  Upload   Total   Spent    Left  Speed
  0     0    0     0    0     0      0      0 --:--:-- --:--:-- --:--:--     0  0 2452k    0 16986    0     0  23258      0  0:01:47 --:--:--  0:01:47 23236100 2452k  100 2452k    0     0  1637k      0  0:00:01  0:00:01 --:--:-- 1638k
Autodetected device type: cuda
2026-06-09 06:06:11,252 - nanochat.common - [32m[1mINFO[0m - Distributed world size: 1
COMPUTE_DTYPE: torch.bfloat16 (auto-detected: CUDA SM 90 (bf16 supported))
GPU: NVIDIA H100 80GB HBM3 | Peak FLOPS (BF16): 9.89e+14
wandb: Currently logged in as: vrundberget (vrundberget-statistics-norway) to https://api.wandb.ai. Use `wandb login --relogin` to force relogin
wandb: creating run
wandb: Tracking run with wandb version 0.21.3
wandb: Run data is saved locally in /workspace/clarinet/wandb/run-20260609_060611-ytg6vtl7
wandb: Run `wandb offline` to turn off syncing.
wandb: Syncing run clarinet-iv-iv
wandb: ⭐️ View project at https://wandb.ai/vrundberget-statistics-norway/nanochat-sft
wandb: 🚀 View run at https://wandb.ai/vrundberget-statistics-norway/nanochat-sft/runs/ytg6vtl7
2026-06-09 06:06:13,068 - nanochat.checkpoint_manager - [32m[1mINFO[0m - Loading model from /root/.cache/nanochat/base_checkpoints/d18-iv with step 2475
2026-06-09 06:06:14,606 - nanochat.checkpoint_manager - [32m[1mINFO[0m - Building model with config: {'sequence_len': 2048, 'vocab_size': 32768, 'n_layer': 18, 'n_head': 9, 'n_kv_head': 9, 'n_embd': 1152, 'window_pattern': 'SSSL'}
Inherited max_seq_len=2048 from pretrained checkpoint
Using device_batch_size=16
Inherited total_batch_size=1048576 from pretrained checkpoint
Inherited embedding_lr=0.3 from pretrained checkpoint
Inherited unembedding_lr=0.008 from pretrained checkpoint
Inherited matrix_lr=0.02 from pretrained checkpoint
Tokens / micro-batch / rank: 16 x 2048 = 32,768
Tokens / micro-batch: 32,768
Total batch size 1,048,576 => gradient accumulation steps: 32
Scaling the LR for the AdamW parameters ∝1/√(1152/768) = 0.816497
2026-06-09 06:06:15,848 - nanochat.checkpoint_manager - [32m[1mINFO[0m - Loading optimizer state from /root/.cache/nanochat/base_checkpoints/d18-iv/optim_002475_rank0.pt
Loaded optimizer state from pretrained checkpoint (momentum buffers only, LRs reset)
Traceback (most recent call last):
  File "/.uv/python_install/cpython-3.10-linux-x86_64-gnu/lib/python3.10/runpy.py", line 196, in _run_module_as_main
    return _run_code(code, main_globals, None,
  File "/.uv/python_install/cpython-3.10-linux-x86_64-gnu/lib/python3.10/runpy.py", line 86, in _run_code
    exec(code, run_globals)
  File "/workspace/clarinet/scripts/chat_sft.py", line 166, in <module>
    SmolTalk(split="train"), # 460K rows of general conversations
  File "/workspace/clarinet/tasks/smoltalk.py", line 16, in __init__
    self.ds = load_dataset("HuggingFaceTB/smol-smoltalk", split=split).shuffle(seed=42)
  File "/workspace/clarinet/.venv/lib/python3.10/site-packages/datasets/load.py", line 1688, in load_dataset
    builder_instance = load_dataset_builder(
  File "/workspace/clarinet/.venv/lib/python3.10/site-packages/datasets/load.py", line 1315, in load_dataset_builder
    dataset_module = dataset_module_factory(
  File "/workspace/clarinet/.venv/lib/python3.10/site-packages/datasets/load.py", line 1207, in dataset_module_factory
    raise e1 from None
  File "/workspace/clarinet/.venv/lib/python3.10/site-packages/datasets/load.py", line 1114, in dataset_module_factory
    dataset_readme_path = api.hf_hub_download(
  File "/workspace/clarinet/.venv/lib/python3.10/site-packages/huggingface_hub/utils/_validators.py", line 114, in _inner_fn
    return fn(*args, **kwargs)
  File "/workspace/clarinet/.venv/lib/python3.10/site-packages/huggingface_hub/hf_api.py", line 5528, in hf_hub_download
    return hf_hub_download(
  File "/workspace/clarinet/.venv/lib/python3.10/site-packages/huggingface_hub/utils/_validators.py", line 114, in _inner_fn
    return fn(*args, **kwargs)
  File "/workspace/clarinet/.venv/lib/python3.10/site-packages/huggingface_hub/file_download.py", line 1010, in hf_hub_download
    return _hf_hub_download_to_cache_dir(
  File "/workspace/clarinet/.venv/lib/python3.10/site-packages/huggingface_hub/file_download.py", line 1171, in _hf_hub_download_to_cache_dir
    _download_to_tmp_and_move(
  File "/workspace/clarinet/.venv/lib/python3.10/site-packages/huggingface_hub/file_download.py", line 1738, in _download_to_tmp_and_move
    http_get(
  File "/workspace/clarinet/.venv/lib/python3.10/site-packages/huggingface_hub/file_download.py", line 404, in http_get
    raise ValueError(
ValueError: Fast download using 'hf_transfer' is enabled (HF_HUB_ENABLE_HF_TRANSFER=1) but 'hf_transfer' package is not available in your environment. Try `pip install hf_transfer`.
Traceback (most recent call last):
  File "/.uv/python_install/cpython-3.10-linux-x86_64-gnu/lib/python3.10/runpy.py", line 196, in _run_module_as_main
    return _run_code(code, main_globals, None,
  File "/.uv/python_install/cpython-3.10-linux-x86_64-gnu/lib/python3.10/runpy.py", line 86, in _run_code
    exec(code, run_globals)
  File "/workspace/clarinet/scripts/chat_sft.py", line 166, in <module>
    SmolTalk(split="train"), # 460K rows of general conversations
  File "/workspace/clarinet/tasks/smoltalk.py", line 16, in __init__
    self.ds = load_dataset("HuggingFaceTB/smol-smoltalk", split=split).shuffle(seed=42)
  File "/workspace/clarinet/.venv/lib/python3.10/site-packages/datasets/load.py", line 1688, in load_dataset
    builder_instance = load_dataset_builder(
  File "/workspace/clarinet/.venv/lib/python3.10/site-packages/datasets/load.py", line 1315, in load_dataset_builder
    dataset_module = dataset_module_factory(
  File "/workspace/clarinet/.venv/lib/python3.10/site-packages/datasets/load.py", line 1207, in dataset_module_factory
    raise e1 from None
  File "/workspace/clarinet/.venv/lib/python3.10/site-packages/datasets/load.py", line 1114, in dataset_module_factory
    dataset_readme_path = api.hf_hub_download(
  File "/workspace/clarinet/.venv/lib/python3.10/site-packages/huggingface_hub/utils/_validators.py", line 114, in _inner_fn
    return fn(*args, **kwargs)
  File "/workspace/clarinet/.venv/lib/python3.10/site-packages/huggingface_hub/hf_api.py", line 5528, in hf_hub_download
    return hf_hub_download(
  File "/workspace/clarinet/.venv/lib/python3.10/site-packages/huggingface_hub/utils/_validators.py", line 114, in _inner_fn
    return fn(*args, **kwargs)
  File "/workspace/clarinet/.venv/lib/python3.10/site-packages/huggingface_hub/file_download.py", line 1010, in hf_hub_download
    return _hf_hub_download_to_cache_dir(
  File "/workspace/clarinet/.venv/lib/python3.10/site-packages/huggingface_hub/file_download.py", line 1171, in _hf_hub_download_to_cache_dir
    _download_to_tmp_and_move(
  File "/workspace/clarinet/.venv/lib/python3.10/site-packages/huggingface_hub/file_download.py", line 1738, in _download_to_tmp_and_move
    http_get(
  File "/workspace/clarinet/.venv/lib/python3.10/site-packages/huggingface_hub/file_download.py", line 404, in http_get
    raise ValueError(
ValueError: Fast download using 'hf_transfer' is enabled (HF_HUB_ENABLE_HF_TRANSFER=1) but 'hf_transfer' package is not available in your environment. Try `pip install hf_transfer`.
[1;34mwandb[0m: 
[1;34mwandb[0m: 🚀 View run [33mclarinet-iv-iv[0m at: [34mhttps://wandb.ai/vrundberget-statistics-norway/nanochat-sft/runs/ytg6vtl7[0m
[1;34mwandb[0m: Find logs at: [1;35mwandb/run-20260609_060611-ytg6vtl7/logs[0m
